# kind	key	historical-value-sha256	retained-assertion-sha256	evidence
helper	main.veln:1035:require_connection_stream_id	54225b15bccad37452864bab2993529322e13ed0e4f12f045e51c6378ddb6eec	e3fd7bcb4f295de2d9ef373d0a3f032f2c2c0452205731daea5516803cf5d24c	crates/veln-stdlib/veln/http2/core_test.veln#test peer_stream_admission_rejects_non_increasing_stream_ids_without_next_state(
helper	main.veln:1036:require_connection_stream_id	f43048ee827def15876142c4241778154bf582f31b5f3b49867b8d9f644ec328	e3fd7bcb4f295de2d9ef373d0a3f032f2c2c0452205731daea5516803cf5d24c	crates/veln-stdlib/veln/http2/core_test.veln#test peer_stream_admission_rejects_non_increasing_stream_ids_without_next_state(
helper	main.veln:1037:require_connection_stream_id	f51c736cb463b75935b30ee621e1993d840893288424d81156313860ae3211e9	e3fd7bcb4f295de2d9ef373d0a3f032f2c2c0452205731daea5516803cf5d24c	crates/veln-stdlib/veln/http2/core_test.veln#test peer_stream_admission_rejects_non_increasing_stream_ids_without_next_state(
helper	main.veln:1038:require_peer_stream_id	0b548db18d7cadbbf2ad373794c1db2662f2cb92ce15a4a26ac20c666fe79f8c	e3fd7bcb4f295de2d9ef373d0a3f032f2c2c0452205731daea5516803cf5d24c	crates/veln-stdlib/veln/http2/core_test.veln#test peer_stream_admission_rejects_non_increasing_stream_ids_without_next_state(
helper	main.veln:1039:require_peer_stream_id	824c18076d356bafbd2466a549e0ee1e8cbfcb1a2222907835c414d864a43cb9	e3fd7bcb4f295de2d9ef373d0a3f032f2c2c0452205731daea5516803cf5d24c	crates/veln-stdlib/veln/http2/core_test.veln#test peer_stream_admission_rejects_non_increasing_stream_ids_without_next_state(
helper	main.veln:1040:require_peer_stream_id	6815842d3900d32faf50abbbfcbe3b6841f6a40324f0ebf8b6be1e4e122eb90a	e3fd7bcb4f295de2d9ef373d0a3f032f2c2c0452205731daea5516803cf5d24c	crates/veln-stdlib/veln/http2/core_test.veln#test peer_stream_admission_rejects_non_increasing_stream_ids_without_next_state(
helper	main.veln:1041:require_peer_stream_id	3dcfcb01385d82550e94b57fb0b0b4a2d3a7160b824514ee9a08fdd3105a06d9	e3fd7bcb4f295de2d9ef373d0a3f032f2c2c0452205731daea5516803cf5d24c	crates/veln-stdlib/veln/http2/core_test.veln#test peer_stream_admission_rejects_non_increasing_stream_ids_without_next_state(
helper	main.veln:1043:require_peer_stream_id	6c54a0bcb6197ad3a87cec747c0cc01fde558ec34648389fd1b4653014beb940	e3fd7bcb4f295de2d9ef373d0a3f032f2c2c0452205731daea5516803cf5d24c	crates/veln-stdlib/veln/http2/core_test.veln#test peer_stream_admission_rejects_non_increasing_stream_ids_without_next_state(
helper	main.veln:1044:require_client_stream_id	0e790183cf74b2697a8ecace91fb0eb420b4b3a0e3257891e1a4959c60e66089	e3fd7bcb4f295de2d9ef373d0a3f032f2c2c0452205731daea5516803cf5d24c	crates/veln-stdlib/veln/http2/core_test.veln#test peer_stream_admission_rejects_non_increasing_stream_ids_without_next_state(
helper	main.veln:1052:require_peer_stream_id	e5a96360ac1fc0d760fd0ec6fbd3a5f01ae895ef69cc70561e66591bd228bbf9	e3fd7bcb4f295de2d9ef373d0a3f032f2c2c0452205731daea5516803cf5d24c	crates/veln-stdlib/veln/http2/core_test.veln#test peer_stream_admission_rejects_non_increasing_stream_ids_without_next_state(
helper	main.veln:1058:require_server_stream_id	f56750d439102ca74218c1559fab32396d256d9664663835e04f86df05fdb3ab	e3fd7bcb4f295de2d9ef373d0a3f032f2c2c0452205731daea5516803cf5d24c	crates/veln-stdlib/veln/http2/core_test.veln#test peer_stream_admission_rejects_non_increasing_stream_ids_without_next_state(
helper	main.veln:1060:require_client_stream_id	18bd1079b2edc5ec05bdb8ccbbb35fa08a574bfddcbae84dc6348545d9b2b22c	e3fd7bcb4f295de2d9ef373d0a3f032f2c2c0452205731daea5516803cf5d24c	crates/veln-stdlib/veln/http2/core_test.veln#test peer_stream_admission_rejects_non_increasing_stream_ids_without_next_state(
helper	main.veln:4854:require_server_promised_stream_id	7c19675ce6cc830ba14a774d60d244d4b0256c2a8fc3a1855cd078ad9532be39	9dfb8e096fe7d85c54d588b359968a1c238cf4b376331567a9164f76ab0d09d6	crates/veln-stdlib/veln/http2/core_test.veln#test receive_frame_dispatch_applies_push_promise_with_production_hpack(
helper	main.veln:10159:require_equal_int	6b8d2b0eba9445a96abf566b768986f5e3f14aad4f89ccc1633082c76132b969	e3fd7bcb4f295de2d9ef373d0a3f032f2c2c0452205731daea5516803cf5d24c	crates/veln-stdlib/veln/http2/core_test.veln#test peer_stream_admission_rejects_non_increasing_stream_ids_without_next_state(
helper	main.veln:10160:require_equal_int	3cf08da6921f6eeeb0729da3934ed686ac363e481693bb04eb368d79c3dc46c7	e3fd7bcb4f295de2d9ef373d0a3f032f2c2c0452205731daea5516803cf5d24c	crates/veln-stdlib/veln/http2/core_test.veln#test peer_stream_admission_rejects_non_increasing_stream_ids_without_next_state(
helper	main.veln:10161:require_equal_int	0874bcb2666a82d89ed92c822db4ed4548011a821e91dc1bacb6a9530ac7d247	e3fd7bcb4f295de2d9ef373d0a3f032f2c2c0452205731daea5516803cf5d24c	crates/veln-stdlib/veln/http2/core_test.veln#test peer_stream_admission_rejects_non_increasing_stream_ids_without_next_state(
helper	main.veln:10162:require_equal_int	0a673b116d6578e8dffbf39dcfdfbf64a7531f0adb19e4f38e33e841cb608884	e3fd7bcb4f295de2d9ef373d0a3f032f2c2c0452205731daea5516803cf5d24c	crates/veln-stdlib/veln/http2/core_test.veln#test peer_stream_admission_rejects_non_increasing_stream_ids_without_next_state(
helper	main.veln:10163:require_equal_int	320facdb95839c0cc4d132e653a99554c2467e898d59656054d742c59b24612b	e3fd7bcb4f295de2d9ef373d0a3f032f2c2c0452205731daea5516803cf5d24c	crates/veln-stdlib/veln/http2/core_test.veln#test peer_stream_admission_rejects_non_increasing_stream_ids_without_next_state(
helper	main.veln:10164:require_equal_int	f8b60956309f8965cf73bc6c8c877c4ea48c5da0fce727244601b9e5db8904c5	e3fd7bcb4f295de2d9ef373d0a3f032f2c2c0452205731daea5516803cf5d24c	crates/veln-stdlib/veln/http2/core_test.veln#test peer_stream_admission_rejects_non_increasing_stream_ids_without_next_state(
helper	main.veln:10165:require_equal_int	cf8cfd004d0805368d768d5dcc150dacc748f11d3688c50fcf2284dbf52adf48	e3fd7bcb4f295de2d9ef373d0a3f032f2c2c0452205731daea5516803cf5d24c	crates/veln-stdlib/veln/http2/core_test.veln#test peer_stream_admission_rejects_non_increasing_stream_ids_without_next_state(
helper	main.veln:10166:require_equal_int	7ea9d4817c72b31a81082fe5f504498217aa5ba75e49c25d2066c6512fe80718	e3fd7bcb4f295de2d9ef373d0a3f032f2c2c0452205731daea5516803cf5d24c	crates/veln-stdlib/veln/http2/core_test.veln#test peer_stream_admission_rejects_non_increasing_stream_ids_without_next_state(
helper	main.veln:10167:require_equal_int	481d30825392fef1b0ef32c240f6bd614a75d59cc3f01fea76471d53b9549bf6	e3fd7bcb4f295de2d9ef373d0a3f032f2c2c0452205731daea5516803cf5d24c	crates/veln-stdlib/veln/http2/core_test.veln#test peer_stream_admission_rejects_non_increasing_stream_ids_without_next_state(
helper	main.veln:10168:require_equal_int	9db927c749ef03b9e05624b21e0a267b45ed1282571aebd090ad0ae035a35445	e3fd7bcb4f295de2d9ef373d0a3f032f2c2c0452205731daea5516803cf5d24c	crates/veln-stdlib/veln/http2/core_test.veln#test peer_stream_admission_rejects_non_increasing_stream_ids_without_next_state(
helper	main.veln:10169:require_equal_int	578ace1bfab34cf49562abf78d7ebca6beb7f1ed635abd4e8421b2016e0824fe	e3fd7bcb4f295de2d9ef373d0a3f032f2c2c0452205731daea5516803cf5d24c	crates/veln-stdlib/veln/http2/core_test.veln#test peer_stream_admission_rejects_non_increasing_stream_ids_without_next_state(
helper	main.veln:10170:require_equal_int	9cf72b63b75f339a75228f340ad2abe49b550b70d04c34914f6828a870c67dce	e3fd7bcb4f295de2d9ef373d0a3f032f2c2c0452205731daea5516803cf5d24c	crates/veln-stdlib/veln/http2/core_test.veln#test peer_stream_admission_rejects_non_increasing_stream_ids_without_next_state(
helper	main.veln:10171:require_equal_int	0ba23bd61fd3f43d622a35fffe3f53163cd87a9af7f0ae3f7fff16e4b0abb283	e3fd7bcb4f295de2d9ef373d0a3f032f2c2c0452205731daea5516803cf5d24c	crates/veln-stdlib/veln/http2/core_test.veln#test peer_stream_admission_rejects_non_increasing_stream_ids_without_next_state(
helper	main.veln:10172:require_equal_int	51422de6b525fa11caeea04ccb62cecaac08d17d9007c8212f0162afa7d754e8	e3fd7bcb4f295de2d9ef373d0a3f032f2c2c0452205731daea5516803cf5d24c	crates/veln-stdlib/veln/http2/core_test.veln#test peer_stream_admission_rejects_non_increasing_stream_ids_without_next_state(
helper	main.veln:10173:require_equal_int	799c589d870e636baa71edb046a6db18602bb73199a9f323c52ed9f3a8bb8578	e3fd7bcb4f295de2d9ef373d0a3f032f2c2c0452205731daea5516803cf5d24c	crates/veln-stdlib/veln/http2/core_test.veln#test peer_stream_admission_rejects_non_increasing_stream_ids_without_next_state(
helper	main.veln:10174:require_equal_string	893daf306170d2a9611f8c66143d9e8fb314d3707df08af9056b94f572f137ec	e3fd7bcb4f295de2d9ef373d0a3f032f2c2c0452205731daea5516803cf5d24c	crates/veln-stdlib/veln/http2/core_test.veln#test peer_stream_admission_rejects_non_increasing_stream_ids_without_next_state(
helper	main.veln:10175:require_equal_int	521fb3a3f6ff89bb1fe158ddf61cfa35d168b4af66c9aaf07ed5494037935d23	e3fd7bcb4f295de2d9ef373d0a3f032f2c2c0452205731daea5516803cf5d24c	crates/veln-stdlib/veln/http2/core_test.veln#test peer_stream_admission_rejects_non_increasing_stream_ids_without_next_state(
helper	main.veln:10176:require_true	cef8d64af8d274a15c85c18531b2c2e0d8c4e70e80f24951164450db905c62d2	e3fd7bcb4f295de2d9ef373d0a3f032f2c2c0452205731daea5516803cf5d24c	crates/veln-stdlib/veln/http2/core_test.veln#test peer_stream_admission_rejects_non_increasing_stream_ids_without_next_state(
helper	main.veln:10177:require_equal_int	57c8cc1f29c551ea71f1859427853d8e709f90a68d3974cc0da4f2a0742abdb9	e3fd7bcb4f295de2d9ef373d0a3f032f2c2c0452205731daea5516803cf5d24c	crates/veln-stdlib/veln/http2/core_test.veln#test peer_stream_admission_rejects_non_increasing_stream_ids_without_next_state(
helper	main.veln:10178:require_equal_int	f06984a3e21e25b1716949680156729a4be6bab5058f2dd4bdf13e9c7ccf7d03	e3fd7bcb4f295de2d9ef373d0a3f032f2c2c0452205731daea5516803cf5d24c	crates/veln-stdlib/veln/http2/core_test.veln#test peer_stream_admission_rejects_non_increasing_stream_ids_without_next_state(
helper	main.veln:10179:require_equal_int	c3587c8f79a8af39b9920fe0e26847690807fa22cb05b1973ed465cf12c51ab6	e3fd7bcb4f295de2d9ef373d0a3f032f2c2c0452205731daea5516803cf5d24c	crates/veln-stdlib/veln/http2/core_test.veln#test peer_stream_admission_rejects_non_increasing_stream_ids_without_next_state(
helper	main.veln:10180:require_equal_int	3461e31aa777f3722840039fde0caffe6d500564d2917c68e4066eeea0b8f6dc	e3fd7bcb4f295de2d9ef373d0a3f032f2c2c0452205731daea5516803cf5d24c	crates/veln-stdlib/veln/http2/core_test.veln#test peer_stream_admission_rejects_non_increasing_stream_ids_without_next_state(
helper	main.veln:10181:require_equal_string	d07047b9e41512309acd05ca40287dd1352f388a20186f2853fb5dba47bc47c6	e3fd7bcb4f295de2d9ef373d0a3f032f2c2c0452205731daea5516803cf5d24c	crates/veln-stdlib/veln/http2/core_test.veln#test peer_stream_admission_rejects_non_increasing_stream_ids_without_next_state(
helper	main.veln:10182:require_equal_int	aae97d484fa8331c56353e28cf69ac81cdb8d474c732353f8134673025eaff73	e3fd7bcb4f295de2d9ef373d0a3f032f2c2c0452205731daea5516803cf5d24c	crates/veln-stdlib/veln/http2/core_test.veln#test peer_stream_admission_rejects_non_increasing_stream_ids_without_next_state(
helper	main.veln:10183:require_equal_int	207e97350805e81f27de7b2d07b2267bbd02ae435828a5e92e5cafc7e439b4fd	e3fd7bcb4f295de2d9ef373d0a3f032f2c2c0452205731daea5516803cf5d24c	crates/veln-stdlib/veln/http2/core_test.veln#test peer_stream_admission_rejects_non_increasing_stream_ids_without_next_state(
helper	main.veln:10410:require_equal_int	93c42d1c7fe5c39bd8d75b32e06aa89c0ce748802b728be4a4d0b214667a94b4	c9cdc2a6ac32b5b594efce5d43c3e1ce111e2526f8c76208d94dbb009754e7da	crates/veln-stdlib/veln/http2/core_test.veln#test outbound_request_headers_send_emits_hpack_bytes_and_creates_stream(
helper	main.veln:10419:require_equal_string	aba2db3665e7cfbf0856bb73e8514bd7d7d0125f21b91ea221c32727ed2c7ba0	c9cdc2a6ac32b5b594efce5d43c3e1ce111e2526f8c76208d94dbb009754e7da	crates/veln-stdlib/veln/http2/core_test.veln#test outbound_request_headers_send_emits_hpack_bytes_and_creates_stream(
helper	main.veln:10434:require_equal_string	afe98a78f686a52280c7c217ad79b78b958c45fe1698a56be46539d70167214f	c9cdc2a6ac32b5b594efce5d43c3e1ce111e2526f8c76208d94dbb009754e7da	crates/veln-stdlib/veln/http2/core_test.veln#test outbound_request_headers_send_emits_hpack_bytes_and_creates_stream(
helper	main.veln:10435:require_equal_int	3766e0685c05f6f12f53eecb0f873196cedb80b9fba055f3bd733cbb119a5994	c9cdc2a6ac32b5b594efce5d43c3e1ce111e2526f8c76208d94dbb009754e7da	crates/veln-stdlib/veln/http2/core_test.veln#test outbound_request_headers_send_emits_hpack_bytes_and_creates_stream(
helper	main.veln:10436:require_equal_string	94dfe8e6b18a9198a11d25280ecd5238837298087617cd0efc4286839998e859	c9cdc2a6ac32b5b594efce5d43c3e1ce111e2526f8c76208d94dbb009754e7da	crates/veln-stdlib/veln/http2/core_test.veln#test outbound_request_headers_send_emits_hpack_bytes_and_creates_stream(
helper	main.veln:10437:require_equal_int	6f081b7c9d16405dc072c4275966e0774bc4cfdf734105d00f164af2deca9140	c9cdc2a6ac32b5b594efce5d43c3e1ce111e2526f8c76208d94dbb009754e7da	crates/veln-stdlib/veln/http2/core_test.veln#test outbound_request_headers_send_emits_hpack_bytes_and_creates_stream(
helper	main.veln:10438:require_equal_int	b7ea062d7acb5ab8a705ef495f42faee2c8046f4481be362ed87620bee714707	c9cdc2a6ac32b5b594efce5d43c3e1ce111e2526f8c76208d94dbb009754e7da	crates/veln-stdlib/veln/http2/core_test.veln#test outbound_request_headers_send_emits_hpack_bytes_and_creates_stream(
helper	main.veln:10439:require_equal_int	213fb3a68e3e60f056608fb37deeb1107925b1a7053c64cb720642f6b45b9eeb	c9cdc2a6ac32b5b594efce5d43c3e1ce111e2526f8c76208d94dbb009754e7da	crates/veln-stdlib/veln/http2/core_test.veln#test outbound_request_headers_send_emits_hpack_bytes_and_creates_stream(
helper	main.veln:10440:require_equal_int	14fc36477be7016b1f1e09f923710952d2d485bf33b73f05f28ea09d1bd8c702	c9cdc2a6ac32b5b594efce5d43c3e1ce111e2526f8c76208d94dbb009754e7da	crates/veln-stdlib/veln/http2/core_test.veln#test outbound_request_headers_send_emits_hpack_bytes_and_creates_stream(
helper	main.veln:10441:require_equal_string	17190ae34d993554cd0babbf82ed14c28737fa6c69dec9d1b1c5d8107a3fc143	c9cdc2a6ac32b5b594efce5d43c3e1ce111e2526f8c76208d94dbb009754e7da	crates/veln-stdlib/veln/http2/core_test.veln#test outbound_request_headers_send_emits_hpack_bytes_and_creates_stream(
helper	main.veln:10442:require_equal_int	c3a0224ecd34c169ebfa66774c4c332cda32705608337f8194b39107bb4dec24	c9cdc2a6ac32b5b594efce5d43c3e1ce111e2526f8c76208d94dbb009754e7da	crates/veln-stdlib/veln/http2/core_test.veln#test outbound_request_headers_send_emits_hpack_bytes_and_creates_stream(
helper	main.veln:10443:require_equal_int	d67d5a6655ec078993dde61b7d601765a95238772fc2d20cfbc90aba199d569c	c9cdc2a6ac32b5b594efce5d43c3e1ce111e2526f8c76208d94dbb009754e7da	crates/veln-stdlib/veln/http2/core_test.veln#test outbound_request_headers_send_emits_hpack_bytes_and_creates_stream(
helper	main.veln:10444:require_equal_int	5f7d612ac20826b0669778779cc9dc4df9e4aed3545196da716d3cd957ab438a	c9cdc2a6ac32b5b594efce5d43c3e1ce111e2526f8c76208d94dbb009754e7da	crates/veln-stdlib/veln/http2/core_test.veln#test outbound_request_headers_send_emits_hpack_bytes_and_creates_stream(
helper	main.veln:10445:require_equal_int	004dfa2195517824fa7438ed5bdeda328f3897506210cca7831d6a2248a6ae05	c9cdc2a6ac32b5b594efce5d43c3e1ce111e2526f8c76208d94dbb009754e7da	crates/veln-stdlib/veln/http2/core_test.veln#test outbound_request_headers_send_emits_hpack_bytes_and_creates_stream(
helper	main.veln:10446:require_equal_int	0a2eba336dff4fb412fae3ea06a479f160df7744db6c20b376cf0d7b80ea466c	c9cdc2a6ac32b5b594efce5d43c3e1ce111e2526f8c76208d94dbb009754e7da	crates/veln-stdlib/veln/http2/core_test.veln#test outbound_request_headers_send_emits_hpack_bytes_and_creates_stream(
helper	main.veln:10447:require_equal_int	fac150b19a3ce9687d4674bbe735fe5b90e8fc477fdafbc6b58c244e93c61937	c9cdc2a6ac32b5b594efce5d43c3e1ce111e2526f8c76208d94dbb009754e7da	crates/veln-stdlib/veln/http2/core_test.veln#test outbound_request_headers_send_emits_hpack_bytes_and_creates_stream(
helper	main.veln:10448:require_equal_int	728f8284ba8f402c4eb46ab2b32a7021a5ce5136a4270800c5e159d1448e9f7f	c9cdc2a6ac32b5b594efce5d43c3e1ce111e2526f8c76208d94dbb009754e7da	crates/veln-stdlib/veln/http2/core_test.veln#test outbound_request_headers_send_emits_hpack_bytes_and_creates_stream(
helper	main.veln:10449:require_equal_int	bf81792ebc929e48331f2022b70d98d02b1aa419d50a95d2aed5b8f218e20daf	c9cdc2a6ac32b5b594efce5d43c3e1ce111e2526f8c76208d94dbb009754e7da	crates/veln-stdlib/veln/http2/core_test.veln#test outbound_request_headers_send_emits_hpack_bytes_and_creates_stream(
helper	main.veln:10450:require_equal_int	325ffcf0e13f920d2b78dd5b659f874e573b88b393c1e91c2e1ed10c387b0e33	c9cdc2a6ac32b5b594efce5d43c3e1ce111e2526f8c76208d94dbb009754e7da	crates/veln-stdlib/veln/http2/core_test.veln#test outbound_request_headers_send_emits_hpack_bytes_and_creates_stream(
helper	main.veln:10451:require_equal_int	0edc4df5467f5b15a946071bbf5cd0558196e8529dd797308a7c0fe8c975692e	c9cdc2a6ac32b5b594efce5d43c3e1ce111e2526f8c76208d94dbb009754e7da	crates/veln-stdlib/veln/http2/core_test.veln#test outbound_request_headers_send_emits_hpack_bytes_and_creates_stream(
helper	main.veln:10463:require_client_push_equal_int	4ab0e9c201fa9ef9860e0e4950728b4c75f82f85e1888dc85edc976dcf06fc68	9dfb8e096fe7d85c54d588b359968a1c238cf4b376331567a9164f76ab0d09d6	crates/veln-stdlib/veln/http2/core_test.veln#test receive_frame_dispatch_applies_push_promise_with_production_hpack(
helper	main.veln:10472:require_client_push_equal_string	95d85c19c2ce97fccd49bf4538e05a1247322017c6371c22faa64c61f6460c97	9dfb8e096fe7d85c54d588b359968a1c238cf4b376331567a9164f76ab0d09d6	crates/veln-stdlib/veln/http2/core_test.veln#test receive_frame_dispatch_applies_push_promise_with_production_hpack(
helper	main.veln:10484:require_client_push_equal_int	bb4178e7b40bd243b2feb13b03197bf6810800838ecc422da644385a9bef60f2	9dfb8e096fe7d85c54d588b359968a1c238cf4b376331567a9164f76ab0d09d6	crates/veln-stdlib/veln/http2/core_test.veln#test receive_frame_dispatch_applies_push_promise_with_production_hpack(
helper	main.veln:10485:require_client_push_equal_string	b361068cc6b34fd27338a40bb3c9790d80782f4144c5617e58bda0a4e6a7e699	9dfb8e096fe7d85c54d588b359968a1c238cf4b376331567a9164f76ab0d09d6	crates/veln-stdlib/veln/http2/core_test.veln#test receive_frame_dispatch_applies_push_promise_with_production_hpack(
helper	main.veln:10486:require_client_push_equal_int	1e2841c28f1f99669cb3b0c7f4d61517679d51e2c041fdf81322fabb8b282128	9dfb8e096fe7d85c54d588b359968a1c238cf4b376331567a9164f76ab0d09d6	crates/veln-stdlib/veln/http2/core_test.veln#test receive_frame_dispatch_applies_push_promise_with_production_hpack(
helper	main.veln:10487:require_client_push_equal_int	c9fb83c229f6ece3f01c250e40db1c1ea5780467beb4fea1e53f9dbd3e1cd1b6	9dfb8e096fe7d85c54d588b359968a1c238cf4b376331567a9164f76ab0d09d6	crates/veln-stdlib/veln/http2/core_test.veln#test receive_frame_dispatch_applies_push_promise_with_production_hpack(
helper	main.veln:10488:require_client_push_equal_int	f28ef4f3a7898324accc7a6df677a7acf310cf16be3e30adecb14d1dc22fde29	9dfb8e096fe7d85c54d588b359968a1c238cf4b376331567a9164f76ab0d09d6	crates/veln-stdlib/veln/http2/core_test.veln#test receive_frame_dispatch_applies_push_promise_with_production_hpack(
helper	main.veln:10489:require_client_push_equal_int	9b8d85239d8cfc4b549b66ddf2250f63f3bf48c9c8ec20ed208918b5c455348c	9dfb8e096fe7d85c54d588b359968a1c238cf4b376331567a9164f76ab0d09d6	crates/veln-stdlib/veln/http2/core_test.veln#test receive_frame_dispatch_applies_push_promise_with_production_hpack(
helper	main.veln:10490:require_client_push_equal_string	b872d588e196c23ee3e993784abb93dc7e9c31a4b6bc40f99d50f8451b743a40	9dfb8e096fe7d85c54d588b359968a1c238cf4b376331567a9164f76ab0d09d6	crates/veln-stdlib/veln/http2/core_test.veln#test receive_frame_dispatch_applies_push_promise_with_production_hpack(
helper	main.veln:10491:require_client_push_equal_int	8d68124820bff4a10ac9c0004f953c7760f8aea73f09a72fde4e7c81bd80c35d	9dfb8e096fe7d85c54d588b359968a1c238cf4b376331567a9164f76ab0d09d6	crates/veln-stdlib/veln/http2/core_test.veln#test receive_frame_dispatch_applies_push_promise_with_production_hpack(
helper	main.veln:10492:require_client_push_equal_int	81c2e59835efb53922b93e0be7df0734cfd96a9a6ac8c79416571b895b98e87e	9dfb8e096fe7d85c54d588b359968a1c238cf4b376331567a9164f76ab0d09d6	crates/veln-stdlib/veln/http2/core_test.veln#test receive_frame_dispatch_applies_push_promise_with_production_hpack(
helper	main.veln:10493:require_client_push_equal_int	ac486c0558e8f884916a245901710526b9b0cbc680b1de80ac703e60d1248bdd	9dfb8e096fe7d85c54d588b359968a1c238cf4b376331567a9164f76ab0d09d6	crates/veln-stdlib/veln/http2/core_test.veln#test receive_frame_dispatch_applies_push_promise_with_production_hpack(
helper	main.veln:10494:require_client_push_equal_int	db5ea47676da1aed91429ac92e7f9058281f320488a5fd75c2901f0547b90858	9dfb8e096fe7d85c54d588b359968a1c238cf4b376331567a9164f76ab0d09d6	crates/veln-stdlib/veln/http2/core_test.veln#test receive_frame_dispatch_applies_push_promise_with_production_hpack(
helper	main.veln:10495:require_client_push_equal_int	c78d093fbeb0ccdba0271d89bf3f0c7e52342a5d89e66a991af51b5e0620457e	9dfb8e096fe7d85c54d588b359968a1c238cf4b376331567a9164f76ab0d09d6	crates/veln-stdlib/veln/http2/core_test.veln#test receive_frame_dispatch_applies_push_promise_with_production_hpack(
helper	main.veln:10496:require_client_push_equal_int	cb9a045ae3f95bb8175f281b47965cec652017b2ceb75a6b27aa15b532c1d3f4	9dfb8e096fe7d85c54d588b359968a1c238cf4b376331567a9164f76ab0d09d6	crates/veln-stdlib/veln/http2/core_test.veln#test receive_frame_dispatch_applies_push_promise_with_production_hpack(
helper	main.veln:10497:require_client_push_equal_int	1fdecb367a3acbce9a516af61600285d4e4527e9f76ae741bd4abd083189e3d8	9dfb8e096fe7d85c54d588b359968a1c238cf4b376331567a9164f76ab0d09d6	crates/veln-stdlib/veln/http2/core_test.veln#test receive_frame_dispatch_applies_push_promise_with_production_hpack(
helper	main.veln:10498:require_client_push_equal_int	4c80446288eb12c13054e10fe60edc53a40c82710fdfa365fd12d71d52b696de	9dfb8e096fe7d85c54d588b359968a1c238cf4b376331567a9164f76ab0d09d6	crates/veln-stdlib/veln/http2/core_test.veln#test receive_frame_dispatch_applies_push_promise_with_production_hpack(
helper	main.veln:10499:require_client_push_equal_int	fc68e257c25a5335b6335ef51a98f3ff2e20351714df37f66a0443213b8aab1a	9dfb8e096fe7d85c54d588b359968a1c238cf4b376331567a9164f76ab0d09d6	crates/veln-stdlib/veln/http2/core_test.veln#test receive_frame_dispatch_applies_push_promise_with_production_hpack(
helper	main.veln:10500:require_client_push_equal_int	ddbc167da5a9405776f838da41d3ca9a2638daf8f42d0bf4a91f3f372d1d20e4	9dfb8e096fe7d85c54d588b359968a1c238cf4b376331567a9164f76ab0d09d6	crates/veln-stdlib/veln/http2/core_test.veln#test receive_frame_dispatch_applies_push_promise_with_production_hpack(
helper	main.veln:10506:require_client_push_equal_string	9c691759886bae4993737d3178f119434ebe699fecd17ad2dc45cec5c7502275	9dfb8e096fe7d85c54d588b359968a1c238cf4b376331567a9164f76ab0d09d6	crates/veln-stdlib/veln/http2/core_test.veln#test receive_frame_dispatch_applies_push_promise_with_production_hpack(
helper	main.veln:10509:require_true	0235a18ccd4a1bca57fd02c837fe3d468f86ebbba6132858e27e3e75ecb72a5b	9dfb8e096fe7d85c54d588b359968a1c238cf4b376331567a9164f76ab0d09d6	crates/veln-stdlib/veln/http2/core_test.veln#test receive_frame_dispatch_applies_push_promise_with_production_hpack(
helper	main.veln:10512:require_true	857323b5dc1fcc80d1df6f124a817ea2f3d0326c6b201f55d4bf3849acf60e50	9dfb8e096fe7d85c54d588b359968a1c238cf4b376331567a9164f76ab0d09d6	crates/veln-stdlib/veln/http2/core_test.veln#test receive_frame_dispatch_applies_push_promise_with_production_hpack(
helper	main.veln:10513:require_true	551082108a90ddeb7ffa636fcf933beec60988af20156c3fcd04be0751f0e9b7	9dfb8e096fe7d85c54d588b359968a1c238cf4b376331567a9164f76ab0d09d6	crates/veln-stdlib/veln/http2/core_test.veln#test receive_frame_dispatch_applies_push_promise_with_production_hpack(
helper	main.veln:10514:require_client_push_equal_int	bcb8a8f09a9238ebff98bf5550e89a2bc365c86147696b6608e9e5da773f3844	9dfb8e096fe7d85c54d588b359968a1c238cf4b376331567a9164f76ab0d09d6	crates/veln-stdlib/veln/http2/core_test.veln#test receive_frame_dispatch_applies_push_promise_with_production_hpack(
helper	main.veln:10515:require_client_push_equal_int	a0ad8f8ce150040170948ceb36c455a04607f81e0fbf867153c5dfb7cc1e6760	9dfb8e096fe7d85c54d588b359968a1c238cf4b376331567a9164f76ab0d09d6	crates/veln-stdlib/veln/http2/core_test.veln#test receive_frame_dispatch_applies_push_promise_with_production_hpack(
helper	main.veln:10516:require_client_push_equal_int	0a170a774c172f9db7c72c0c727e03f3e07df1f6716ffc4932999a62b4ca504b	9dfb8e096fe7d85c54d588b359968a1c238cf4b376331567a9164f76ab0d09d6	crates/veln-stdlib/veln/http2/core_test.veln#test receive_frame_dispatch_applies_push_promise_with_production_hpack(
helper	main.veln:10517:require_true	b5231c2d0b7b25ddf614097fc22cfbf9ee0e85de2d00998cf9e59fc035de9557	9dfb8e096fe7d85c54d588b359968a1c238cf4b376331567a9164f76ab0d09d6	crates/veln-stdlib/veln/http2/core_test.veln#test receive_frame_dispatch_applies_push_promise_with_production_hpack(
helper	main.veln:10518:require_client_push_equal_int	2da252503355dd807c2a6ba607140f7838da2f44b7d75eca24c339d6820457d1	9dfb8e096fe7d85c54d588b359968a1c238cf4b376331567a9164f76ab0d09d6	crates/veln-stdlib/veln/http2/core_test.veln#test receive_frame_dispatch_applies_push_promise_with_production_hpack(
helper	main.veln:10519:require_client_push_equal_int	b962a9ea0600cb673e8acbd3b426ed628af7b1e3de899c6801a67de493a93ab7	9dfb8e096fe7d85c54d588b359968a1c238cf4b376331567a9164f76ab0d09d6	crates/veln-stdlib/veln/http2/core_test.veln#test receive_frame_dispatch_applies_push_promise_with_production_hpack(
helper	main.veln:10520:require_client_push_equal_int	67ce9bdf1d375962083a20c71c5e1f321e7f2d8016857b022b9c5f916405cede	9dfb8e096fe7d85c54d588b359968a1c238cf4b376331567a9164f76ab0d09d6	crates/veln-stdlib/veln/http2/core_test.veln#test receive_frame_dispatch_applies_push_promise_with_production_hpack(
helper	main.veln:10521:require_client_push_equal_string	d214f6051c683fb93bc67b7c5a9a0855de94010134ba58804a94b04cfda8f042	9dfb8e096fe7d85c54d588b359968a1c238cf4b376331567a9164f76ab0d09d6	crates/veln-stdlib/veln/http2/core_test.veln#test receive_frame_dispatch_applies_push_promise_with_production_hpack(
helper	main.veln:10522:require_client_push_equal_int	1fe4268384b619afe468cc8e7ca7b55fd47336884bbafe08cf7837dfaa2fae3b	9dfb8e096fe7d85c54d588b359968a1c238cf4b376331567a9164f76ab0d09d6	crates/veln-stdlib/veln/http2/core_test.veln#test receive_frame_dispatch_applies_push_promise_with_production_hpack(
helper	main.veln:10523:require_client_push_equal_int	d28c1065b7a9dae8353c5122341465d4f20bacf2075c05151ce413a6192fc3eb	9dfb8e096fe7d85c54d588b359968a1c238cf4b376331567a9164f76ab0d09d6	crates/veln-stdlib/veln/http2/core_test.veln#test receive_frame_dispatch_applies_push_promise_with_production_hpack(
helper	main.veln:10632:require_frame_decoded	6ef3effcc78544c67a7c2a5752026f1a71d39b86401485ce52b2cef087da104d	6f0281bc7f27189bbed8bc4b29a0c3efd7236412ef25303ffdd5ad8ab562ff99	crates/veln-stdlib/veln/http2/core_test.veln#test header_list_validation_reports_response_and_trailer_failures(
helper	main.veln:10633:require_true	7a3f39ad78195b381d9ef894f0a5612e8f550858739e931704f0121db6eb6c65	6f0281bc7f27189bbed8bc4b29a0c3efd7236412ef25303ffdd5ad8ab562ff99	crates/veln-stdlib/veln/http2/core_test.veln#test header_list_validation_reports_response_and_trailer_failures(
helper	main.veln:10635:require_frame_decoded	229d08ff8162fa503e24605b8cea0e7e8439985d8b4ca16f1e62978174d7085c	6f0281bc7f27189bbed8bc4b29a0c3efd7236412ef25303ffdd5ad8ab562ff99	crates/veln-stdlib/veln/http2/core_test.veln#test header_list_validation_reports_response_and_trailer_failures(
helper	main.veln:10636:require_true	ee1307b2255d0fc7d6aa76fb396b892ab25bf88e38c31b5454e9ea77c360f7cb	6f0281bc7f27189bbed8bc4b29a0c3efd7236412ef25303ffdd5ad8ab562ff99	crates/veln-stdlib/veln/http2/core_test.veln#test header_list_validation_reports_response_and_trailer_failures(
helper	main.veln:10638:require_failure_with_id	427dd57ebb06754c90a4659548943eb6839f15e97af3c6a5e2f9062e0490b102	6f0281bc7f27189bbed8bc4b29a0c3efd7236412ef25303ffdd5ad8ab562ff99	crates/veln-stdlib/veln/http2/core_test.veln#test header_list_validation_reports_response_and_trailer_failures(
helper	main.veln:10640:require_frame_decoded	688388c41ee9dbd10b916106098bd13000beacb40ed93f16afee06d2c58b817c	6f0281bc7f27189bbed8bc4b29a0c3efd7236412ef25303ffdd5ad8ab562ff99	crates/veln-stdlib/veln/http2/core_test.veln#test header_list_validation_reports_response_and_trailer_failures(
helper	main.veln:10641:require_true	3ada50647ab0d24d4d5d218cc50a295a23146fa9430cc938cb3f50bddaa56bab	6f0281bc7f27189bbed8bc4b29a0c3efd7236412ef25303ffdd5ad8ab562ff99	crates/veln-stdlib/veln/http2/core_test.veln#test header_list_validation_reports_response_and_trailer_failures(
helper	main.veln:10643:require_frame_decoded	ee5cd56fb11f62384ff7ca06fbea86aa6c7815018a090f715efac7b7a66392b0	6f0281bc7f27189bbed8bc4b29a0c3efd7236412ef25303ffdd5ad8ab562ff99	crates/veln-stdlib/veln/http2/core_test.veln#test header_list_validation_reports_response_and_trailer_failures(
helper	main.veln:10645:require_frame_decoded	5238e8cbc242466405198e6b265928ec196a7647cfcb15841eab6a2891f63359	6f0281bc7f27189bbed8bc4b29a0c3efd7236412ef25303ffdd5ad8ab562ff99	crates/veln-stdlib/veln/http2/core_test.veln#test header_list_validation_reports_response_and_trailer_failures(
helper	main.veln:10646:require_equal_int	d18ec9fbc47bfb03270467cec308ee0e1d18287b44c5e78aee07d1a1b9c7a5c4	6f0281bc7f27189bbed8bc4b29a0c3efd7236412ef25303ffdd5ad8ab562ff99	crates/veln-stdlib/veln/http2/core_test.veln#test header_list_validation_reports_response_and_trailer_failures(
helper	main.veln:10649:require_frame_decoded	b74cba5ead7de892c9e145d384b7354ed3504c1375ba71acac2660a1875d6de2	6f0281bc7f27189bbed8bc4b29a0c3efd7236412ef25303ffdd5ad8ab562ff99	crates/veln-stdlib/veln/http2/core_test.veln#test header_list_validation_reports_response_and_trailer_failures(
helper	main.veln:10650:require_true	7230bf7323fd4e79061ae500f8868e939e897b9c3f89cf753e452f2a82f792b9	6f0281bc7f27189bbed8bc4b29a0c3efd7236412ef25303ffdd5ad8ab562ff99	crates/veln-stdlib/veln/http2/core_test.veln#test header_list_validation_reports_response_and_trailer_failures(
helper	main.veln:10652:require_frame_decoded	a3a4463f5505544d89c29f14ae66583f8b89758dcf8105976b8b07945f3760a3	6f0281bc7f27189bbed8bc4b29a0c3efd7236412ef25303ffdd5ad8ab562ff99	crates/veln-stdlib/veln/http2/core_test.veln#test header_list_validation_reports_response_and_trailer_failures(
helper	main.veln:10655:require_frame_decoded	a0d63e6d3cc2034d15d526a95d1d1208c9fa115a779667bb4454d1adf9eede19	6f0281bc7f27189bbed8bc4b29a0c3efd7236412ef25303ffdd5ad8ab562ff99	crates/veln-stdlib/veln/http2/core_test.veln#test header_list_validation_reports_response_and_trailer_failures(
helper	main.veln:10656:require_equal_string	4c839070ad727b0492f891efd944dbf265ecabd3abc8a7966840edabfc25decb	6f0281bc7f27189bbed8bc4b29a0c3efd7236412ef25303ffdd5ad8ab562ff99	crates/veln-stdlib/veln/http2/core_test.veln#test header_list_validation_reports_response_and_trailer_failures(
helper	main.veln:10658:require_frame_decoded	74d9e4309cf76b4da321f036e0e3cf23b4a49c6e25ae94f1629917ee1ce86a7f	6f0281bc7f27189bbed8bc4b29a0c3efd7236412ef25303ffdd5ad8ab562ff99	crates/veln-stdlib/veln/http2/core_test.veln#test header_list_validation_reports_response_and_trailer_failures(
helper	main.veln:10659:require_equal_string	69013e1a1d659a44cc1a1a6a2ccfa0113c8a302e3aff2cfa66f0733c23c9e256	6f0281bc7f27189bbed8bc4b29a0c3efd7236412ef25303ffdd5ad8ab562ff99	crates/veln-stdlib/veln/http2/core_test.veln#test header_list_validation_reports_response_and_trailer_failures(
helper	main.veln:10661:require_response_header_failure_context	0d3c39c0fb40016504f959a3aee3e53a992c0e4d5040a0df414abacf45225dd0	6f0281bc7f27189bbed8bc4b29a0c3efd7236412ef25303ffdd5ad8ab562ff99	crates/veln-stdlib/veln/http2/core_test.veln#test header_list_validation_reports_response_and_trailer_failures(
helper	main.veln:10663:require_response_header_failure_context	0d4a01ea2edc55be9dcc6d1d4546d3969ed307565e1f93d35832f86eb73880c3	6f0281bc7f27189bbed8bc4b29a0c3efd7236412ef25303ffdd5ad8ab562ff99	crates/veln-stdlib/veln/http2/core_test.veln#test header_list_validation_reports_response_and_trailer_failures(
helper	main.veln:10683:require_outbound_headers_connection_transition	978e32d58125595d88a2e2bcaefdd28974185ac251bfaee2fcfbabdf9135f61e	c9cdc2a6ac32b5b594efce5d43c3e1ce111e2526f8c76208d94dbb009754e7da	crates/veln-stdlib/veln/http2/core_test.veln#test outbound_request_headers_send_emits_hpack_bytes_and_creates_stream(
helper	main.veln:10684:require_outbound_headers_connection_accepted	6055e257343d64fd577d37da3a37fe1d7b2c40076fcc2219f06446b56b6c1f9e	c9cdc2a6ac32b5b594efce5d43c3e1ce111e2526f8c76208d94dbb009754e7da	crates/veln-stdlib/veln/http2/core_test.veln#test outbound_request_headers_send_emits_hpack_bytes_and_creates_stream(
helper	main.veln:10685:require_equal_string	8ec891efb322028801dc61d3c749c1fab9858d04181c6cab26ee753cf5dbb39f	6f0281bc7f27189bbed8bc4b29a0c3efd7236412ef25303ffdd5ad8ab562ff99	crates/veln-stdlib/veln/http2/core_test.veln#test header_list_validation_reports_response_and_trailer_failures(
helper	main.veln:10688:require_frame_decoded	63a8328c5b165004a5f5e6d626fc2a2624dfdd830dfb2171eaeaeac5e6106eb2	6f0281bc7f27189bbed8bc4b29a0c3efd7236412ef25303ffdd5ad8ab562ff99	crates/veln-stdlib/veln/http2/core_test.veln#test header_list_validation_reports_response_and_trailer_failures(
helper	main.veln:10690:require_frame_decoded	443bd4f0ee7b748dd8e24fd6e22e5d28a88be12db27f0692e2d1c9f3b71526e9	6f0281bc7f27189bbed8bc4b29a0c3efd7236412ef25303ffdd5ad8ab562ff99	crates/veln-stdlib/veln/http2/core_test.veln#test header_list_validation_reports_response_and_trailer_failures(
helper	main.veln:10692:require_frame_decoded	dc3c239691a9ad7a1ccc4b75e929eba754dfd6668c5db269691e779c07a4489b	6f0281bc7f27189bbed8bc4b29a0c3efd7236412ef25303ffdd5ad8ab562ff99	crates/veln-stdlib/veln/http2/core_test.veln#test header_list_validation_reports_response_and_trailer_failures(
helper	main.veln:10695:require_frame_decoded	729188500f8c042a4e6a118ba310970ad1b766ade98670e152ef74496a305f4c	6f0281bc7f27189bbed8bc4b29a0c3efd7236412ef25303ffdd5ad8ab562ff99	crates/veln-stdlib/veln/http2/core_test.veln#test header_list_validation_reports_response_and_trailer_failures(
helper	main.veln:10698:require_frame_decoded	de787187e06f4d9f098792b94b1b2bb60905f26f8a43d720d301816adc25d270	6f0281bc7f27189bbed8bc4b29a0c3efd7236412ef25303ffdd5ad8ab562ff99	crates/veln-stdlib/veln/http2/core_test.veln#test header_list_validation_reports_response_and_trailer_failures(
helper	main.veln:10700:require_no_content_body_failure_context	c7f71cfcf7f138f4ede4899f807d5b7b4a18579ae3949e9564a96610e9dbb201	6f0281bc7f27189bbed8bc4b29a0c3efd7236412ef25303ffdd5ad8ab562ff99	crates/veln-stdlib/veln/http2/core_test.veln#test header_list_validation_reports_response_and_trailer_failures(
helper	main.veln:10702:require_frame_decoded	6f8d649c12d2a3415fad55b632c064f79a8b4618685cbe708f7288084a9f4dbe	6f0281bc7f27189bbed8bc4b29a0c3efd7236412ef25303ffdd5ad8ab562ff99	crates/veln-stdlib/veln/http2/core_test.veln#test header_list_validation_reports_response_and_trailer_failures(
helper	main.veln:10705:require_no_content_body_failure_context	61559b43e38e5b490d74d13f40c2ebfd8a883afeec7740fc7abb935d36c00fa5	6f0281bc7f27189bbed8bc4b29a0c3efd7236412ef25303ffdd5ad8ab562ff99	crates/veln-stdlib/veln/http2/core_test.veln#test header_list_validation_reports_response_and_trailer_failures(
helper	main.veln:10707:require_frame_decoded	5e10ec158d2b2038fa1620e6626b48f996471555e96f7041646b9e7c744de06c	6f0281bc7f27189bbed8bc4b29a0c3efd7236412ef25303ffdd5ad8ab562ff99	crates/veln-stdlib/veln/http2/core_test.veln#test header_list_validation_reports_response_and_trailer_failures(
helper	main.veln:10708:require_equal_int	e4989062b2d5d6a249a20553ac28b7c53f004c83ace17be77771c9aec02bbb5a	6f0281bc7f27189bbed8bc4b29a0c3efd7236412ef25303ffdd5ad8ab562ff99	crates/veln-stdlib/veln/http2/core_test.veln#test header_list_validation_reports_response_and_trailer_failures(
helper	main.veln:10710:require_no_content_body_failure_context	a6e3f162a78588996204aee9b5ea3d6c0fdde007940301b8943fd2538f903972	6f0281bc7f27189bbed8bc4b29a0c3efd7236412ef25303ffdd5ad8ab562ff99	crates/veln-stdlib/veln/http2/core_test.veln#test header_list_validation_reports_response_and_trailer_failures(
helper	main.veln:10713:require_no_content_body_failure_context	582df8c139f7a369bc2b533187bda20cb5457367dad6a861ecedcdcd6b9881ef	6f0281bc7f27189bbed8bc4b29a0c3efd7236412ef25303ffdd5ad8ab562ff99	crates/veln-stdlib/veln/http2/core_test.veln#test header_list_validation_reports_response_and_trailer_failures(
helper	main.veln:10714:require_peer_stream_failure_preserves_connection_state	0da04a1573c5537e42e65a816c527a33303e84803399fda9a7d1b2a9e18d76ad	6f0281bc7f27189bbed8bc4b29a0c3efd7236412ef25303ffdd5ad8ab562ff99	crates/veln-stdlib/veln/http2/core_test.veln#test header_list_validation_reports_response_and_trailer_failures(
helper	main.veln:10715:require_outbound_headers_connection_transition	b85ea4b811eeb38c36ff9af03bce2b4bbe9a5caabb0dbf3f8f30fa646da67ccc	c9cdc2a6ac32b5b594efce5d43c3e1ce111e2526f8c76208d94dbb009754e7da	crates/veln-stdlib/veln/http2/core_test.veln#test outbound_request_headers_send_emits_hpack_bytes_and_creates_stream(
helper	main.veln:10718:require_frame_decoded	1218f53265c4d13af51309b4c79ba102d0db06302159e1d9532efc739e2c0ddd	6f0281bc7f27189bbed8bc4b29a0c3efd7236412ef25303ffdd5ad8ab562ff99	crates/veln-stdlib/veln/http2/core_test.veln#test header_list_validation_reports_response_and_trailer_failures(
helper	main.veln:10724:require_frame_decoded	6e59fddc5b5675064a0e9cd47652ec671a15224e196225b488389ffb4c8a9ea4	6f0281bc7f27189bbed8bc4b29a0c3efd7236412ef25303ffdd5ad8ab562ff99	crates/veln-stdlib/veln/http2/core_test.veln#test header_list_validation_reports_response_and_trailer_failures(
helper	main.veln:10725:require_equal_int	e8f956546e52b9ceaba063b9c6d1dcce72afa94552aba807f9edb51bfcf3a850	6f0281bc7f27189bbed8bc4b29a0c3efd7236412ef25303ffdd5ad8ab562ff99	crates/veln-stdlib/veln/http2/core_test.veln#test header_list_validation_reports_response_and_trailer_failures(
helper	main.veln:10727:require_frame_decoded	da4ed8c91c1b49e7ef04c1b8fff31e2a3f1806e8cccc6e084d2ca03616a8aec7	6f0281bc7f27189bbed8bc4b29a0c3efd7236412ef25303ffdd5ad8ab562ff99	crates/veln-stdlib/veln/http2/core_test.veln#test header_list_validation_reports_response_and_trailer_failures(
helper	main.veln:10728:require_equal_int	9cd467c1d29c7f35bd1bb6c036997a0d10a388ac63395a6e77c50343a39b0daa	6f0281bc7f27189bbed8bc4b29a0c3efd7236412ef25303ffdd5ad8ab562ff99	crates/veln-stdlib/veln/http2/core_test.veln#test header_list_validation_reports_response_and_trailer_failures(
helper	main.veln:10731:require_frame_decoded	cc5d43b7015c9e3567f9f36d2e418d4e20f6c5f6209f4c1806dda94bd0c86592	6f0281bc7f27189bbed8bc4b29a0c3efd7236412ef25303ffdd5ad8ab562ff99	crates/veln-stdlib/veln/http2/core_test.veln#test header_list_validation_reports_response_and_trailer_failures(
helper	main.veln:10732:require_equal_int	2a823292b4f965610c429b3bf03c3705ad528930b8b91fc4bc16f4849f734844	6f0281bc7f27189bbed8bc4b29a0c3efd7236412ef25303ffdd5ad8ab562ff99	crates/veln-stdlib/veln/http2/core_test.veln#test header_list_validation_reports_response_and_trailer_failures(
helper	main.veln:10735:require_frame_decoded	e619046236e90b66a9a5266f6898fe01ba5198a0856a09cf8915d157cfbde8bb	6f0281bc7f27189bbed8bc4b29a0c3efd7236412ef25303ffdd5ad8ab562ff99	crates/veln-stdlib/veln/http2/core_test.veln#test header_list_validation_reports_response_and_trailer_failures(
helper	main.veln:10738:require_frame_decoded	ea96948dba62b7497f663bf852685a1dac1079f019a79531eef29b5a07431938	6f0281bc7f27189bbed8bc4b29a0c3efd7236412ef25303ffdd5ad8ab562ff99	crates/veln-stdlib/veln/http2/core_test.veln#test header_list_validation_reports_response_and_trailer_failures(
helper	main.veln:10740:require_frame_decoded	6bf11575f0b8fd328abfdf2bd91a01817319200aefffe9f300835a3153ec040e	6f0281bc7f27189bbed8bc4b29a0c3efd7236412ef25303ffdd5ad8ab562ff99	crates/veln-stdlib/veln/http2/core_test.veln#test header_list_validation_reports_response_and_trailer_failures(
helper	main.veln:10743:require_frame_decoded	f87d1c5141d3d30bd90094b860f318f3242b0830c03da7cc461051e92fed4c9e	6f0281bc7f27189bbed8bc4b29a0c3efd7236412ef25303ffdd5ad8ab562ff99	crates/veln-stdlib/veln/http2/core_test.veln#test header_list_validation_reports_response_and_trailer_failures(
helper	main.veln:10745:require_frame_decoded	35c67119ddcd3ea1558cb317e9d7e739a10f64bb4b04580d8ffd73500c56cddc	6f0281bc7f27189bbed8bc4b29a0c3efd7236412ef25303ffdd5ad8ab562ff99	crates/veln-stdlib/veln/http2/core_test.veln#test header_list_validation_reports_response_and_trailer_failures(
helper	main.veln:10748:require_frame_decoded	39b7a733149bc4b510f86e89a43c729205f753b4d5b3df99e917acde59223818	6f0281bc7f27189bbed8bc4b29a0c3efd7236412ef25303ffdd5ad8ab562ff99	crates/veln-stdlib/veln/http2/core_test.veln#test header_list_validation_reports_response_and_trailer_failures(
helper	main.veln:10749:require_equal_int	e64c2be3638e4202c178959ff9518bf578a2cedb7fd341618b5c87f2feabaf70	6f0281bc7f27189bbed8bc4b29a0c3efd7236412ef25303ffdd5ad8ab562ff99	crates/veln-stdlib/veln/http2/core_test.veln#test header_list_validation_reports_response_and_trailer_failures(
helper	main.veln:10752:require_frame_decoded	633116e60db6f6a8a7265fb05abc36d0461a347ff131a238906f364f9ceace20	6f0281bc7f27189bbed8bc4b29a0c3efd7236412ef25303ffdd5ad8ab562ff99	crates/veln-stdlib/veln/http2/core_test.veln#test header_list_validation_reports_response_and_trailer_failures(
helper	main.veln:10753:require_equal_int	3d474d32d25ff42dbaf26e6f8392d04cf781001530dabe83ae9e1ae96c1c0b04	6f0281bc7f27189bbed8bc4b29a0c3efd7236412ef25303ffdd5ad8ab562ff99	crates/veln-stdlib/veln/http2/core_test.veln#test header_list_validation_reports_response_and_trailer_failures(
helper	main.veln:10757:require_frame_decoded	1c8e7ade490fa38839235ef9fc3450b3c80456ae317fac993f5cbbb8f58a9f63	6f0281bc7f27189bbed8bc4b29a0c3efd7236412ef25303ffdd5ad8ab562ff99	crates/veln-stdlib/veln/http2/core_test.veln#test header_list_validation_reports_response_and_trailer_failures(
helper	main.veln:10759:require_no_content_body_failure_context	a745f2cbe63293d28033b8a3ba3d49d98b6c669e67709c774c05e5d80bb84202	6f0281bc7f27189bbed8bc4b29a0c3efd7236412ef25303ffdd5ad8ab562ff99	crates/veln-stdlib/veln/http2/core_test.veln#test header_list_validation_reports_response_and_trailer_failures(
helper	main.veln:10761:require_no_content_body_failure_context	ed1f4fc2eca68c82eaa562cd5745c05e0cb3af0f6bbcf843154c6f3eac5018b0	6f0281bc7f27189bbed8bc4b29a0c3efd7236412ef25303ffdd5ad8ab562ff99	crates/veln-stdlib/veln/http2/core_test.veln#test header_list_validation_reports_response_and_trailer_failures(
helper	main.veln:10836:require_outbound_settings_accepted	6db51a25d5809a2f30fc88c03a8e104146a2075caabaea38ca2aa7cecd364333	da6b1bfb176cd4566b7bf42169f00e373000587fc061f5b56694d676ae837fed	crates/veln-stdlib/veln/http2/core_test.veln#test header_list_validation_covers_extended_connect_negotiation(
helper	main.veln:10839:require_frame_decoded	f1eb1ce0e6f8e315ab99615d00e6c06c9675bc8bf062f4c96b960ce57f9f9812	da6b1bfb176cd4566b7bf42169f00e373000587fc061f5b56694d676ae837fed	crates/veln-stdlib/veln/http2/core_test.veln#test header_list_validation_covers_extended_connect_negotiation(
helper	main.veln:10842:require_frame_decoded	f1832246b9a2059bd938f5872fb3d1ef30434bb03a24642389743ecb86c25c26	da6b1bfb176cd4566b7bf42169f00e373000587fc061f5b56694d676ae837fed	crates/veln-stdlib/veln/http2/core_test.veln#test header_list_validation_covers_extended_connect_negotiation(
helper	main.veln:10844:require_request_header_failure_detail	60e546850c6e5c3bae199c7d95bf04d8226bf5c739ef3c042faa9b0d24929436	da6b1bfb176cd4566b7bf42169f00e373000587fc061f5b56694d676ae837fed	crates/veln-stdlib/veln/http2/core_test.veln#test header_list_validation_covers_extended_connect_negotiation(
helper	main.veln:10845:require_peer_stream_failure_preserves_connection_state	ba6609dbac8c7e0ff45c38038257ce185b74b7fe5b909660ef06274377702bca	da6b1bfb176cd4566b7bf42169f00e373000587fc061f5b56694d676ae837fed	crates/veln-stdlib/veln/http2/core_test.veln#test header_list_validation_covers_extended_connect_negotiation(
helper	main.veln:10848:require_request_header_failure_detail	daaa1a52e93036827f56a5ebe4574f5980c4b1a36570f0ae46cb3e6fc05eed95	da6b1bfb176cd4566b7bf42169f00e373000587fc061f5b56694d676ae837fed	crates/veln-stdlib/veln/http2/core_test.veln#test header_list_validation_covers_extended_connect_negotiation(
helper	main.veln:10849:require_peer_stream_failure_preserves_connection_state	6230829fba1d44f8c740a1437630446063242d86f49e7ccaa166131a9605ae2e	da6b1bfb176cd4566b7bf42169f00e373000587fc061f5b56694d676ae837fed	crates/veln-stdlib/veln/http2/core_test.veln#test header_list_validation_covers_extended_connect_negotiation(
helper	main.veln:10851:require_frame_decoded	dc8bbce5c014e81552a5de1777f44d47fd039f2505e728de1fec487348b7d714	da6b1bfb176cd4566b7bf42169f00e373000587fc061f5b56694d676ae837fed	crates/veln-stdlib/veln/http2/core_test.veln#test header_list_validation_covers_extended_connect_negotiation(
helper	main.veln:10853:require_frame_decoded	cc357ed9854f6f21fa70c39c658e15ff29bfb3aa588a032c06e6a1e52bbd0d01	da6b1bfb176cd4566b7bf42169f00e373000587fc061f5b56694d676ae837fed	crates/veln-stdlib/veln/http2/core_test.veln#test header_list_validation_covers_extended_connect_negotiation(
helper	main.veln:10856:require_request_header_failure_fact	025abad10403c97cfefaf9bb79497ee2f6c29a8d0056aec654757f9f3dc2d3bd	da6b1bfb176cd4566b7bf42169f00e373000587fc061f5b56694d676ae837fed	crates/veln-stdlib/veln/http2/core_test.veln#test header_list_validation_covers_extended_connect_negotiation(
helper	main.veln:10860:require_frame_decoded	e86f33cd7263a0979078e953116f63f07459959407dac15115c188602ea7703b	da6b1bfb176cd4566b7bf42169f00e373000587fc061f5b56694d676ae837fed	crates/veln-stdlib/veln/http2/core_test.veln#test header_list_validation_covers_extended_connect_negotiation(
helper	main.veln:10862:require_request_header_failure_fact	2d73eee29e542e57bd619a07570ff3ac108c6c46ab30267c60cb363e1450926a	da6b1bfb176cd4566b7bf42169f00e373000587fc061f5b56694d676ae837fed	crates/veln-stdlib/veln/http2/core_test.veln#test header_list_validation_covers_extended_connect_negotiation(
helper	main.veln:10864:require_request_header_failure_fact	ccebc01660cea722ab6addb64dd599f98826aca7e560c8f07f9fbfeb8e46a303	da6b1bfb176cd4566b7bf42169f00e373000587fc061f5b56694d676ae837fed	crates/veln-stdlib/veln/http2/core_test.veln#test header_list_validation_covers_extended_connect_negotiation(
helper	main.veln:10866:require_request_header_failure_fact	e465f5f2bbe9b309238fae1d8dbe06a624cc3ad03bfd8c847999a5b8cd6a1a87	da6b1bfb176cd4566b7bf42169f00e373000587fc061f5b56694d676ae837fed	crates/veln-stdlib/veln/http2/core_test.veln#test header_list_validation_covers_extended_connect_negotiation(
helper	main.veln:10868:require_request_header_failure_fact	e8161bef26b40c1185b0a9c7184fd31352a6ae9ede0cb75538ddc8b517a83913	da6b1bfb176cd4566b7bf42169f00e373000587fc061f5b56694d676ae837fed	crates/veln-stdlib/veln/http2/core_test.veln#test header_list_validation_covers_extended_connect_negotiation(
helper	main.veln:10870:require_request_header_failure_fact	aa5a03a1e1be326f81ff1172ff662bb9a8e3e5f3944dbdf938a026e3535eb424	da6b1bfb176cd4566b7bf42169f00e373000587fc061f5b56694d676ae837fed	crates/veln-stdlib/veln/http2/core_test.veln#test header_list_validation_covers_extended_connect_negotiation(
helper	main.veln:10872:require_request_header_failure_fact	ef7c14b9ccfdd2c501c0185434fc61fa22c1958c69c6526726fae6913f4e454b	da6b1bfb176cd4566b7bf42169f00e373000587fc061f5b56694d676ae837fed	crates/veln-stdlib/veln/http2/core_test.veln#test header_list_validation_covers_extended_connect_negotiation(
helper	main.veln:10874:require_frame_decoded	02acaf481e767c6aaf7681c34581809ff75d21fbb69767c71092b60c4be5c003	da6b1bfb176cd4566b7bf42169f00e373000587fc061f5b56694d676ae837fed	crates/veln-stdlib/veln/http2/core_test.veln#test header_list_validation_covers_extended_connect_negotiation(
helper	main.veln:10876:require_frame_decoded	a9da74d664a96f098bfee4b82db01a26938716440e5ee780e43e25177ac36cd2	da6b1bfb176cd4566b7bf42169f00e373000587fc061f5b56694d676ae837fed	crates/veln-stdlib/veln/http2/core_test.veln#test header_list_validation_covers_extended_connect_negotiation(
helper	main.veln:10877:require_equal_int	b8b27b75ae0499e334422cb5ab934cb991de036824bc8760821f328cd93cbcf6	da6b1bfb176cd4566b7bf42169f00e373000587fc061f5b56694d676ae837fed	crates/veln-stdlib/veln/http2/core_test.veln#test header_list_validation_covers_extended_connect_negotiation(
helper	main.veln:10878:require_equal_int	e1aebd92457ed27e36a1037e77c3af70dbd148b38668ecdeecbc162d2626d1c5	da6b1bfb176cd4566b7bf42169f00e373000587fc061f5b56694d676ae837fed	crates/veln-stdlib/veln/http2/core_test.veln#test header_list_validation_covers_extended_connect_negotiation(
helper	main.veln:10880:require_failure_with_id	5f0383121d60cc0588d00d7409f30a46809747f4f4577d0431056ea95063d329	da6b1bfb176cd4566b7bf42169f00e373000587fc061f5b56694d676ae837fed	crates/veln-stdlib/veln/http2/core_test.veln#test header_list_validation_covers_extended_connect_negotiation(
helper	main.veln:10882:require_failure_with_id	96ccbf61974201dd4d9dc6a1bf806ea5ad609f9a8221823643e8473a6810dcb5	da6b1bfb176cd4566b7bf42169f00e373000587fc061f5b56694d676ae837fed	crates/veln-stdlib/veln/http2/core_test.veln#test header_list_validation_covers_extended_connect_negotiation(
helper	main.veln:10889:require_equal_int	8e832c9a6c956c87ac0449092b2ebb55c62d0f12c910cd32fe03503b69d50cd7	da6b1bfb176cd4566b7bf42169f00e373000587fc061f5b56694d676ae837fed	crates/veln-stdlib/veln/http2/core_test.veln#test header_list_validation_covers_extended_connect_negotiation(
helper	main.veln:10891:require_outbound_settings_rejected_for_role	2dc5f5aad00e4f54b9e9e9bde10c74eb996c7dce486124e735d3c364904ac371	da6b1bfb176cd4566b7bf42169f00e373000587fc061f5b56694d676ae837fed	crates/veln-stdlib/veln/http2/core_test.veln#test header_list_validation_covers_extended_connect_negotiation(
helper	main.veln:10892:require_equal_int	1702c6368bd9d6f651441807817488ce4aa36cb419eae42d299c165f3210c07a	da6b1bfb176cd4566b7bf42169f00e373000587fc061f5b56694d676ae837fed	crates/veln-stdlib/veln/http2/core_test.veln#test header_list_validation_covers_extended_connect_negotiation(
helper	main.veln:10897:require_frame_decoded	6b7f57e107d98441fc8032bf53868c26dd5de755ce0389be28cab21b1d34e344	9b6559ad31d9c501f812485c5938b4ca902e4017bcaf1a0f74d42a9ff41ec425	crates/veln-stdlib/veln/http2/core_test.veln#test header_list_validation_reports_request_failures_with_context(
helper	main.veln:10899:require_frame_decoded	71f579461fed1fcf2b9171cd8bf0e5bbaa8499a8080daf0a51e2a22d2f6ccf4c	9b6559ad31d9c501f812485c5938b4ca902e4017bcaf1a0f74d42a9ff41ec425	crates/veln-stdlib/veln/http2/core_test.veln#test header_list_validation_reports_request_failures_with_context(
helper	main.veln:10901:require_frame_decoded	5d57effd240f481817e822cbe9aee851414593d2a599cbd3d3a4e1ed2e36b6d7	9b6559ad31d9c501f812485c5938b4ca902e4017bcaf1a0f74d42a9ff41ec425	crates/veln-stdlib/veln/http2/core_test.veln#test header_list_validation_reports_request_failures_with_context(
helper	main.veln:10903:require_frame_decoded	d453e5f0ab7d713d254582827175916989b430880c57c182fe90bc78af00f7aa	9b6559ad31d9c501f812485c5938b4ca902e4017bcaf1a0f74d42a9ff41ec425	crates/veln-stdlib/veln/http2/core_test.veln#test header_list_validation_reports_request_failures_with_context(
helper	main.veln:10905:require_request_header_failure_detail	8833efd0d492f6488b1e1a6a079f8e7303b0a2f2eb1262f70c5b92a834e9c6d8	9b6559ad31d9c501f812485c5938b4ca902e4017bcaf1a0f74d42a9ff41ec425	crates/veln-stdlib/veln/http2/core_test.veln#test header_list_validation_reports_request_failures_with_context(
helper	main.veln:10907:require_request_header_failure_detail	b530fee8944792aeeaf7ff43cea6601f8f98cc0f94c21f99358cf11c8eaf3225	9b6559ad31d9c501f812485c5938b4ca902e4017bcaf1a0f74d42a9ff41ec425	crates/veln-stdlib/veln/http2/core_test.veln#test header_list_validation_reports_request_failures_with_context(
helper	main.veln:10909:require_request_header_failure_detail	1a007d49249cde6f05cd13d9a7df88fd9e3484167c1f83ddcc95cd128969ef27	9b6559ad31d9c501f812485c5938b4ca902e4017bcaf1a0f74d42a9ff41ec425	crates/veln-stdlib/veln/http2/core_test.veln#test header_list_validation_reports_request_failures_with_context(
helper	main.veln:10912:require_request_header_failure_detail	2985a57bc25d68b2cb048b55cdc1d87ed17d8f757b051eee5ae6d6a3306cb08a	9b6559ad31d9c501f812485c5938b4ca902e4017bcaf1a0f74d42a9ff41ec425	crates/veln-stdlib/veln/http2/core_test.veln#test header_list_validation_reports_request_failures_with_context(
helper	main.veln:10915:require_frame_decoded	fa2d4e175d6f3c4b9878290e4afbc8f2c1393f5921ad8d0ff87ff88b9bf722ec	9b6559ad31d9c501f812485c5938b4ca902e4017bcaf1a0f74d42a9ff41ec425	crates/veln-stdlib/veln/http2/core_test.veln#test header_list_validation_reports_request_failures_with_context(
helper	main.veln:10920:require_frame_decoded	8603994ec7a6366cbead24979728da8bb7738d9a93dbc21fd24c3e22b7961f6f	9b6559ad31d9c501f812485c5938b4ca902e4017bcaf1a0f74d42a9ff41ec425	crates/veln-stdlib/veln/http2/core_test.veln#test header_list_validation_reports_request_failures_with_context(
helper	main.veln:10922:require_frame_decoded	1de0d9a39ca2573e663f9cb0e75874095db9551699cb327edae101631bfdb8c1	9b6559ad31d9c501f812485c5938b4ca902e4017bcaf1a0f74d42a9ff41ec425	crates/veln-stdlib/veln/http2/core_test.veln#test header_list_validation_reports_request_failures_with_context(
helper	main.veln:10924:require_frame_decoded	446fe0067e8e2adb0cd160a6ae0187f302ca38bad7fe3e385c4d3a28401f4852	9b6559ad31d9c501f812485c5938b4ca902e4017bcaf1a0f74d42a9ff41ec425	crates/veln-stdlib/veln/http2/core_test.veln#test header_list_validation_reports_request_failures_with_context(
helper	main.veln:10926:require_request_header_failure_detail	3c2a08b7ceda047bc4e0ccc300fc1ddf063a47ece13a164c4c1b496f9c7009e0	9b6559ad31d9c501f812485c5938b4ca902e4017bcaf1a0f74d42a9ff41ec425	crates/veln-stdlib/veln/http2/core_test.veln#test header_list_validation_reports_request_failures_with_context(
helper	main.veln:10928:require_request_header_failure_detail	c2b99bf67263faf4cccbd3ced8d60063ef08915a6945dc47ae2ec1103c2ef4dd	9b6559ad31d9c501f812485c5938b4ca902e4017bcaf1a0f74d42a9ff41ec425	crates/veln-stdlib/veln/http2/core_test.veln#test header_list_validation_reports_request_failures_with_context(
helper	main.veln:10930:require_request_header_failure_detail	0c9e32aa7d4dcb21c4b3868662e26ec72426bb92474fe8ec91a48c4274f72202	9b6559ad31d9c501f812485c5938b4ca902e4017bcaf1a0f74d42a9ff41ec425	crates/veln-stdlib/veln/http2/core_test.veln#test header_list_validation_reports_request_failures_with_context(
helper	main.veln:10933:require_request_header_failure_detail	a1db87ba716276f4ecd6a88950a64d45e0b3bd80f9ed8b2bcba8458ca8fab2c5	9b6559ad31d9c501f812485c5938b4ca902e4017bcaf1a0f74d42a9ff41ec425	crates/veln-stdlib/veln/http2/core_test.veln#test header_list_validation_reports_request_failures_with_context(
helper	main.veln:10936:require_frame_decoded	668f849149748756a9dfbe0317a096021de4dbe8d7700c7964acc61b7c652ca7	9b6559ad31d9c501f812485c5938b4ca902e4017bcaf1a0f74d42a9ff41ec425	crates/veln-stdlib/veln/http2/core_test.veln#test header_list_validation_reports_request_failures_with_context(
helper	main.veln:10941:require_frame_decoded	425898fe0092dde18ed3261418f8d38a2e8a5388f489ccc4c1012e66b3942a44	9b6559ad31d9c501f812485c5938b4ca902e4017bcaf1a0f74d42a9ff41ec425	crates/veln-stdlib/veln/http2/core_test.veln#test header_list_validation_reports_request_failures_with_context(
helper	main.veln:10943:require_frame_decoded	7a19465a1f669a2bc74ab6853a3501ff74df225ce1a94d6714d304c24a284416	9b6559ad31d9c501f812485c5938b4ca902e4017bcaf1a0f74d42a9ff41ec425	crates/veln-stdlib/veln/http2/core_test.veln#test header_list_validation_reports_request_failures_with_context(
helper	main.veln:10945:require_request_header_failure_fact	abe444c2a0672bc578203d9da746af54f7f016ed62a9e8d031c18cf5e7b9247e	9b6559ad31d9c501f812485c5938b4ca902e4017bcaf1a0f74d42a9ff41ec425	crates/veln-stdlib/veln/http2/core_test.veln#test header_list_validation_reports_request_failures_with_context(
helper	main.veln:10947:require_request_header_failure_fact	4fe814299e64d40667bff32ae0540eb86bc9792268dc4718d86768f0c1e7678c	9b6559ad31d9c501f812485c5938b4ca902e4017bcaf1a0f74d42a9ff41ec425	crates/veln-stdlib/veln/http2/core_test.veln#test header_list_validation_reports_request_failures_with_context(
helper	main.veln:10949:require_request_header_failure_fact	1a4358fe3ada5a2c07b9108d65f159ab9029c6fe25016cfffe8285be3dde08db	9b6559ad31d9c501f812485c5938b4ca902e4017bcaf1a0f74d42a9ff41ec425	crates/veln-stdlib/veln/http2/core_test.veln#test header_list_validation_reports_request_failures_with_context(
helper	main.veln:10951:require_request_header_failure_fact	17948bb6930ea9a6a87f7ea7579b1ba52e46756c2dc8d799a0b5edd88f7712ba	9b6559ad31d9c501f812485c5938b4ca902e4017bcaf1a0f74d42a9ff41ec425	crates/veln-stdlib/veln/http2/core_test.veln#test header_list_validation_reports_request_failures_with_context(
helper	main.veln:10953:require_request_header_failure_fact	8c51ccf258b1d3fbc2641483686113db8d39afd2616142768fbf9a4442654604	9b6559ad31d9c501f812485c5938b4ca902e4017bcaf1a0f74d42a9ff41ec425	crates/veln-stdlib/veln/http2/core_test.veln#test header_list_validation_reports_request_failures_with_context(
helper	main.veln:10955:require_request_header_failure_fact	0e3e027838a6de71821290640b35dda1089e023ea126ec42ab94f1b8b5b12c29	9b6559ad31d9c501f812485c5938b4ca902e4017bcaf1a0f74d42a9ff41ec425	crates/veln-stdlib/veln/http2/core_test.veln#test header_list_validation_reports_request_failures_with_context(
helper	main.veln:10958:require_frame_decoded	9c37302ec0a6ffa775a93decb088fc0e9582dff9d8a11b79054d667f17467ca3	9b6559ad31d9c501f812485c5938b4ca902e4017bcaf1a0f74d42a9ff41ec425	crates/veln-stdlib/veln/http2/core_test.veln#test header_list_validation_reports_request_failures_with_context(
helper	main.veln:10961:require_request_header_failure_fact	a77bf15bd3ce1d630e446e9a4d09fe2aee28784f8950d80c0ea356a1baaf6a95	9b6559ad31d9c501f812485c5938b4ca902e4017bcaf1a0f74d42a9ff41ec425	crates/veln-stdlib/veln/http2/core_test.veln#test header_list_validation_reports_request_failures_with_context(
helper	main.veln:11005:require_hpack_fixture_failure	45d7dcfa085efa9d3569e1bd3160eab2f0da67fa79ec172314d28d3c0a41b2ef	d5418e062cec915a0af7fa69f8ea17cbedb2bacd566283b2be19216a87d6c4e1	crates/veln-stdlib/veln/http2/hpack_test.veln#test header_block_decoder_preserves_order_octets_and_dynamic_transitions(
helper	main.veln:11025:require_hpack_transition_header	1cbe6b400196486f45079a3bf62225374c401b8d6620df74fb0378617ff9961a	d5418e062cec915a0af7fa69f8ea17cbedb2bacd566283b2be19216a87d6c4e1	crates/veln-stdlib/veln/http2/hpack_test.veln#test header_block_decoder_preserves_order_octets_and_dynamic_transitions(
helper	main.veln:11041:require_hpack_transition_header	1de1cf2c41ded26d6e48bc0d06e8e1993c0d2438e65ab36f6b5a9f36b1dbfc88	d5418e062cec915a0af7fa69f8ea17cbedb2bacd566283b2be19216a87d6c4e1	crates/veln-stdlib/veln/http2/hpack_test.veln#test header_block_decoder_preserves_order_octets_and_dynamic_transitions(
helper	main.veln:11046:require_hpack_transition_header	2c8b52a6530e91d2edbb53af487b987e93984cc6888afbd9b3d30f5aee957df6	d5418e062cec915a0af7fa69f8ea17cbedb2bacd566283b2be19216a87d6c4e1	crates/veln-stdlib/veln/http2/hpack_test.veln#test header_block_decoder_preserves_order_octets_and_dynamic_transitions(
helper	main.veln:11051:require_hpack_transition_header	b916b3b51110d849454f4153102d3cf3b29176767b4466039049f596501fc474	d5418e062cec915a0af7fa69f8ea17cbedb2bacd566283b2be19216a87d6c4e1	crates/veln-stdlib/veln/http2/hpack_test.veln#test header_block_decoder_preserves_order_octets_and_dynamic_transitions(
helper	main.veln:11054:require_hpack_dynamic_core_index_failure	425941863124bfa49fc42cb4fa01d8785cab7eb0abc92196d8bce41dcc719485	d5418e062cec915a0af7fa69f8ea17cbedb2bacd566283b2be19216a87d6c4e1	crates/veln-stdlib/veln/http2/hpack_test.veln#test header_block_decoder_preserves_order_octets_and_dynamic_transitions(
helper	main.veln:11059:require_hpack_transition_header	a6268ba6175f3b46d6c265e8dd7d0e50a25ab607c444bfed5f6b9533a76aae06	d5418e062cec915a0af7fa69f8ea17cbedb2bacd566283b2be19216a87d6c4e1	crates/veln-stdlib/veln/http2/hpack_test.veln#test header_block_decoder_preserves_order_octets_and_dynamic_transitions(
helper	main.veln:11064:require_hpack_transition_header	0425d54e24984d724348ae507bb183ceb3623a65570febe36a5135d736fa49b8	d5418e062cec915a0af7fa69f8ea17cbedb2bacd566283b2be19216a87d6c4e1	crates/veln-stdlib/veln/http2/hpack_test.veln#test header_block_decoder_preserves_order_octets_and_dynamic_transitions(
helper	main.veln:11069:require_hpack_transition_header	838d9c9a2f3f3784e2889dea6cf8fd8f102e0bdd1e905c4e2da5d440c8f14cb5	d5418e062cec915a0af7fa69f8ea17cbedb2bacd566283b2be19216a87d6c4e1	crates/veln-stdlib/veln/http2/hpack_test.veln#test header_block_decoder_preserves_order_octets_and_dynamic_transitions(
helper	main.veln:11074:require_hpack_transition_header	318bea47bb352ca40d2da1511d9670276aab5a092ccd0e050023f591e6220e86	d5418e062cec915a0af7fa69f8ea17cbedb2bacd566283b2be19216a87d6c4e1	crates/veln-stdlib/veln/http2/hpack_test.veln#test header_block_decoder_preserves_order_octets_and_dynamic_transitions(
helper	main.veln:11079:require_hpack_transition_header	8a4a254e96f1ced3a39e5fa6499523ed431e363b91e8f5bd73e0ad31cd0c07f5	d5418e062cec915a0af7fa69f8ea17cbedb2bacd566283b2be19216a87d6c4e1	crates/veln-stdlib/veln/http2/hpack_test.veln#test header_block_decoder_preserves_order_octets_and_dynamic_transitions(
helper	main.veln:11084:require_hpack_transition_header	629366b050a1d1332030b1c3db1818d59cd7e1fbff4cf85db761a27acd59bafd	d5418e062cec915a0af7fa69f8ea17cbedb2bacd566283b2be19216a87d6c4e1	crates/veln-stdlib/veln/http2/hpack_test.veln#test header_block_decoder_preserves_order_octets_and_dynamic_transitions(
helper	main.veln:11095:require_hpack_transition_header	da64f6f10a0c780ab084d23392e5b08b5d5073127e871866dd21bf82dae7a568	d5418e062cec915a0af7fa69f8ea17cbedb2bacd566283b2be19216a87d6c4e1	crates/veln-stdlib/veln/http2/hpack_test.veln#test header_block_decoder_preserves_order_octets_and_dynamic_transitions(
helper	main.veln:11106:require_hpack_transition_header	4a77a45a256d9ee72622b273dfab555873f5255ccdd74d18c1ad44ca217f6df5	d5418e062cec915a0af7fa69f8ea17cbedb2bacd566283b2be19216a87d6c4e1	crates/veln-stdlib/veln/http2/hpack_test.veln#test header_block_decoder_preserves_order_octets_and_dynamic_transitions(
helper	main.veln:11117:require_hpack_transition_header	de773a1c7c9c350c3e62e0b38825b3819e4475bf3ad4a2c35fdc847a48116ae9	d5418e062cec915a0af7fa69f8ea17cbedb2bacd566283b2be19216a87d6c4e1	crates/veln-stdlib/veln/http2/hpack_test.veln#test header_block_decoder_preserves_order_octets_and_dynamic_transitions(
helper	main.veln:11130:require_hpack_transition_header	69dffec88fbfbcccd3b7d7828bd59e6b0e389c05e6e3b40ffce9f2dfe07f681b	d5418e062cec915a0af7fa69f8ea17cbedb2bacd566283b2be19216a87d6c4e1	crates/veln-stdlib/veln/http2/hpack_test.veln#test header_block_decoder_preserves_order_octets_and_dynamic_transitions(
helper	main.veln:11133:require_hpack_fixture_failure	0ea6d4f4f910eeef395814df221ebae630bf08c0d6f0dc9e244331a1ed0d9dc0	d5418e062cec915a0af7fa69f8ea17cbedb2bacd566283b2be19216a87d6c4e1	crates/veln-stdlib/veln/http2/hpack_test.veln#test header_block_decoder_preserves_order_octets_and_dynamic_transitions(
helper	main.veln:11150:require_projected_hpack_fixture_failure	54b4259a1f91772383dc7d78f427e8655c6f5c285cb9ac0d2d3e45b9e8196ae8	40ca611a7f79b1fe1f367a4c76c14745f4e7fdf768ff2e83976efcc2b3cfe461	crates/veln-stdlib/veln/http2/hpack_test.veln#test header_block_decoder_preserves_nested_failures_and_input_state(
helper	main.veln:11153:require_projected_hpack_fixture_failure	709569e4d531d5f4d8ede25ecab29041f01486957593484d6c24193552c23725	40ca611a7f79b1fe1f367a4c76c14745f4e7fdf768ff2e83976efcc2b3cfe461	crates/veln-stdlib/veln/http2/hpack_test.veln#test header_block_decoder_preserves_nested_failures_and_input_state(
helper	main.veln:11156:require_projected_hpack_fixture_failure	76ea04d7724e17a42c9f280aac5551c432f4a9d001e561d56d5bf75187f5755d	40ca611a7f79b1fe1f367a4c76c14745f4e7fdf768ff2e83976efcc2b3cfe461	crates/veln-stdlib/veln/http2/hpack_test.veln#test header_block_decoder_preserves_nested_failures_and_input_state(
helper	main.veln:11161:require_projected_hpack_fixture_failure	2e56ed745603f44372d30a6d2783a75d239f83c2ee4ce6993debc977e09212ab	40ca611a7f79b1fe1f367a4c76c14745f4e7fdf768ff2e83976efcc2b3cfe461	crates/veln-stdlib/veln/http2/hpack_test.veln#test header_block_decoder_preserves_nested_failures_and_input_state(
helper	main.veln:11182:require_frame_decoded	2ce032515d2b721190b8088453913463cfbb99baa5a66578d995ce72efeab7ed	d5418e062cec915a0af7fa69f8ea17cbedb2bacd566283b2be19216a87d6c4e1	crates/veln-stdlib/veln/http2/hpack_test.veln#test header_block_decoder_preserves_order_octets_and_dynamic_transitions(
helper	main.veln:11200:require_hpack_transition_header	afeb11b4aa801ea40a41db0cb7a6669cd79ae21dba32d344928674bfa6d561b7	d5418e062cec915a0af7fa69f8ea17cbedb2bacd566283b2be19216a87d6c4e1	crates/veln-stdlib/veln/http2/hpack_test.veln#test header_block_decoder_preserves_order_octets_and_dynamic_transitions(
helper	main.veln:11205:require_hpack_transition_header	c0cd4f97a871085a69340abd7ff5746fa49ac7b227b3bcc9d883663146bf05bd	d5418e062cec915a0af7fa69f8ea17cbedb2bacd566283b2be19216a87d6c4e1	crates/veln-stdlib/veln/http2/hpack_test.veln#test header_block_decoder_preserves_order_octets_and_dynamic_transitions(
helper	main.veln:11209:require_hpack_transition_header	10ba643d9eb53c0ca3a7777fa4472cb69a93daaff4927ddde6a98cdfd3436641	d5418e062cec915a0af7fa69f8ea17cbedb2bacd566283b2be19216a87d6c4e1	crates/veln-stdlib/veln/http2/hpack_test.veln#test header_block_decoder_preserves_order_octets_and_dynamic_transitions(
helper	main.veln:11214:require_hpack_transition_header	cb2065d2b2ae99c996042681d453d12a8a62417d6819cec4005a7e8eec13b4d9	d5418e062cec915a0af7fa69f8ea17cbedb2bacd566283b2be19216a87d6c4e1	crates/veln-stdlib/veln/http2/hpack_test.veln#test header_block_decoder_preserves_order_octets_and_dynamic_transitions(
helper	main.veln:11219:require_hpack_transition_header	61ef860cd8295abecf06e7b8ebfc55ea15b0d6642048ab0229a89f13a6f4c32f	d5418e062cec915a0af7fa69f8ea17cbedb2bacd566283b2be19216a87d6c4e1	crates/veln-stdlib/veln/http2/hpack_test.veln#test header_block_decoder_preserves_order_octets_and_dynamic_transitions(
helper	main.veln:11223:require_hpack_transition_header	29ab6ee69eb5994cfe24b87a58255a5835b0757ac4b241ce508a68370baf0512	d5418e062cec915a0af7fa69f8ea17cbedb2bacd566283b2be19216a87d6c4e1	crates/veln-stdlib/veln/http2/hpack_test.veln#test header_block_decoder_preserves_order_octets_and_dynamic_transitions(
helper	main.veln:11270:require_hpack_state_table_size	d2d537516f238a59eeae0519205388707118fd48f1098346f94ad66cd9b59b24	d5418e062cec915a0af7fa69f8ea17cbedb2bacd566283b2be19216a87d6c4e1	crates/veln-stdlib/veln/http2/hpack_test.veln#test header_block_decoder_preserves_order_octets_and_dynamic_transitions(
helper	main.veln:11279:require_hpack_fixture_failure	5a5326d72bf93adccc10860680743c86a78f9fde8c1e0828c9d3e01167be1962	d5418e062cec915a0af7fa69f8ea17cbedb2bacd566283b2be19216a87d6c4e1	crates/veln-stdlib/veln/http2/hpack_test.veln#test header_block_decoder_preserves_order_octets_and_dynamic_transitions(
helper	main.veln:11294:require_hpack_state_table_size	ce8161684c59a5fc52d6a89342220cccd74bf7b314a9d602e894a40818e36b46	d5418e062cec915a0af7fa69f8ea17cbedb2bacd566283b2be19216a87d6c4e1	crates/veln-stdlib/veln/http2/hpack_test.veln#test header_block_decoder_preserves_order_octets_and_dynamic_transitions(
helper	main.veln:11298:require_hpack_transition_header	40f1891a0b72eb6bf2ce0ca1b7dd93861fbf81914517936da31bdcf2610f355c	d5418e062cec915a0af7fa69f8ea17cbedb2bacd566283b2be19216a87d6c4e1	crates/veln-stdlib/veln/http2/hpack_test.veln#test header_block_decoder_preserves_order_octets_and_dynamic_transitions(
helper	main.veln:11301:require_hpack_fixture_failure	c409685b15dc9aa472346ef7b6abca66f14cb9ecaed9666aff9398cc71963f81	d5418e062cec915a0af7fa69f8ea17cbedb2bacd566283b2be19216a87d6c4e1	crates/veln-stdlib/veln/http2/hpack_test.veln#test header_block_decoder_preserves_order_octets_and_dynamic_transitions(
helper	main.veln:11307:require_hpack_transition_header	da579f3ff61a61ef3052ffd71b5e804a4672e78999e3972e805709fa261d3da3	d5418e062cec915a0af7fa69f8ea17cbedb2bacd566283b2be19216a87d6c4e1	crates/veln-stdlib/veln/http2/hpack_test.veln#test header_block_decoder_preserves_order_octets_and_dynamic_transitions(
helper	main.veln:11315:require_hpack_state_table_size	910cfe194f46ddd2d635f7c15b18a5120b4397e772404a5050158eed7135c42a	d5418e062cec915a0af7fa69f8ea17cbedb2bacd566283b2be19216a87d6c4e1	crates/veln-stdlib/veln/http2/hpack_test.veln#test header_block_decoder_preserves_order_octets_and_dynamic_transitions(
helper	main.veln:11318:require_hpack_fixture_failure	937e9aca3f1b2c88cb9867c25b26e726d8bf965b8e67c0a8fe4a1412ae497676	d5418e062cec915a0af7fa69f8ea17cbedb2bacd566283b2be19216a87d6c4e1	crates/veln-stdlib/veln/http2/hpack_test.veln#test header_block_decoder_preserves_order_octets_and_dynamic_transitions(
helper	main.veln:11364:require_hpack_state_table_size	3eca8f59bea80799020d519c883b3f474a420e5d6ac8fa4dd6f60365f3822068	d5418e062cec915a0af7fa69f8ea17cbedb2bacd566283b2be19216a87d6c4e1	crates/veln-stdlib/veln/http2/hpack_test.veln#test header_block_decoder_preserves_order_octets_and_dynamic_transitions(
helper	main.veln:11368:require_hpack_transition_header	80c1d94763cf38a0bd873dd7744f6be20661fdbae99bbb7691152bba5ce59e5c	d5418e062cec915a0af7fa69f8ea17cbedb2bacd566283b2be19216a87d6c4e1	crates/veln-stdlib/veln/http2/hpack_test.veln#test header_block_decoder_preserves_order_octets_and_dynamic_transitions(
helper	main.veln:11371:require_hpack_fixture_failure	a25aa051cd3f38431fb34059801cdb62b9678869151f098a4b2f067bfc1141b0	d5418e062cec915a0af7fa69f8ea17cbedb2bacd566283b2be19216a87d6c4e1	crates/veln-stdlib/veln/http2/hpack_test.veln#test header_block_decoder_preserves_order_octets_and_dynamic_transitions(
helper	main.veln:11403:require_projected_hpack_fixture_failure	8e1b43c4741c9e7646b1c626031bd0904059d37bbedbd9f644580bfaa8ee5754	d5418e062cec915a0af7fa69f8ea17cbedb2bacd566283b2be19216a87d6c4e1	crates/veln-stdlib/veln/http2/hpack_test.veln#test header_block_decoder_preserves_order_octets_and_dynamic_transitions(
helper	main.veln:11418:require_hpack_transition_header	84cb2e59119ee6b40f44f81816191532d37d5908bf661cd08a42470fcb621bd4	d5418e062cec915a0af7fa69f8ea17cbedb2bacd566283b2be19216a87d6c4e1	crates/veln-stdlib/veln/http2/hpack_test.veln#test header_block_decoder_preserves_order_octets_and_dynamic_transitions(
helper	main.veln:11419:require_completed_header_list_decode	591bc4ad229c4e3e521a607338dbc137ba49989e38f7909daf95a2bb5f0e3e4c	d5418e062cec915a0af7fa69f8ea17cbedb2bacd566283b2be19216a87d6c4e1	crates/veln-stdlib/veln/http2/hpack_test.veln#test header_block_decoder_preserves_order_octets_and_dynamic_transitions(
helper	main.veln:11425:require_hpack_transition_header	9a5ee224bddcf387d1aeafe0bdb02af71039704bc257cdebf0df052bdf351c35	d5418e062cec915a0af7fa69f8ea17cbedb2bacd566283b2be19216a87d6c4e1	crates/veln-stdlib/veln/http2/hpack_test.veln#test header_block_decoder_preserves_order_octets_and_dynamic_transitions(
helper	main.veln:11432:require_hpack_transition_header	e02f8738e62e69ab8993d9032e589b2d724b3b9bc01d3dd18a7b5a7241126078	d5418e062cec915a0af7fa69f8ea17cbedb2bacd566283b2be19216a87d6c4e1	crates/veln-stdlib/veln/http2/hpack_test.veln#test header_block_decoder_preserves_order_octets_and_dynamic_transitions(
helper	main.veln:11433:require_completed_header_list_decode	a0c4a26193b8697dc5a58cea8f4ea9c30e6e05108b12fee1ed35c7920c2b7fcb	d5418e062cec915a0af7fa69f8ea17cbedb2bacd566283b2be19216a87d6c4e1	crates/veln-stdlib/veln/http2/hpack_test.veln#test header_block_decoder_preserves_order_octets_and_dynamic_transitions(
helper	main.veln:11439:require_hpack_transition_header	4c41b39529362c7a4011ba8028937406538193956e3dc01b1e7257e728587f35	d5418e062cec915a0af7fa69f8ea17cbedb2bacd566283b2be19216a87d6c4e1	crates/veln-stdlib/veln/http2/hpack_test.veln#test header_block_decoder_preserves_order_octets_and_dynamic_transitions(
helper	main.veln:11444:require_hpack_transition_header	64c95b6d29af2bfe67e07ac1f24e1ad04a32aee98df4d302342e99a3784af5e5	d5418e062cec915a0af7fa69f8ea17cbedb2bacd566283b2be19216a87d6c4e1	crates/veln-stdlib/veln/http2/hpack_test.veln#test header_block_decoder_preserves_order_octets_and_dynamic_transitions(
helper	main.veln:11450:require_hpack_transition_header	4d63459e8865956c39f9e11db4ed2e74a39a6ae5197bc0480a14bfbe63a8c6a7	d5418e062cec915a0af7fa69f8ea17cbedb2bacd566283b2be19216a87d6c4e1	crates/veln-stdlib/veln/http2/hpack_test.veln#test header_block_decoder_preserves_order_octets_and_dynamic_transitions(
helper	main.veln:11455:require_hpack_transition_header	4fa901ecc9073b1d00884bb4737279b3ce4eff8f341e728b0fab3f09c83011af	d5418e062cec915a0af7fa69f8ea17cbedb2bacd566283b2be19216a87d6c4e1	crates/veln-stdlib/veln/http2/hpack_test.veln#test header_block_decoder_preserves_order_octets_and_dynamic_transitions(
helper	main.veln:11456:require_completed_header_list_decode	a1f7bba58bde8583c2e7691599ed00bc31d330277c76ab789a469b5261f4066c	d5418e062cec915a0af7fa69f8ea17cbedb2bacd566283b2be19216a87d6c4e1	crates/veln-stdlib/veln/http2/hpack_test.veln#test header_block_decoder_preserves_order_octets_and_dynamic_transitions(
helper	main.veln:11462:require_hpack_transition_header	3c5d1e8c9addb0f5a3bc081f660dc0d33a76119d3080b6d65df13cc66c483118	d5418e062cec915a0af7fa69f8ea17cbedb2bacd566283b2be19216a87d6c4e1	crates/veln-stdlib/veln/http2/hpack_test.veln#test header_block_decoder_preserves_order_octets_and_dynamic_transitions(
helper	main.veln:11465:require_projected_hpack_fixture_failure	01ac1561f2661f32d810e11ac25861e469a138bde32b500e234ace717b43e3db	d5418e062cec915a0af7fa69f8ea17cbedb2bacd566283b2be19216a87d6c4e1	crates/veln-stdlib/veln/http2/hpack_test.veln#test header_block_decoder_preserves_order_octets_and_dynamic_transitions(
helper	main.veln:11472:require_hpack_transition_header	3c9734aa1fd3a0ea9257879cacd9c4352f49d6befccece9a0b7319ddeeae9aae	d5418e062cec915a0af7fa69f8ea17cbedb2bacd566283b2be19216a87d6c4e1	crates/veln-stdlib/veln/http2/hpack_test.veln#test header_block_decoder_preserves_order_octets_and_dynamic_transitions(
helper	main.veln:11478:require_hpack_transition_header	af18a65d1122daa0cb6469568e8ee468d15488f0921e4b46b1febebee16ed0dc	d5418e062cec915a0af7fa69f8ea17cbedb2bacd566283b2be19216a87d6c4e1	crates/veln-stdlib/veln/http2/hpack_test.veln#test header_block_decoder_preserves_order_octets_and_dynamic_transitions(
helper	main.veln:11485:require_hpack_transition_header	d0cbaa804dcd74c29ae54223323f993b8e64787645e32e03b3ed34bd557e110a	d5418e062cec915a0af7fa69f8ea17cbedb2bacd566283b2be19216a87d6c4e1	crates/veln-stdlib/veln/http2/hpack_test.veln#test header_block_decoder_preserves_order_octets_and_dynamic_transitions(
helper	main.veln:11486:require_completed_header_list_decode	0d6781a2ba92372c79bb17c5c674d4d7cd63d26d58c0591def8a44acc5772227	d5418e062cec915a0af7fa69f8ea17cbedb2bacd566283b2be19216a87d6c4e1	crates/veln-stdlib/veln/http2/hpack_test.veln#test header_block_decoder_preserves_order_octets_and_dynamic_transitions(
helper	main.veln:11492:require_hpack_transition_header	134ad95b3b118964afe91f644b490ab98c847c06084ea21d19b68397643abd35	d5418e062cec915a0af7fa69f8ea17cbedb2bacd566283b2be19216a87d6c4e1	crates/veln-stdlib/veln/http2/hpack_test.veln#test header_block_decoder_preserves_order_octets_and_dynamic_transitions(
helper	main.veln:11497:require_hpack_transition_header	4e23d6d7ef1dc27992d171e6c070799c8afafd6496ccf2cb2479d17cfd30b2ab	d5418e062cec915a0af7fa69f8ea17cbedb2bacd566283b2be19216a87d6c4e1	crates/veln-stdlib/veln/http2/hpack_test.veln#test header_block_decoder_preserves_order_octets_and_dynamic_transitions(
helper	main.veln:11500:require_hpack_fixture_failure	0f0d6741eddd8a613efa224ee065627aeafe5112afa25fab0554389c1a337e28	d5418e062cec915a0af7fa69f8ea17cbedb2bacd566283b2be19216a87d6c4e1	crates/veln-stdlib/veln/http2/hpack_test.veln#test header_block_decoder_preserves_order_octets_and_dynamic_transitions(
helper	main.veln:11507:require_hpack_state_table_size	f6a81da75c66a7ca76fe7f4f2c8e7ffac6e7e19835c9b99fa0c652f0baabba5b	d5418e062cec915a0af7fa69f8ea17cbedb2bacd566283b2be19216a87d6c4e1	crates/veln-stdlib/veln/http2/hpack_test.veln#test header_block_decoder_preserves_order_octets_and_dynamic_transitions(
helper	main.veln:11510:require_hpack_fixture_failure	0a223cf65fb292a9b86b587160e10ef0ecbdc1884431b41ab56b48123e98190f	d5418e062cec915a0af7fa69f8ea17cbedb2bacd566283b2be19216a87d6c4e1	crates/veln-stdlib/veln/http2/hpack_test.veln#test header_block_decoder_preserves_order_octets_and_dynamic_transitions(
helper	main.veln:11517:require_completed_header_list_decode	ae26a39f4f544decfcc7b2c2bc8f6b0174e84066bfaf7878e1b53ac7f5df382a	d5418e062cec915a0af7fa69f8ea17cbedb2bacd566283b2be19216a87d6c4e1	crates/veln-stdlib/veln/http2/hpack_test.veln#test header_block_decoder_preserves_order_octets_and_dynamic_transitions(
helper	main.veln:11518:require_hpack_state_table_size	6ea17b490f1a1541b5c03555489e3610312432def0766756c7a9a84be3ebd750	d5418e062cec915a0af7fa69f8ea17cbedb2bacd566283b2be19216a87d6c4e1	crates/veln-stdlib/veln/http2/hpack_test.veln#test header_block_decoder_preserves_order_octets_and_dynamic_transitions(
helper	main.veln:11521:require_completed_header_list_decode	26596aaf87be89910ed47a97fd21eeb51c61fc04fa9a4773a1397069276a1f9e	d5418e062cec915a0af7fa69f8ea17cbedb2bacd566283b2be19216a87d6c4e1	crates/veln-stdlib/veln/http2/hpack_test.veln#test header_block_decoder_preserves_order_octets_and_dynamic_transitions(
helper	main.veln:11522:require_hpack_state_table_size	d782eddbe5aa19dafb650a95e6d23ef7ccaacb1b9ecace3bd5818583c11e777c	d5418e062cec915a0af7fa69f8ea17cbedb2bacd566283b2be19216a87d6c4e1	crates/veln-stdlib/veln/http2/hpack_test.veln#test header_block_decoder_preserves_order_octets_and_dynamic_transitions(
helper	main.veln:11526:require_completed_header_list_decode	fc3c9642016e4a44f209e3fdc7b211b92f8a2cdcd0704ba42aec0897e54920e2	d5418e062cec915a0af7fa69f8ea17cbedb2bacd566283b2be19216a87d6c4e1	crates/veln-stdlib/veln/http2/hpack_test.veln#test header_block_decoder_preserves_order_octets_and_dynamic_transitions(
helper	main.veln:11527:require_hpack_state_table_size	ad205923cf70e818641a668db41ade6f35069ba933e95e748c42941abc289a4d	d5418e062cec915a0af7fa69f8ea17cbedb2bacd566283b2be19216a87d6c4e1	crates/veln-stdlib/veln/http2/hpack_test.veln#test header_block_decoder_preserves_order_octets_and_dynamic_transitions(
helper	main.veln:11528:require_hpack_state_dynamic_entry_count	c3f799e68b77ff1e3fd507fffbb45508c3b70859c2080d7c7204c1c90b2c63ce	d5418e062cec915a0af7fa69f8ea17cbedb2bacd566283b2be19216a87d6c4e1	crates/veln-stdlib/veln/http2/hpack_test.veln#test header_block_decoder_preserves_order_octets_and_dynamic_transitions(
helper	main.veln:11531:require_completed_header_list_decode	ccb67389e1cb98dd8ee744b6f9442cdcad980aa034da8e26d804a7a4a99a17d9	d5418e062cec915a0af7fa69f8ea17cbedb2bacd566283b2be19216a87d6c4e1	crates/veln-stdlib/veln/http2/hpack_test.veln#test header_block_decoder_preserves_order_octets_and_dynamic_transitions(
helper	main.veln:11532:require_hpack_state_table_size	b630538ded9826fef41721fe9a25b553358676641383c6e08a8bce32f5bfdc94	d5418e062cec915a0af7fa69f8ea17cbedb2bacd566283b2be19216a87d6c4e1	crates/veln-stdlib/veln/http2/hpack_test.veln#test header_block_decoder_preserves_order_octets_and_dynamic_transitions(
helper	main.veln:11533:require_hpack_state_dynamic_entry_count	79b46671ce526007e17e053c0c275c1e92cb0acdc422c975d40d9ab25a74c2f5	d5418e062cec915a0af7fa69f8ea17cbedb2bacd566283b2be19216a87d6c4e1	crates/veln-stdlib/veln/http2/hpack_test.veln#test header_block_decoder_preserves_order_octets_and_dynamic_transitions(
helper	main.veln:11535:require_failure_with_id	096662243783a55bd7aa523435aaffc8b8e537ae6af8901c25e2c74ad6d73723	d5418e062cec915a0af7fa69f8ea17cbedb2bacd566283b2be19216a87d6c4e1	crates/veln-stdlib/veln/http2/hpack_test.veln#test header_block_decoder_preserves_order_octets_and_dynamic_transitions(
helper	main.veln:11536:require_hpack_state_table_size	e8ac1493681a0df4dbea7b9e2925f76194e803f73f4ba23d857d8707ce8639e2	d5418e062cec915a0af7fa69f8ea17cbedb2bacd566283b2be19216a87d6c4e1	crates/veln-stdlib/veln/http2/hpack_test.veln#test header_block_decoder_preserves_order_octets_and_dynamic_transitions(
helper	main.veln:11537:require_hpack_state_dynamic_entry_count	a15027fb62bc094982750a462ff6e5dd721fa19fab3704e625be2e86541a9584	d5418e062cec915a0af7fa69f8ea17cbedb2bacd566283b2be19216a87d6c4e1	crates/veln-stdlib/veln/http2/hpack_test.veln#test header_block_decoder_preserves_order_octets_and_dynamic_transitions(
helper	main.veln:11539:require_failure_with_id	bcd842b6d0083256bf3e30f37d9708a2a7cf75d16b8e81d049f094f17ad73554	d5418e062cec915a0af7fa69f8ea17cbedb2bacd566283b2be19216a87d6c4e1	crates/veln-stdlib/veln/http2/hpack_test.veln#test header_block_decoder_preserves_order_octets_and_dynamic_transitions(
helper	main.veln:11540:require_hpack_state_table_size	ef7d32ef5c5100b514ea312c1ffe4eeeaf4bd4f8acb7f345498b8298f7da4471	d5418e062cec915a0af7fa69f8ea17cbedb2bacd566283b2be19216a87d6c4e1	crates/veln-stdlib/veln/http2/hpack_test.veln#test header_block_decoder_preserves_order_octets_and_dynamic_transitions(
helper	main.veln:11542:require_failure_with_id	f5c2dd62b5cca1ed8544b6201295d0a563dc4389ac7b54cbd1e64142137280a6	d5418e062cec915a0af7fa69f8ea17cbedb2bacd566283b2be19216a87d6c4e1	crates/veln-stdlib/veln/http2/hpack_test.veln#test header_block_decoder_preserves_order_octets_and_dynamic_transitions(
helper	main.veln:11543:require_hpack_state_table_size	7d373ec43fa88b7ca9eec040bf05f870f9e7263350e0e971f72940a73ad29d77	d5418e062cec915a0af7fa69f8ea17cbedb2bacd566283b2be19216a87d6c4e1	crates/veln-stdlib/veln/http2/hpack_test.veln#test header_block_decoder_preserves_order_octets_and_dynamic_transitions(
helper	main.veln:11545:require_failure_with_id	bb6733b28023c4d63e795714f4b629b65b819181ba11a17411cd85c47867db8b	d5418e062cec915a0af7fa69f8ea17cbedb2bacd566283b2be19216a87d6c4e1	crates/veln-stdlib/veln/http2/hpack_test.veln#test header_block_decoder_preserves_order_octets_and_dynamic_transitions(
helper	main.veln:11546:require_hpack_state_table_size	cb7294a6bd40d71b1fad69edbeaf445e6a124e220a59de45d64d7e68e4ef0df7	d5418e062cec915a0af7fa69f8ea17cbedb2bacd566283b2be19216a87d6c4e1	crates/veln-stdlib/veln/http2/hpack_test.veln#test header_block_decoder_preserves_order_octets_and_dynamic_transitions(
helper	main.veln:11548:require_failure_with_id	7ccaa8680418d29c0a0dcd2a7adbb0c64cad33a6f8fe08f80f28380da2a43ff1	d5418e062cec915a0af7fa69f8ea17cbedb2bacd566283b2be19216a87d6c4e1	crates/veln-stdlib/veln/http2/hpack_test.veln#test header_block_decoder_preserves_order_octets_and_dynamic_transitions(
helper	main.veln:11549:require_hpack_state_table_size	b3f8b75dcef5da4040b75f2e502896873deace497740416b03fdb4881fe73b52	d5418e062cec915a0af7fa69f8ea17cbedb2bacd566283b2be19216a87d6c4e1	crates/veln-stdlib/veln/http2/hpack_test.veln#test header_block_decoder_preserves_order_octets_and_dynamic_transitions(
helper	main.veln:11551:require_completed_header_list_decode	363e5709c3f63f5c42b0076f1fe49d24e17e955e44c9434a6a19e54ddc02acb0	d5418e062cec915a0af7fa69f8ea17cbedb2bacd566283b2be19216a87d6c4e1	crates/veln-stdlib/veln/http2/hpack_test.veln#test header_block_decoder_preserves_order_octets_and_dynamic_transitions(
helper	main.veln:11552:require_hpack_state_table_size	699294f77067b86e57a14915ad174ef9d059ce7974eaff7931e5dd2414de4576	d5418e062cec915a0af7fa69f8ea17cbedb2bacd566283b2be19216a87d6c4e1	crates/veln-stdlib/veln/http2/hpack_test.veln#test header_block_decoder_preserves_order_octets_and_dynamic_transitions(
helper	main.veln:11555:require_failure_with_id	3f484ca66c4364f4fccbb37c2534b02bd6170f0c1f26a3105fa8f6d9c1e6a9ed	d5418e062cec915a0af7fa69f8ea17cbedb2bacd566283b2be19216a87d6c4e1	crates/veln-stdlib/veln/http2/hpack_test.veln#test header_block_decoder_preserves_order_octets_and_dynamic_transitions(
helper	main.veln:11556:require_hpack_state_table_size	43f557fec86c64bd8ed412bc4f4b813c2af7ea6ee01ae6117e59bad52531cb62	d5418e062cec915a0af7fa69f8ea17cbedb2bacd566283b2be19216a87d6c4e1	crates/veln-stdlib/veln/http2/hpack_test.veln#test header_block_decoder_preserves_order_octets_and_dynamic_transitions(
helper	main.veln:11559:require_failure_with_id	d710940e56575a944d993ce3bf4bf30c74e627a16c6bc9c721e8888fd69f2463	d5418e062cec915a0af7fa69f8ea17cbedb2bacd566283b2be19216a87d6c4e1	crates/veln-stdlib/veln/http2/hpack_test.veln#test header_block_decoder_preserves_order_octets_and_dynamic_transitions(
helper	main.veln:11560:require_hpack_state_table_size	24ef6a5ab0d1c45cedff8824364a8efbb7c777bfdefb1079b2cbd7bd1ac15b7b	d5418e062cec915a0af7fa69f8ea17cbedb2bacd566283b2be19216a87d6c4e1	crates/veln-stdlib/veln/http2/hpack_test.veln#test header_block_decoder_preserves_order_octets_and_dynamic_transitions(
helper	main.veln:11561:require_hpack_state_dynamic_entry_count	d5ed3ff40b6befe192e59d47465ebc37ceebc28e31f8232d9a920037934aedd4	d5418e062cec915a0af7fa69f8ea17cbedb2bacd566283b2be19216a87d6c4e1	crates/veln-stdlib/veln/http2/hpack_test.veln#test header_block_decoder_preserves_order_octets_and_dynamic_transitions(
helper	main.veln:11564:require_completed_header_list_decode	065eb39c1fe0c86a2d4cb8e61847ad5043ba77962a14c913949cf5bfc9e9a94c	d5418e062cec915a0af7fa69f8ea17cbedb2bacd566283b2be19216a87d6c4e1	crates/veln-stdlib/veln/http2/hpack_test.veln#test header_block_decoder_preserves_order_octets_and_dynamic_transitions(
helper	main.veln:11565:require_hpack_state_table_size	4983a622a5720ff29f1bfa0fff9e063fef984447df84ed98e51466d308404e63	d5418e062cec915a0af7fa69f8ea17cbedb2bacd566283b2be19216a87d6c4e1	crates/veln-stdlib/veln/http2/hpack_test.veln#test header_block_decoder_preserves_order_octets_and_dynamic_transitions(
helper	main.veln:11566:require_hpack_state_dynamic_entry_count	cae40fd78c230456685c88464f645a75b87561f78f8bae279656dc759b778ef1	d5418e062cec915a0af7fa69f8ea17cbedb2bacd566283b2be19216a87d6c4e1	crates/veln-stdlib/veln/http2/hpack_test.veln#test header_block_decoder_preserves_order_octets_and_dynamic_transitions(
helper	main.veln:11575:require_hpack_multiple_table_size_cases	c6487b86b228f01f33134e0bd9fe1b42aa61b76fade609824688ea2727431659	d5418e062cec915a0af7fa69f8ea17cbedb2bacd566283b2be19216a87d6c4e1	crates/veln-stdlib/veln/http2/hpack_test.veln#test header_block_decoder_preserves_order_octets_and_dynamic_transitions(
helper	main.veln:11583:require_hpack_fixture_failure	c7bda9937acdc66a784b00132cf8b4feb2cac8640e05d05341226a3aef4a5acb	d5418e062cec915a0af7fa69f8ea17cbedb2bacd566283b2be19216a87d6c4e1	crates/veln-stdlib/veln/http2/hpack_test.veln#test header_block_decoder_preserves_order_octets_and_dynamic_transitions(
helper	main.veln:11599:require_hpack_fixture_failure	86ad490544e6f3996072edb70bd97d88f34e7da78f50185350ecdaff36f14661	d5418e062cec915a0af7fa69f8ea17cbedb2bacd566283b2be19216a87d6c4e1	crates/veln-stdlib/veln/http2/hpack_test.veln#test header_block_decoder_preserves_order_octets_and_dynamic_transitions(
helper	main.veln:11686:require_hpack_fixture_failure	5c1b587115f91f6cb5dc371459ed846057941be71eaafce0bbcdf4ee81e32725	d5418e062cec915a0af7fa69f8ea17cbedb2bacd566283b2be19216a87d6c4e1	crates/veln-stdlib/veln/http2/hpack_test.veln#test header_block_decoder_preserves_order_octets_and_dynamic_transitions(
helper	main.veln:11691:require_hpack_fixture_failure	396f01fa134f26d96348d8edb95cb3430451b665b773725ca79e4fe4c5fa6cf2	d5418e062cec915a0af7fa69f8ea17cbedb2bacd566283b2be19216a87d6c4e1	crates/veln-stdlib/veln/http2/hpack_test.veln#test header_block_decoder_preserves_order_octets_and_dynamic_transitions(
helper	main.veln:11869:require_frame_decoded	ee6a04317062e4269b827657b8e2f407f0aed0a8e9053d704119eeef7ed3a27c	a7b876389efae88c662b22e9b0a4e93970b62967fd2b67e81c627c8c9e67b598	crates/veln-stdlib/veln/http2/core_test.veln#test frame_payload_length_validates_headers_prefix_flag_matrix(
helper	main.veln:11870:require_header_block_bytes	f9024439b8687114967e429e82bffadd12468f2741067944d2687c585af66b1b	a7b876389efae88c662b22e9b0a4e93970b62967fd2b67e81c627c8c9e67b598	crates/veln-stdlib/veln/http2/core_test.veln#test frame_payload_length_validates_headers_prefix_flag_matrix(
helper	main.veln:11872:require_frame_decoded	39b06a45481c3d010e98e59797ffb1290bf3f5417489d767fc8c512a5e7d039e	a7b876389efae88c662b22e9b0a4e93970b62967fd2b67e81c627c8c9e67b598	crates/veln-stdlib/veln/http2/core_test.veln#test frame_payload_length_validates_headers_prefix_flag_matrix(
helper	main.veln:11873:require_header_block_bytes	c8d88c37aaa120c38a7fbf0036206b777492c74461f23249fe6283f5448f3196	a7b876389efae88c662b22e9b0a4e93970b62967fd2b67e81c627c8c9e67b598	crates/veln-stdlib/veln/http2/core_test.veln#test frame_payload_length_validates_headers_prefix_flag_matrix(
helper	main.veln:11874:require_equal_int	a02b9630e7ea1b30dfeb4ab8a2b287e5c7043e5217dd3f19aa8ffd584f993cf3	a7b876389efae88c662b22e9b0a4e93970b62967fd2b67e81c627c8c9e67b598	crates/veln-stdlib/veln/http2/core_test.veln#test frame_payload_length_validates_headers_prefix_flag_matrix(
helper	main.veln:11876:require_failure_with_id	3d2bf7a8d5598d37ff597b41887e3486f5c220cb6689bd4c844d115815dce9a0	a7b876389efae88c662b22e9b0a4e93970b62967fd2b67e81c627c8c9e67b598	crates/veln-stdlib/veln/http2/core_test.veln#test frame_payload_length_validates_headers_prefix_flag_matrix(
helper	main.veln:11877:require_headers_padding_rejection_preserves_state	03b808f1258dc4dcada79c070a34e856c98831f7be85c4f255e76a1badd2efc3	a7b876389efae88c662b22e9b0a4e93970b62967fd2b67e81c627c8c9e67b598	crates/veln-stdlib/veln/http2/core_test.veln#test frame_payload_length_validates_headers_prefix_flag_matrix(
helper	main.veln:11879:require_equal_int	a1e0d5714ed0dc74e4bed8747575c442734dfdabbc7c19753ac6ce840114e92b	a7b876389efae88c662b22e9b0a4e93970b62967fd2b67e81c627c8c9e67b598	crates/veln-stdlib/veln/http2/core_test.veln#test frame_payload_length_validates_headers_prefix_flag_matrix(
helper	main.veln:11881:require_frame_decoded	779e7c6dfe4edb0ee6a6094bbe97ae38c6a69d9a043173cb1daa813f3ddff55e	a7b876389efae88c662b22e9b0a4e93970b62967fd2b67e81c627c8c9e67b598	crates/veln-stdlib/veln/http2/core_test.veln#test frame_payload_length_validates_headers_prefix_flag_matrix(
helper	main.veln:11882:require_header_block_bytes	329570155840155c3b4fefd542428e763a6fd6943608e4f3c9317d262f780c01	a7b876389efae88c662b22e9b0a4e93970b62967fd2b67e81c627c8c9e67b598	crates/veln-stdlib/veln/http2/core_test.veln#test frame_payload_length_validates_headers_prefix_flag_matrix(
helper	main.veln:11885:require_frame_decoded	fa143770a1dbb5299a198c5cde7cfee8cfcf66b781931ebde5da210edd7aa99e	a7b876389efae88c662b22e9b0a4e93970b62967fd2b67e81c627c8c9e67b598	crates/veln-stdlib/veln/http2/core_test.veln#test frame_payload_length_validates_headers_prefix_flag_matrix(
helper	main.veln:11886:require_header_block_bytes	9e24ac5778cb8b300a860eb4481f88003e25408df5ea0500f1415e82610dd68a	a7b876389efae88c662b22e9b0a4e93970b62967fd2b67e81c627c8c9e67b598	crates/veln-stdlib/veln/http2/core_test.veln#test frame_payload_length_validates_headers_prefix_flag_matrix(
helper	main.veln:11887:require_equal_int	f62e0aab52f3647fc1492875bf486ab857c4afc37c381036eafcb1792f7074c2	a7b876389efae88c662b22e9b0a4e93970b62967fd2b67e81c627c8c9e67b598	crates/veln-stdlib/veln/http2/core_test.veln#test frame_payload_length_validates_headers_prefix_flag_matrix(
helper	main.veln:11889:require_failure_with_id	eca1f4ef02a184f58e81e23e04e027939b48b6495ff7addd252be51075440cc8	a7b876389efae88c662b22e9b0a4e93970b62967fd2b67e81c627c8c9e67b598	crates/veln-stdlib/veln/http2/core_test.veln#test frame_payload_length_validates_headers_prefix_flag_matrix(
helper	main.veln:11890:require_headers_padding_rejection_preserves_state	70effbcdb8074e570ea01349aa1b6a270c82b622ca3286a56b9aee5d799c2863	a7b876389efae88c662b22e9b0a4e93970b62967fd2b67e81c627c8c9e67b598	crates/veln-stdlib/veln/http2/core_test.veln#test frame_payload_length_validates_headers_prefix_flag_matrix(
helper	main.veln:11892:require_failure_with_id	4f3cc2d6da9430a13b179b5ef7274fb949757a5d8861f99fec91abde0f154434	a7b876389efae88c662b22e9b0a4e93970b62967fd2b67e81c627c8c9e67b598	crates/veln-stdlib/veln/http2/core_test.veln#test frame_payload_length_validates_headers_prefix_flag_matrix(
helper	main.veln:11893:require_headers_padding_rejection_preserves_state	b57d0bbd40e6a9b4d2e62556088cf90706f419e9e9bcfebecd89c1cc369dc5d2	a7b876389efae88c662b22e9b0a4e93970b62967fd2b67e81c627c8c9e67b598	crates/veln-stdlib/veln/http2/core_test.veln#test frame_payload_length_validates_headers_prefix_flag_matrix(
helper	main.veln:11895:require_failure_with_id	ca1ffa4e767130a58237e4ad690263d7ef4eddfd3d5d992b5d88f54b162455a4	a7b876389efae88c662b22e9b0a4e93970b62967fd2b67e81c627c8c9e67b598	crates/veln-stdlib/veln/http2/core_test.veln#test frame_payload_length_validates_headers_prefix_flag_matrix(
helper	main.veln:11896:require_headers_padding_rejection_preserves_state	683834fe4f7a0975418d86a792f1198ba23ad4fed99643105920081709e532b2	a7b876389efae88c662b22e9b0a4e93970b62967fd2b67e81c627c8c9e67b598	crates/veln-stdlib/veln/http2/core_test.veln#test frame_payload_length_validates_headers_prefix_flag_matrix(
helper	main.veln:11900:require_client_push_ordering_rejection_preserves_state	2eae09a47ae70cde21453fe65bdc0c181b33f151b6d2b09b70b1cbc9138d0991	a7b876389efae88c662b22e9b0a4e93970b62967fd2b67e81c627c8c9e67b598	crates/veln-stdlib/veln/http2/core_test.veln#test frame_payload_length_validates_headers_prefix_flag_matrix(
helper	main.veln:12090:require_outbound_credit_update_rejected	6cfa0e65c0170d2222cb00edfda5d706607a9b8367e0ed83bd57f6af2879d602	b6edb6f23848499220b0940b8195971c7a8d7825443a00d64826056ce1690616	crates/veln-stdlib/veln/http2/core_test.veln#test outbound_data_send_failures_preserve_state_and_output(
helper	main.veln:12091:require_outbound_credit_update_rejected	a23455924ccd97fc882be68461479ba6ee9177af75f703d733da85bdc719342a	b6edb6f23848499220b0940b8195971c7a8d7825443a00d64826056ce1690616	crates/veln-stdlib/veln/http2/core_test.veln#test outbound_data_send_failures_preserve_state_and_output(
helper	main.veln:12092:require_outbound_credit_update_rejected	1244080e6c2736b3886bf4b9359e2d9f985465f07aa0c36ab7dbe82451e25514	b6edb6f23848499220b0940b8195971c7a8d7825443a00d64826056ce1690616	crates/veln-stdlib/veln/http2/core_test.veln#test outbound_data_send_failures_preserve_state_and_output(
helper	main.veln:12093:require_outbound_credit_update_rejected	01cd06d1305a8177eb665c1c292e117c9c7250b91e0b4de1bfad6f942b2e0d21	b6edb6f23848499220b0940b8195971c7a8d7825443a00d64826056ce1690616	crates/veln-stdlib/veln/http2/core_test.veln#test outbound_data_send_failures_preserve_state_and_output(
helper	main.veln:12095:require_outbound_credit_update_rejected	8aa857e9a120bbfa1d37289fcaab17cf9ceefc007f9864f3c923a6c2e358a670	b6edb6f23848499220b0940b8195971c7a8d7825443a00d64826056ce1690616	crates/veln-stdlib/veln/http2/core_test.veln#test outbound_data_send_failures_preserve_state_and_output(
helper	main.veln:12097:require_outbound_credit_update_rejected	1c6695e5cf507e67fae6985e6456829cf749c3ac6af3b1baf6fd550b457c1d0e	b6edb6f23848499220b0940b8195971c7a8d7825443a00d64826056ce1690616	crates/veln-stdlib/veln/http2/core_test.veln#test outbound_data_send_failures_preserve_state_and_output(
helper	main.veln:12098:require_outbound_credit_update_rejected	a6acde26e204de512ab119585e24d4bb4d247a111cb91fd1ad2b06a073b284e5	b6edb6f23848499220b0940b8195971c7a8d7825443a00d64826056ce1690616	crates/veln-stdlib/veln/http2/core_test.veln#test outbound_data_send_failures_preserve_state_and_output(
helper	main.veln:12099:require_outbound_data_rejected	5cc9c3659051035b941a630441d65aa21eb844dd3ccaf5266f5cfc3d56e8269b	b6edb6f23848499220b0940b8195971c7a8d7825443a00d64826056ce1690616	crates/veln-stdlib/veln/http2/core_test.veln#test outbound_data_send_failures_preserve_state_and_output(
helper	main.veln:12100:require_outbound_data_rejected	2ac7263dcbf73ad18cf6659c5d252ec46733c5b25d67b6b4bea3bd636d0c77e4	b6edb6f23848499220b0940b8195971c7a8d7825443a00d64826056ce1690616	crates/veln-stdlib/veln/http2/core_test.veln#test outbound_data_send_failures_preserve_state_and_output(
helper	main.veln:12113:require_outbound_data_rejected	b777d086db7e0db8ff8b4411a402a509334479571b47827191bbde8d615d850c	fd9cf2870ae0761caf63ace3e34cdbd101d5696a98df7355dfc49b8a4b781d71	crates/veln-stdlib/veln/http2/core_test.veln#test peer_settings_state_applies_known_items_and_ignores_unknown_items(
helper	main.veln:12114:require_outbound_data_rejected	dfd7c5daa6ed0fea2bb592b2b214246294e81e1d0d8afe181b596722cf317700	fd9cf2870ae0761caf63ace3e34cdbd101d5696a98df7355dfc49b8a4b781d71	crates/veln-stdlib/veln/http2/core_test.veln#test peer_settings_state_applies_known_items_and_ignores_unknown_items(
helper	main.veln:12144:require_equal_int	0bc50d98f61a3803b486aa83bde7ea18cb0365fac7f6450a5c48f4fb6f960f4e	fd9cf2870ae0761caf63ace3e34cdbd101d5696a98df7355dfc49b8a4b781d71	crates/veln-stdlib/veln/http2/core_test.veln#test peer_settings_state_applies_known_items_and_ignores_unknown_items(
helper	main.veln:12149:require_outbound_credit_update_rejected	1582cfbd412edca887901e894dbf8643c988a73ab40c0fb0c7b6caf65b59655d	fd9cf2870ae0761caf63ace3e34cdbd101d5696a98df7355dfc49b8a4b781d71	crates/veln-stdlib/veln/http2/core_test.veln#test peer_settings_state_applies_known_items_and_ignores_unknown_items(
helper	main.veln:12151:require_equal_int	0adc1d0421e23d7e9006a70f4b38e7d212692c33a70ff7e6767ff3386da32838	fd9cf2870ae0761caf63ace3e34cdbd101d5696a98df7355dfc49b8a4b781d71	crates/veln-stdlib/veln/http2/core_test.veln#test peer_settings_state_applies_known_items_and_ignores_unknown_items(
helper	main.veln:12152:require_equal_int	8cd571c1867b20224b7a82d3f847bd8ef690593fd6f438dcb6cf24438e1a489e	fd9cf2870ae0761caf63ace3e34cdbd101d5696a98df7355dfc49b8a4b781d71	crates/veln-stdlib/veln/http2/core_test.veln#test peer_settings_state_applies_known_items_and_ignores_unknown_items(
helper	main.veln:12161:require_outbound_credit_update_rejected	55e4334138fdfc63ddba69e1872b07057f5c34f78477c62eb8442ed0b27099c5	fd9cf2870ae0761caf63ace3e34cdbd101d5696a98df7355dfc49b8a4b781d71	crates/veln-stdlib/veln/http2/core_test.veln#test peer_settings_state_applies_known_items_and_ignores_unknown_items(
helper	main.veln:12163:require_equal_int	b5e528aee79ecaa1aab11b80a78d75514f81e39d6afa053c7c4b66c0d408a983	fd9cf2870ae0761caf63ace3e34cdbd101d5696a98df7355dfc49b8a4b781d71	crates/veln-stdlib/veln/http2/core_test.veln#test peer_settings_state_applies_known_items_and_ignores_unknown_items(
helper	main.veln:12164:require_equal_int	e839cb9eeaa6ffce30ee766e1131a1de42cbf63ec08b23d8cd9366da096d6d6a	fd9cf2870ae0761caf63ace3e34cdbd101d5696a98df7355dfc49b8a4b781d71	crates/veln-stdlib/veln/http2/core_test.veln#test peer_settings_state_applies_known_items_and_ignores_unknown_items(
helper	main.veln:12165:require_equal_int	e3dba3789f6b495b6c0ea000a7eb2d84f8d628e309fe290de398e3317723bab2	fd9cf2870ae0761caf63ace3e34cdbd101d5696a98df7355dfc49b8a4b781d71	crates/veln-stdlib/veln/http2/core_test.veln#test peer_settings_state_applies_known_items_and_ignores_unknown_items(
helper	main.veln:12166:require_equal_int	79dce6a556dc6536669ebdd2fd41bd068f0deaf4dab38efc07fd5b95ffd21784	fd9cf2870ae0761caf63ace3e34cdbd101d5696a98df7355dfc49b8a4b781d71	crates/veln-stdlib/veln/http2/core_test.veln#test peer_settings_state_applies_known_items_and_ignores_unknown_items(
helper	main.veln:12167:require_equal_int	3c45d564895b97382e420ce291ba16c340d65836bbac1f51a6969ea3c14f7985	fd9cf2870ae0761caf63ace3e34cdbd101d5696a98df7355dfc49b8a4b781d71	crates/veln-stdlib/veln/http2/core_test.veln#test peer_settings_state_applies_known_items_and_ignores_unknown_items(
helper	main.veln:12168:require_equal_int	e60f1ae95fd94d4fd85f12f978d193d2bfc170d85061bfedff77ed548504d6b9	fd9cf2870ae0761caf63ace3e34cdbd101d5696a98df7355dfc49b8a4b781d71	crates/veln-stdlib/veln/http2/core_test.veln#test peer_settings_state_applies_known_items_and_ignores_unknown_items(
helper	main.veln:12169:require_outbound_data_rejected	90aa3810e0ffc8fb485f1bde08dac92809ac7cc3269391ac476e7388daf6c611	fd9cf2870ae0761caf63ace3e34cdbd101d5696a98df7355dfc49b8a4b781d71	crates/veln-stdlib/veln/http2/core_test.veln#test peer_settings_state_applies_known_items_and_ignores_unknown_items(
helper	main.veln:12492:require_outbound_push_promise_hpack_transition	d28ed6e200e342237613ff8d03b4c31664afb96c0600f5ac42a959cb4ebbcd5a	9dfb8e096fe7d85c54d588b359968a1c238cf4b376331567a9164f76ab0d09d6	crates/veln-stdlib/veln/http2/core_test.veln#test receive_frame_dispatch_applies_push_promise_with_production_hpack(
helper	main.veln:12497:require_outbound_push_promise_hpack_transition	707b3e41a6d4c72615ee404142a28d63c6f4ca5bb3bbe4a2ed310b742917ef3a	9dfb8e096fe7d85c54d588b359968a1c238cf4b376331567a9164f76ab0d09d6	crates/veln-stdlib/veln/http2/core_test.veln#test receive_frame_dispatch_applies_push_promise_with_production_hpack(
helper	main.veln:12502:require_outbound_push_promise_hpack_transition	265b677f89d3e81847b069951e306237ce1520f737c29f89d7c0ed85e8088dc7	9dfb8e096fe7d85c54d588b359968a1c238cf4b376331567a9164f76ab0d09d6	crates/veln-stdlib/veln/http2/core_test.veln#test receive_frame_dispatch_applies_push_promise_with_production_hpack(
helper	main.veln:12513:require_outbound_push_promise_from_list	5f02a39c12f17a839e56d835ae2f7d0efb0865c1963bcb810e5df6ca09d775be	9dfb8e096fe7d85c54d588b359968a1c238cf4b376331567a9164f76ab0d09d6	crates/veln-stdlib/veln/http2/core_test.veln#test receive_frame_dispatch_applies_push_promise_with_production_hpack(
helper	main.veln:12517:require_outbound_push_promise_from_list	a884823dd00daccf0a4173e7620ed6d7aa1d5f820e3dae406b7c0331a0cf451c	9dfb8e096fe7d85c54d588b359968a1c238cf4b376331567a9164f76ab0d09d6	crates/veln-stdlib/veln/http2/core_test.veln#test receive_frame_dispatch_applies_push_promise_with_production_hpack(
helper	main.veln:12521:require_outbound_push_promise_from_list	7731b9a1179034107856a6ad9db60ff6b219e5c5855d916a68b6dfa586bfb36d	9dfb8e096fe7d85c54d588b359968a1c238cf4b376331567a9164f76ab0d09d6	crates/veln-stdlib/veln/http2/core_test.veln#test receive_frame_dispatch_applies_push_promise_with_production_hpack(
helper	main.veln:12555:require_outbound_hpack_encode_transition	457ed67b91b055483265ecc127fe173323396d6674e42588ad8031239acb2d53	c9cdc2a6ac32b5b594efce5d43c3e1ce111e2526f8c76208d94dbb009754e7da	crates/veln-stdlib/veln/http2/core_test.veln#test outbound_request_headers_send_emits_hpack_bytes_and_creates_stream(
helper	main.veln:12562:require_outbound_hpack_encode_transition	30d30536f4a9bf887e449c41ee09e4caaf2ff8b5fc7da921b4e3d70aef34726c	c9cdc2a6ac32b5b594efce5d43c3e1ce111e2526f8c76208d94dbb009754e7da	crates/veln-stdlib/veln/http2/core_test.veln#test outbound_request_headers_send_emits_hpack_bytes_and_creates_stream(
helper	main.veln:12578:require_outbound_hpack_encode_transition	4b3593618d82855defde6f24693dd7285756b9d22daebea3537a348b63d5b3d0	c9cdc2a6ac32b5b594efce5d43c3e1ce111e2526f8c76208d94dbb009754e7da	crates/veln-stdlib/veln/http2/core_test.veln#test outbound_request_headers_send_emits_hpack_bytes_and_creates_stream(
helper	main.veln:12585:require_outbound_hpack_encode_transition	48a53799bedc38ef32ab46a28a3f13605f8e50415197031318c1a832272fb493	c9cdc2a6ac32b5b594efce5d43c3e1ce111e2526f8c76208d94dbb009754e7da	crates/veln-stdlib/veln/http2/core_test.veln#test outbound_request_headers_send_emits_hpack_bytes_and_creates_stream(
helper	main.veln:12592:require_outbound_hpack_encode_transition	246353b0ce953e45c8608d978ea75aa5cfbfc31d91b6cc0f7a954dda5b915623	c9cdc2a6ac32b5b594efce5d43c3e1ce111e2526f8c76208d94dbb009754e7da	crates/veln-stdlib/veln/http2/core_test.veln#test outbound_request_headers_send_emits_hpack_bytes_and_creates_stream(
helper	main.veln:12603:require_outbound_hpack_encode_transition	c27a2225c3e9f95f25d49f483f2ffd0ec18e4256837ed14e2b68635b32eb2f4d	c9cdc2a6ac32b5b594efce5d43c3e1ce111e2526f8c76208d94dbb009754e7da	crates/veln-stdlib/veln/http2/core_test.veln#test outbound_request_headers_send_emits_hpack_bytes_and_creates_stream(
helper	main.veln:12612:require_outbound_hpack_encode_transition	191b7f6f04ba053b5234956d901ed357d52110a1ce92c18400bdf7282e623dd8	c9cdc2a6ac32b5b594efce5d43c3e1ce111e2526f8c76208d94dbb009754e7da	crates/veln-stdlib/veln/http2/core_test.veln#test outbound_request_headers_send_emits_hpack_bytes_and_creates_stream(
helper	main.veln:12622:require_outbound_hpack_encode_transition	639f87a4b605c9959484659a090a5cb141e15f6711fc6c891c61371086d24e9d	c9cdc2a6ac32b5b594efce5d43c3e1ce111e2526f8c76208d94dbb009754e7da	crates/veln-stdlib/veln/http2/core_test.veln#test outbound_request_headers_send_emits_hpack_bytes_and_creates_stream(
helper	main.veln:12629:require_outbound_hpack_encode_transition	8e5120385e2720ad1add7b6f8be11f13eafd83160a4da063c89745fe9c6c9f4b	c9cdc2a6ac32b5b594efce5d43c3e1ce111e2526f8c76208d94dbb009754e7da	crates/veln-stdlib/veln/http2/core_test.veln#test outbound_request_headers_send_emits_hpack_bytes_and_creates_stream(
helper	main.veln:12635:require_outbound_hpack_encode_transition	8895af51230740695516a9c5cc2edc481d9353ad32cd464d33fc2afed25def15	c9cdc2a6ac32b5b594efce5d43c3e1ce111e2526f8c76208d94dbb009754e7da	crates/veln-stdlib/veln/http2/core_test.veln#test outbound_request_headers_send_emits_hpack_bytes_and_creates_stream(
helper	main.veln:12641:require_outbound_hpack_encode_transition	256da8ca15cab23bcd1ff77cba124395b51622a2c307f365e444fc0b466654eb	c9cdc2a6ac32b5b594efce5d43c3e1ce111e2526f8c76208d94dbb009754e7da	crates/veln-stdlib/veln/http2/core_test.veln#test outbound_request_headers_send_emits_hpack_bytes_and_creates_stream(
helper	main.veln:12648:require_outbound_hpack_encode_transition	af6a012aaecb48f724a4f24089e93236efe7e0b266a0bcedf1fae3f179b9422f	c9cdc2a6ac32b5b594efce5d43c3e1ce111e2526f8c76208d94dbb009754e7da	crates/veln-stdlib/veln/http2/core_test.veln#test outbound_request_headers_send_emits_hpack_bytes_and_creates_stream(
helper	main.veln:12661:require_outbound_headers_hpack_transition	bcdc1b4f18831b637593406e81ef60b00c92abbf24739b9dd207dfbcc5c008fe	c9cdc2a6ac32b5b594efce5d43c3e1ce111e2526f8c76208d94dbb009754e7da	crates/veln-stdlib/veln/http2/core_test.veln#test outbound_request_headers_send_emits_hpack_bytes_and_creates_stream(
helper	main.veln:12669:require_outbound_headers_hpack_transition	1bc2730ca61093d9380109e8d4cb2f31dfd374a1212e46b5b62dd8e21b3a322b	c9cdc2a6ac32b5b594efce5d43c3e1ce111e2526f8c76208d94dbb009754e7da	crates/veln-stdlib/veln/http2/core_test.veln#test outbound_request_headers_send_emits_hpack_bytes_and_creates_stream(
helper	main.veln:12761:require_hpack_bytes	d26cafdcf5775d7bb920b293d55e2690c0a2e40f9f2f77074c377ac479710fa8	4a4237aa2358402a7f55cf4cdbf738abc4932ba6f7880a719dc8729232345317	crates/veln-stdlib/veln/http2/hpack_test.veln#test header_encoders_return_focused_failures_without_output_or_next_state(
helper	main.veln:12763:require_production_hpack_state	e58905ad37e057496eba3432ace3eb2a6db00c904baf4fb5e38b6c14b2de2697	4a4237aa2358402a7f55cf4cdbf738abc4932ba6f7880a719dc8729232345317	crates/veln-stdlib/veln/http2/hpack_test.veln#test header_encoders_return_focused_failures_without_output_or_next_state(
helper	main.veln:12776:require_hpack_bytes	3067fa8c1ce6ea96c082afd6c06846aba6900d8abb576111eb6637b61d9f364e	4a4237aa2358402a7f55cf4cdbf738abc4932ba6f7880a719dc8729232345317	crates/veln-stdlib/veln/http2/hpack_test.veln#test header_encoders_return_focused_failures_without_output_or_next_state(
helper	main.veln:12778:require_production_hpack_state	d4c7a699b23ff8af9526e4ce90cb33c70ae41eb1e25e1444339db63aebc2d23a	4a4237aa2358402a7f55cf4cdbf738abc4932ba6f7880a719dc8729232345317	crates/veln-stdlib/veln/http2/hpack_test.veln#test header_encoders_return_focused_failures_without_output_or_next_state(
helper	main.veln:12786:require_outbound_headers_hpack_transition	a1a1661325c7a2fb80b6aa5e06a072bdf9635b21bdf6e67925173984b1696435	c9cdc2a6ac32b5b594efce5d43c3e1ce111e2526f8c76208d94dbb009754e7da	crates/veln-stdlib/veln/http2/core_test.veln#test outbound_request_headers_send_emits_hpack_bytes_and_creates_stream(
helper	main.veln:12797:require_outbound_hpack_encode_transition	71f801291205859f918908af5920d33389e1645ba753c34445f2e0bd5f15a2bc	c9cdc2a6ac32b5b594efce5d43c3e1ce111e2526f8c76208d94dbb009754e7da	crates/veln-stdlib/veln/http2/core_test.veln#test outbound_request_headers_send_emits_hpack_bytes_and_creates_stream(
helper	main.veln:12798:require_hpack_bytes	149c7df4279e348ca0668dd9d2b0792b081b75d7e853942ca8357c8da1f9e797	d5418e062cec915a0af7fa69f8ea17cbedb2bacd566283b2be19216a87d6c4e1	crates/veln-stdlib/veln/http2/hpack_test.veln#test header_block_decoder_preserves_order_octets_and_dynamic_transitions(
helper	main.veln:12800:require_production_hpack_state	1fdc8c291cca4401ca41b66010c13fb03cef13f3d95dd4ab1919c00998d7f9e4	d5418e062cec915a0af7fa69f8ea17cbedb2bacd566283b2be19216a87d6c4e1	crates/veln-stdlib/veln/http2/hpack_test.veln#test header_block_decoder_preserves_order_octets_and_dynamic_transitions(
helper	main.veln:12807:require_outbound_push_promise_hpack_transition	e311ddb3da74c7f803448967e8500222a8a3fafcf313170de1b16a08c1ab47a5	9dfb8e096fe7d85c54d588b359968a1c238cf4b376331567a9164f76ab0d09d6	crates/veln-stdlib/veln/http2/core_test.veln#test receive_frame_dispatch_applies_push_promise_with_production_hpack(
helper	main.veln:12818:require_outbound_hpack_encode_transition	c5d38705394ea82432c637d42a5dc1d22d1a3a658c06b5257c2e89b82d427eff	c9cdc2a6ac32b5b594efce5d43c3e1ce111e2526f8c76208d94dbb009754e7da	crates/veln-stdlib/veln/http2/core_test.veln#test outbound_request_headers_send_emits_hpack_bytes_and_creates_stream(
helper	main.veln:12819:require_hpack_bytes	31f3ec26915a4eed84c6d650b0493cbfa34001e06e4315a9c18c3b150dac29bd	c9cdc2a6ac32b5b594efce5d43c3e1ce111e2526f8c76208d94dbb009754e7da	crates/veln-stdlib/veln/http2/core_test.veln#test outbound_request_headers_send_emits_hpack_bytes_and_creates_stream(
helper	main.veln:12821:require_production_state_octets	611528ff208b2dd6b57736831485af5f90683f6423cd09b7c5c8b43dab1ecb10	c9cdc2a6ac32b5b594efce5d43c3e1ce111e2526f8c76208d94dbb009754e7da	crates/veln-stdlib/veln/http2/core_test.veln#test outbound_request_headers_send_emits_hpack_bytes_and_creates_stream(
helper	main.veln:12822:require_outbound_hpack_encode_transition	d8ec90b05f2751ad3259cf669bdc51aa5a0df8673442f1f073348f6535c1a5b0	c9cdc2a6ac32b5b594efce5d43c3e1ce111e2526f8c76208d94dbb009754e7da	crates/veln-stdlib/veln/http2/core_test.veln#test outbound_request_headers_send_emits_hpack_bytes_and_creates_stream(
helper	main.veln:12823:require_hpack_bytes	72c7872a8be1e6a4d700fd6c7d5a1888391d75eba92be17f97bdace54cc1f397	c9cdc2a6ac32b5b594efce5d43c3e1ce111e2526f8c76208d94dbb009754e7da	crates/veln-stdlib/veln/http2/core_test.veln#test outbound_request_headers_send_emits_hpack_bytes_and_creates_stream(
helper	main.veln:12825:require_outbound_hpack_encode_transition	2dd47855426ae1948a9b7afa98d29b0041a87927e44788fda57393cdc9d08799	c9cdc2a6ac32b5b594efce5d43c3e1ce111e2526f8c76208d94dbb009754e7da	crates/veln-stdlib/veln/http2/core_test.veln#test outbound_request_headers_send_emits_hpack_bytes_and_creates_stream(
helper	main.veln:12826:require_hpack_bytes	bcf88c56664579c6181d4d63e3925396b4367b08bfefd7d3b718fa66349d6b9b	c9cdc2a6ac32b5b594efce5d43c3e1ce111e2526f8c76208d94dbb009754e7da	crates/veln-stdlib/veln/http2/core_test.veln#test outbound_request_headers_send_emits_hpack_bytes_and_creates_stream(
helper	main.veln:12827:require_outbound_hpack_encode_transition	d8ea52b410624b09275401f278e5fbf5820e309ce8be54763b3c45671e555e92	c9cdc2a6ac32b5b594efce5d43c3e1ce111e2526f8c76208d94dbb009754e7da	crates/veln-stdlib/veln/http2/core_test.veln#test outbound_request_headers_send_emits_hpack_bytes_and_creates_stream(
helper	main.veln:12828:require_hpack_bytes	844fb4b0892d0c50ddaa39af1d3dfc5b37c7e39327c6e36faa2c6693c027a520	c9cdc2a6ac32b5b594efce5d43c3e1ce111e2526f8c76208d94dbb009754e7da	crates/veln-stdlib/veln/http2/core_test.veln#test outbound_request_headers_send_emits_hpack_bytes_and_creates_stream(
helper	main.veln:12829:require_production_hpack_state	94f1de32170c9a6dd18f97c14623020a3c38aab74d90ee124d5a2b7673571a34	c9cdc2a6ac32b5b594efce5d43c3e1ce111e2526f8c76208d94dbb009754e7da	crates/veln-stdlib/veln/http2/core_test.veln#test outbound_request_headers_send_emits_hpack_bytes_and_creates_stream(
helper	main.veln:12830:require_outbound_hpack_encode_transition	2e78d91a557e77bf9da07dae40cbf9b1f7cb08ce6acecf501e9c3a4fda7b0a39	c9cdc2a6ac32b5b594efce5d43c3e1ce111e2526f8c76208d94dbb009754e7da	crates/veln-stdlib/veln/http2/core_test.veln#test outbound_request_headers_send_emits_hpack_bytes_and_creates_stream(
helper	main.veln:12831:require_hpack_bytes	2fe41d6c028470be7e29070fc33ea5200f22c5a7ce96cec6940f0dd250991e9a	c9cdc2a6ac32b5b594efce5d43c3e1ce111e2526f8c76208d94dbb009754e7da	crates/veln-stdlib/veln/http2/core_test.veln#test outbound_request_headers_send_emits_hpack_bytes_and_creates_stream(
helper	main.veln:12832:require_production_hpack_state	15ba05fdca45c8b9fc377d145a307e15d0fa8c297400ea74d5f4509b6d3d3779	c9cdc2a6ac32b5b594efce5d43c3e1ce111e2526f8c76208d94dbb009754e7da	crates/veln-stdlib/veln/http2/core_test.veln#test outbound_request_headers_send_emits_hpack_bytes_and_creates_stream(
helper	main.veln:12838:require_hpack_bytes	ce690432372f92bbeedd241cb534517ce358650655d21de0cebafe2dd62b6fe3	c9cdc2a6ac32b5b594efce5d43c3e1ce111e2526f8c76208d94dbb009754e7da	crates/veln-stdlib/veln/http2/core_test.veln#test outbound_request_headers_send_emits_hpack_bytes_and_creates_stream(
helper	main.veln:12851:require_outbound_push_promise_hpack_transition	0a7232ce755e374c3219bcad4578183e7d5ae88ce4faf6c552cecfa131d380e6	9dfb8e096fe7d85c54d588b359968a1c238cf4b376331567a9164f76ab0d09d6	crates/veln-stdlib/veln/http2/core_test.veln#test receive_frame_dispatch_applies_push_promise_with_production_hpack(
helper	main.veln:12862:require_outbound_hpack_encode_transition	762e3410f63c5014dd3e63ae3ab191faa191fd8b1aed177bdd26c1de3d7edecb	c9cdc2a6ac32b5b594efce5d43c3e1ce111e2526f8c76208d94dbb009754e7da	crates/veln-stdlib/veln/http2/core_test.veln#test outbound_request_headers_send_emits_hpack_bytes_and_creates_stream(
helper	main.veln:12863:require_hpack_bytes	050ddda918905316d9fe4790000e6365caec9cc82493da4ce2c3bf558d84142d	c9cdc2a6ac32b5b594efce5d43c3e1ce111e2526f8c76208d94dbb009754e7da	crates/veln-stdlib/veln/http2/core_test.veln#test outbound_request_headers_send_emits_hpack_bytes_and_creates_stream(
helper	main.veln:12865:require_production_hpack_state	2784d937916b9e2235d1bec13d9f7e286d5ec1e192fa9f079e3de6f6c9c8e6d0	c9cdc2a6ac32b5b594efce5d43c3e1ce111e2526f8c76208d94dbb009754e7da	crates/veln-stdlib/veln/http2/core_test.veln#test outbound_request_headers_send_emits_hpack_bytes_and_creates_stream(
helper	main.veln:12866:require_outbound_hpack_encode_transition	086e32fad021906b71a902cd2a9564239a0f4cc64e0b117845fe92881008d85e	c9cdc2a6ac32b5b594efce5d43c3e1ce111e2526f8c76208d94dbb009754e7da	crates/veln-stdlib/veln/http2/core_test.veln#test outbound_request_headers_send_emits_hpack_bytes_and_creates_stream(
helper	main.veln:12867:require_hpack_bytes	2c4e5ac8313c772739c294f67f0a1e3aad7948e7a324500493aebf090ebabf8c	c9cdc2a6ac32b5b594efce5d43c3e1ce111e2526f8c76208d94dbb009754e7da	crates/veln-stdlib/veln/http2/core_test.veln#test outbound_request_headers_send_emits_hpack_bytes_and_creates_stream(
helper	main.veln:12868:require_production_hpack_state	5ec695b13e126e2c2acd4f99d11d8572e176d86cb144d3b592450449946c6d32	c9cdc2a6ac32b5b594efce5d43c3e1ce111e2526f8c76208d94dbb009754e7da	crates/veln-stdlib/veln/http2/core_test.veln#test outbound_request_headers_send_emits_hpack_bytes_and_creates_stream(
helper	main.veln:12869:require_outbound_hpack_encode_transition	1a188d05cb44e949ce781cb566293183e13063dad14155d61976df0c5fa5e69b	c9cdc2a6ac32b5b594efce5d43c3e1ce111e2526f8c76208d94dbb009754e7da	crates/veln-stdlib/veln/http2/core_test.veln#test outbound_request_headers_send_emits_hpack_bytes_and_creates_stream(
helper	main.veln:12870:require_outbound_hpack_encode_transition	6e06b7b5e2b63798381f621a447569e6500534ebc06bc674405d126bcf6f7040	c9cdc2a6ac32b5b594efce5d43c3e1ce111e2526f8c76208d94dbb009754e7da	crates/veln-stdlib/veln/http2/core_test.veln#test outbound_request_headers_send_emits_hpack_bytes_and_creates_stream(
helper	main.veln:12871:require_production_hpack_state	a8baa92bba178675a61fee8b4a62f30fd35072af0982c32f09026076a28232e0	c9cdc2a6ac32b5b594efce5d43c3e1ce111e2526f8c76208d94dbb009754e7da	crates/veln-stdlib/veln/http2/core_test.veln#test outbound_request_headers_send_emits_hpack_bytes_and_creates_stream(
helper	main.veln:12872:require_outbound_hpack_encode_transition	46e1c1574965a1ab6d12b378daaea04b2dcae09a92b6ca65023f71c0524deb17	c9cdc2a6ac32b5b594efce5d43c3e1ce111e2526f8c76208d94dbb009754e7da	crates/veln-stdlib/veln/http2/core_test.veln#test outbound_request_headers_send_emits_hpack_bytes_and_creates_stream(
helper	main.veln:12873:require_outbound_hpack_encode_transition	24dc66672c8c5319418f3ccd87919e8013b815ca18694142b7a1e84ceda26374	c9cdc2a6ac32b5b594efce5d43c3e1ce111e2526f8c76208d94dbb009754e7da	crates/veln-stdlib/veln/http2/core_test.veln#test outbound_request_headers_send_emits_hpack_bytes_and_creates_stream(
helper	main.veln:12874:require_production_hpack_state	833f9e28626e36a6a29c024efce8bb4314721fef05c4c88ee8f5d4c526a69b28	c9cdc2a6ac32b5b594efce5d43c3e1ce111e2526f8c76208d94dbb009754e7da	crates/veln-stdlib/veln/http2/core_test.veln#test outbound_request_headers_send_emits_hpack_bytes_and_creates_stream(
helper	main.veln:12952:require_hpack_states_equal	e979af93dba34c2e4b4586fcb353492bed822e78f2495490ae4bb120c4009961	d5418e062cec915a0af7fa69f8ea17cbedb2bacd566283b2be19216a87d6c4e1	crates/veln-stdlib/veln/http2/hpack_test.veln#test header_block_decoder_preserves_order_octets_and_dynamic_transitions(
helper	main.veln:12963:require_production_inbound_transition	6cca85907c8398646b5fcea32226d4bcaafb7af2fa95c51f132c61e1444afd14	d5418e062cec915a0af7fa69f8ea17cbedb2bacd566283b2be19216a87d6c4e1	crates/veln-stdlib/veln/http2/hpack_test.veln#test header_block_decoder_preserves_order_octets_and_dynamic_transitions(
helper	main.veln:12970:require_production_inbound_field	eb0cce8f82da01fa5cc16fd27ebdbaa3002ac6d395f56d98c84eabc3454a863a	d5418e062cec915a0af7fa69f8ea17cbedb2bacd566283b2be19216a87d6c4e1	crates/veln-stdlib/veln/http2/hpack_test.veln#test header_block_decoder_preserves_order_octets_and_dynamic_transitions(
helper	main.veln:12971:require_production_inbound_field	a261c2426efbbb43e330b249191d0aa8dd76b5c94a09ab9cf2abedcd1aa2e6b0	d5418e062cec915a0af7fa69f8ea17cbedb2bacd566283b2be19216a87d6c4e1	crates/veln-stdlib/veln/http2/hpack_test.veln#test header_block_decoder_preserves_order_octets_and_dynamic_transitions(
helper	main.veln:12972:require_production_inbound_field	e42acf710692795fe1a6547797c01ef27cfbd02d59e8bba9efe79e52e565a79d	d5418e062cec915a0af7fa69f8ea17cbedb2bacd566283b2be19216a87d6c4e1	crates/veln-stdlib/veln/http2/hpack_test.veln#test header_block_decoder_preserves_order_octets_and_dynamic_transitions(
helper	main.veln:12979:require_production_inbound_transition	536ee0b0e6fabcd82df821f0e70aedb9196ee86c12f69491105f397772dd974b	d5418e062cec915a0af7fa69f8ea17cbedb2bacd566283b2be19216a87d6c4e1	crates/veln-stdlib/veln/http2/hpack_test.veln#test header_block_decoder_preserves_order_octets_and_dynamic_transitions(
helper	main.veln:12985:require_production_inbound_transition	4a83ab3523b9d4648f95fa2e6a913f6282fcdf88befec50d3582e6b2856f5448	d5418e062cec915a0af7fa69f8ea17cbedb2bacd566283b2be19216a87d6c4e1	crates/veln-stdlib/veln/http2/hpack_test.veln#test header_block_decoder_preserves_order_octets_and_dynamic_transitions(
helper	main.veln:12987:require_production_inbound_field	dd2ff2b7940c1416e7451cf90bf3f43c54b1b044943d74dade9890d9fbd42d9b	d5418e062cec915a0af7fa69f8ea17cbedb2bacd566283b2be19216a87d6c4e1	crates/veln-stdlib/veln/http2/hpack_test.veln#test header_block_decoder_preserves_order_octets_and_dynamic_transitions(
helper	main.veln:12991:require_production_inbound_transition	8e2e67c12e0da0746040621a308678d3308220fb41c1daa1d2dff0d8071df394	d5418e062cec915a0af7fa69f8ea17cbedb2bacd566283b2be19216a87d6c4e1	crates/veln-stdlib/veln/http2/hpack_test.veln#test header_block_decoder_preserves_order_octets_and_dynamic_transitions(
helper	main.veln:12993:require_production_inbound_field	ece93f9877ea06b9dabecbd6f6a79d41c4db56c8557df9eb46cab3999bbf8025	d5418e062cec915a0af7fa69f8ea17cbedb2bacd566283b2be19216a87d6c4e1	crates/veln-stdlib/veln/http2/hpack_test.veln#test header_block_decoder_preserves_order_octets_and_dynamic_transitions(
helper	main.veln:12997:require_production_inbound_failure	f1e5695dfcdf86ca35fbbbd9d48bd64b2c1d65e1901f3b01c376ce679ae684d4	d5418e062cec915a0af7fa69f8ea17cbedb2bacd566283b2be19216a87d6c4e1	crates/veln-stdlib/veln/http2/hpack_test.veln#test header_block_decoder_preserves_order_octets_and_dynamic_transitions(
helper	main.veln:12998:require_production_inbound_failure	11e59b58d56f949c2d63aff8578cfe805ec93f3f8a3bfd39b416a38d79036abc	d5418e062cec915a0af7fa69f8ea17cbedb2bacd566283b2be19216a87d6c4e1	crates/veln-stdlib/veln/http2/hpack_test.veln#test header_block_decoder_preserves_order_octets_and_dynamic_transitions(
helper	main.veln:12999:require_production_inbound_failure	53ab63247be249027e6f6dfdae24f56463eca0ddcbc29b28b72b603a042511f5	d5418e062cec915a0af7fa69f8ea17cbedb2bacd566283b2be19216a87d6c4e1	crates/veln-stdlib/veln/http2/hpack_test.veln#test header_block_decoder_preserves_order_octets_and_dynamic_transitions(
helper	main.veln:13000:require_production_inbound_transition	aa7c13f4ffd4a8ca658cfaacd12bbf33eecdf02df9fd7b93c7af641db01bd4e3	d5418e062cec915a0af7fa69f8ea17cbedb2bacd566283b2be19216a87d6c4e1	crates/veln-stdlib/veln/http2/hpack_test.veln#test header_block_decoder_preserves_order_octets_and_dynamic_transitions(
helper	main.veln:13001:require_production_inbound_field	ce654d7c4cb339425db74a49494c72ae44ab2cd0785a4eabae62cbf2af0b0bad	d5418e062cec915a0af7fa69f8ea17cbedb2bacd566283b2be19216a87d6c4e1	crates/veln-stdlib/veln/http2/hpack_test.veln#test header_block_decoder_preserves_order_octets_and_dynamic_transitions(
helper	main.veln:13002:require_production_inbound_transition	e066b6a87ebca0c53b459c5896d9c618b5812cfb6617c91a3994258e7d715550	d5418e062cec915a0af7fa69f8ea17cbedb2bacd566283b2be19216a87d6c4e1	crates/veln-stdlib/veln/http2/hpack_test.veln#test header_block_decoder_preserves_order_octets_and_dynamic_transitions(
helper	main.veln:13003:require_production_inbound_octets	94b1ce9c0b6923cad5f35aa5d43ca0445a8a3498c530e0e6948457b802b77af7	d5418e062cec915a0af7fa69f8ea17cbedb2bacd566283b2be19216a87d6c4e1	crates/veln-stdlib/veln/http2/hpack_test.veln#test header_block_decoder_preserves_order_octets_and_dynamic_transitions(
helper	main.veln:13004:require_production_inbound_transition	22bfab1ca5cdd5b182a6d401819c42bc9648e5ca46a995c9f7c76c9a0319ff40	d5418e062cec915a0af7fa69f8ea17cbedb2bacd566283b2be19216a87d6c4e1	crates/veln-stdlib/veln/http2/hpack_test.veln#test header_block_decoder_preserves_order_octets_and_dynamic_transitions(
helper	main.veln:13005:require_production_inbound_octets	58156647c73c9c4b5065f47dc6aa56f87a74be70612e96e84bfa00da90356f48	d5418e062cec915a0af7fa69f8ea17cbedb2bacd566283b2be19216a87d6c4e1	crates/veln-stdlib/veln/http2/hpack_test.veln#test header_block_decoder_preserves_order_octets_and_dynamic_transitions(
helper	main.veln:13006:require_production_inbound_transition	1ef20127f513c7767e39d6c8f614c6c6f2c67f2e97343be4c2a8088869c5a4d7	d5418e062cec915a0af7fa69f8ea17cbedb2bacd566283b2be19216a87d6c4e1	crates/veln-stdlib/veln/http2/hpack_test.veln#test header_block_decoder_preserves_order_octets_and_dynamic_transitions(
helper	main.veln:13007:require_production_inbound_octets	8a1242830a60e63cae374a388afe8ec28368732e98ea4fd892cf4eef7700082e	d5418e062cec915a0af7fa69f8ea17cbedb2bacd566283b2be19216a87d6c4e1	crates/veln-stdlib/veln/http2/hpack_test.veln#test header_block_decoder_preserves_order_octets_and_dynamic_transitions(
helper	main.veln:13008:require_production_inbound_transition	d8645ebbb416a2eea06613590a3875b979c4fa614960fbf0f641aafb6e728e6b	d5418e062cec915a0af7fa69f8ea17cbedb2bacd566283b2be19216a87d6c4e1	crates/veln-stdlib/veln/http2/hpack_test.veln#test header_block_decoder_preserves_order_octets_and_dynamic_transitions(
helper	main.veln:13010:require_production_inbound_octets	f00f2a4a382c51bc8df818ed8e48e125c083fe818590d3069b5d70ec7b8f255a	d5418e062cec915a0af7fa69f8ea17cbedb2bacd566283b2be19216a87d6c4e1	crates/veln-stdlib/veln/http2/hpack_test.veln#test header_block_decoder_preserves_order_octets_and_dynamic_transitions(
helper	main.veln:13011:require_production_state_octets	0f9c0d7fa1ce31f7e24db1c7e8ea6ea6b08033f6c44f9ee2247856263da4710f	d5418e062cec915a0af7fa69f8ea17cbedb2bacd566283b2be19216a87d6c4e1	crates/veln-stdlib/veln/http2/hpack_test.veln#test header_block_decoder_preserves_order_octets_and_dynamic_transitions(
helper	main.veln:13012:require_production_inbound_transition	853320ca97773e046a8745c082cfceb74943f8f861ef587b89ea560e720d0859	d5418e062cec915a0af7fa69f8ea17cbedb2bacd566283b2be19216a87d6c4e1	crates/veln-stdlib/veln/http2/hpack_test.veln#test header_block_decoder_preserves_order_octets_and_dynamic_transitions(
helper	main.veln:13013:require_production_inbound_octets	f03dfc2e5ed146341b2f33f7c2f5d76b2c80340a6b3c2d2ff453a6d03faca400	d5418e062cec915a0af7fa69f8ea17cbedb2bacd566283b2be19216a87d6c4e1	crates/veln-stdlib/veln/http2/hpack_test.veln#test header_block_decoder_preserves_order_octets_and_dynamic_transitions(
helper	main.veln:13014:require_production_inbound_transition	040607a323a6557ffc9f0fbdb62c109d89098b22674995bd17ed79f0f6c1921c	d5418e062cec915a0af7fa69f8ea17cbedb2bacd566283b2be19216a87d6c4e1	crates/veln-stdlib/veln/http2/hpack_test.veln#test header_block_decoder_preserves_order_octets_and_dynamic_transitions(
helper	main.veln:13015:require_production_inbound_octets	f5115186215682d9becc48256ba61b93ee1e4dc3783dfdc888d686b1cc4eb912	d5418e062cec915a0af7fa69f8ea17cbedb2bacd566283b2be19216a87d6c4e1	crates/veln-stdlib/veln/http2/hpack_test.veln#test header_block_decoder_preserves_order_octets_and_dynamic_transitions(
helper	main.veln:13016:require_production_inbound_transition	50802b058e44b4db05d14d1bd68c09ca2b58191b638e00406d27abc96b434751	d5418e062cec915a0af7fa69f8ea17cbedb2bacd566283b2be19216a87d6c4e1	crates/veln-stdlib/veln/http2/hpack_test.veln#test header_block_decoder_preserves_order_octets_and_dynamic_transitions(
helper	main.veln:13018:require_production_state_octets	f5a07a37addc0d54560323b715d39f9dcd31bb262c3a6c777bb3954dd83ed432	d5418e062cec915a0af7fa69f8ea17cbedb2bacd566283b2be19216a87d6c4e1	crates/veln-stdlib/veln/http2/hpack_test.veln#test header_block_decoder_preserves_order_octets_and_dynamic_transitions(
helper	main.veln:13022:require_production_inbound_transition	01beae3e877f2e619a79d7e4d489bf9ee721611c9e337f088691b21024cc5a35	d5418e062cec915a0af7fa69f8ea17cbedb2bacd566283b2be19216a87d6c4e1	crates/veln-stdlib/veln/http2/hpack_test.veln#test header_block_decoder_preserves_order_octets_and_dynamic_transitions(
helper	main.veln:13028:require_production_inbound_transition	0d6a7778c8627b5194108b241bbd33e00142c38a9e355b637124bcaa9c705490	d5418e062cec915a0af7fa69f8ea17cbedb2bacd566283b2be19216a87d6c4e1	crates/veln-stdlib/veln/http2/hpack_test.veln#test header_block_decoder_preserves_order_octets_and_dynamic_transitions(
helper	main.veln:13063:require_production_inbound_field	e1aeea29ea6236c58c9844fdc8785db73ac10b2554e9d7627f86f0cefb3707c4	1fb5a1209a1e3e7686d206acda809dc1c17373bb26ed31a59b1dabd3e8f0b231	crates/veln-stdlib/veln/http2/core_test.veln#test receive_frame_dispatch_decodes_headers_with_production_hpack(
helper	main.veln:13083:require_production_inbound_octets	7fd2bd906ef6de723c56ef56807644d06e45cf02fdc5333ac4eb29a7c8a4bdb4	1fb5a1209a1e3e7686d206acda809dc1c17373bb26ed31a59b1dabd3e8f0b231	crates/veln-stdlib/veln/http2/core_test.veln#test receive_frame_dispatch_decodes_headers_with_production_hpack(
helper	main.veln:13088:require_production_inbound_octets	49c53977eb010f7c1e3f398c5c30a6f29ff9bb773352a37d8253557e6e5cd7b2	1fb5a1209a1e3e7686d206acda809dc1c17373bb26ed31a59b1dabd3e8f0b231	crates/veln-stdlib/veln/http2/core_test.veln#test receive_frame_dispatch_decodes_headers_with_production_hpack(
helper	main.veln:13095:require_production_inbound_octets	7fd2bd906ef6de723c56ef56807644d06e45cf02fdc5333ac4eb29a7c8a4bdb4	1fb5a1209a1e3e7686d206acda809dc1c17373bb26ed31a59b1dabd3e8f0b231	crates/veln-stdlib/veln/http2/core_test.veln#test receive_frame_dispatch_decodes_headers_with_production_hpack(
helper	main.veln:13101:require_production_inbound_octets	7fd2bd906ef6de723c56ef56807644d06e45cf02fdc5333ac4eb29a7c8a4bdb4	1fb5a1209a1e3e7686d206acda809dc1c17373bb26ed31a59b1dabd3e8f0b231	crates/veln-stdlib/veln/http2/core_test.veln#test receive_frame_dispatch_decodes_headers_with_production_hpack(
helper	main.veln:13106:require_hpack_states_equal	ddab93f3d0648f8a69fef268e88f581970d38fd5e21e97685eeb3244db91690a	d5418e062cec915a0af7fa69f8ea17cbedb2bacd566283b2be19216a87d6c4e1	crates/veln-stdlib/veln/http2/hpack_test.veln#test header_block_decoder_preserves_order_octets_and_dynamic_transitions(
helper	main.veln:13110:require_failure_with_id	588a2128e4a35dd04845a1dbd975be8fb33413590233b96e1946b5b8be2220f9	1fb5a1209a1e3e7686d206acda809dc1c17373bb26ed31a59b1dabd3e8f0b231	crates/veln-stdlib/veln/http2/core_test.veln#test receive_frame_dispatch_decodes_headers_with_production_hpack(
helper	main.veln:13112:require_hpack_states_equal	59ed2b5aed3eaa9143040e835231963769a326991b8aef765a04f77a25216ce6	d5418e062cec915a0af7fa69f8ea17cbedb2bacd566283b2be19216a87d6c4e1	crates/veln-stdlib/veln/http2/hpack_test.veln#test header_block_decoder_preserves_order_octets_and_dynamic_transitions(
helper	main.veln:13116:require_request_header_failure_detail	5281d6c14ef78921426a18c63910fb84bb085b883be85cb22b888e943e01ed6d	1fb5a1209a1e3e7686d206acda809dc1c17373bb26ed31a59b1dabd3e8f0b231	crates/veln-stdlib/veln/http2/core_test.veln#test receive_frame_dispatch_decodes_headers_with_production_hpack(
helper	main.veln:13118:require_hpack_states_equal	0e1d31f080646d220f16a375fe682d11768d7768f4b89a827fc4e276779b5ed6	d5418e062cec915a0af7fa69f8ea17cbedb2bacd566283b2be19216a87d6c4e1	crates/veln-stdlib/veln/http2/hpack_test.veln#test header_block_decoder_preserves_order_octets_and_dynamic_transitions(
helper	main.veln:13122:require_production_update_route	3da50e86501de963c1cb29920cad14125627a0409f4052f160f3a111a045186b	1fb5a1209a1e3e7686d206acda809dc1c17373bb26ed31a59b1dabd3e8f0b231	crates/veln-stdlib/veln/http2/core_test.veln#test receive_frame_dispatch_decodes_headers_with_production_hpack(
helper	main.veln:13123:require_production_update_route	94c8e4f0ffcc713f9ca88c8db77446b76902a502e6a52b2b0b483af29519dc8f	1fb5a1209a1e3e7686d206acda809dc1c17373bb26ed31a59b1dabd3e8f0b231	crates/veln-stdlib/veln/http2/core_test.veln#test receive_frame_dispatch_decodes_headers_with_production_hpack(
helper	main.veln:13141:require_production_inbound_field	b7b59e8fba0ae91063ef1bfffe6f1dc2077acca6f940496e3beb2b97a012b3bd	1fb5a1209a1e3e7686d206acda809dc1c17373bb26ed31a59b1dabd3e8f0b231	crates/veln-stdlib/veln/http2/core_test.veln#test receive_frame_dispatch_decodes_headers_with_production_hpack(
helper	main.veln:13161:require_production_route_failure	07c09153109b9e2e0ebd55ab13cb0f4c6f5b9b3a49ab0564dfdeca33b1ac37c9	1fb5a1209a1e3e7686d206acda809dc1c17373bb26ed31a59b1dabd3e8f0b231	crates/veln-stdlib/veln/http2/core_test.veln#test receive_frame_dispatch_decodes_headers_with_production_hpack(
helper	main.veln:13163:require_production_route_failure	5a78c52587cd19c6f52401d3598384f4ef60d0471289aeffe1e08ebaad45a93c	1fb5a1209a1e3e7686d206acda809dc1c17373bb26ed31a59b1dabd3e8f0b231	crates/veln-stdlib/veln/http2/core_test.veln#test receive_frame_dispatch_decodes_headers_with_production_hpack(
helper	main.veln:13165:require_production_route_failure	747680614faaece6b19abf0b8fe120ef56ec765493c2eacaa19d2f5eeeb2fd8a	1fb5a1209a1e3e7686d206acda809dc1c17373bb26ed31a59b1dabd3e8f0b231	crates/veln-stdlib/veln/http2/core_test.veln#test receive_frame_dispatch_decodes_headers_with_production_hpack(
helper	main.veln:13167:require_production_route_failure	d5c59a208a776dc6b12bcb7d7e74cab6d6003d263bd7c458f2513e949011e2ae	1fb5a1209a1e3e7686d206acda809dc1c17373bb26ed31a59b1dabd3e8f0b231	crates/veln-stdlib/veln/http2/core_test.veln#test receive_frame_dispatch_decodes_headers_with_production_hpack(
helper	main.veln:13170:require_production_route_failure	638ddf6948054c054b2e74f860eb3742674e98e7d695b32d3a061acd59fa842a	1fb5a1209a1e3e7686d206acda809dc1c17373bb26ed31a59b1dabd3e8f0b231	crates/veln-stdlib/veln/http2/core_test.veln#test receive_frame_dispatch_decodes_headers_with_production_hpack(
helper	main.veln:13179:require_request_header_failure_fact	533977095292b1750c1cfa968c86b33c1b35ff13a3d30a72df3fd22cb897a930	1fb5a1209a1e3e7686d206acda809dc1c17373bb26ed31a59b1dabd3e8f0b231	crates/veln-stdlib/veln/http2/core_test.veln#test receive_frame_dispatch_decodes_headers_with_production_hpack(
helper	main.veln:13182:require_response_header_failure_fact	7006fa94e1a754a158c35171484ea85e8bc182edd2959c4673ff7fb147607159	1fb5a1209a1e3e7686d206acda809dc1c17373bb26ed31a59b1dabd3e8f0b231	crates/veln-stdlib/veln/http2/core_test.veln#test receive_frame_dispatch_decodes_headers_with_production_hpack(
helper	main.veln:13185:require_request_header_failure_fact	24ef47e3d63b85e7b9f932e687e7b3146b1de61d9ee7ad7304f166eacfb961d2	1fb5a1209a1e3e7686d206acda809dc1c17373bb26ed31a59b1dabd3e8f0b231	crates/veln-stdlib/veln/http2/core_test.veln#test receive_frame_dispatch_decodes_headers_with_production_hpack(
helper	main.veln:13198:require_request_header_failure_fact	650d31371ae6eaf5b1144627abee25f6c6fb62f9a94a545c376b0626f92533be	1fb5a1209a1e3e7686d206acda809dc1c17373bb26ed31a59b1dabd3e8f0b231	crates/veln-stdlib/veln/http2/core_test.veln#test receive_frame_dispatch_decodes_headers_with_production_hpack(
helper	main.veln:13200:require_hpack_states_equal	6608f2c8c8eb3096ad5bf43a3662c795e26582a4cf14e88ece04fd595c12d4f3	d5418e062cec915a0af7fa69f8ea17cbedb2bacd566283b2be19216a87d6c4e1	crates/veln-stdlib/veln/http2/hpack_test.veln#test header_block_decoder_preserves_order_octets_and_dynamic_transitions(
helper	main.veln:13208:require_outbound_hpack_encode_transition	7caabe8849d4e3a21684d3a0dd79ea333fb8a42d598dc7d47c600b3ccc0f5666	c9cdc2a6ac32b5b594efce5d43c3e1ce111e2526f8c76208d94dbb009754e7da	crates/veln-stdlib/veln/http2/core_test.veln#test outbound_request_headers_send_emits_hpack_bytes_and_creates_stream(
helper	main.veln:13216:require_outbound_hpack_encode_transition	28ee2f9d4a5a72367c5d87b5f5315cef4dd57f8ee92f9a734b7571f9bc9fccf2	c9cdc2a6ac32b5b594efce5d43c3e1ce111e2526f8c76208d94dbb009754e7da	crates/veln-stdlib/veln/http2/core_test.veln#test outbound_request_headers_send_emits_hpack_bytes_and_creates_stream(
helper	main.veln:13224:require_outbound_hpack_encode_transition	87b5dc821a1ca307dab0599dc8e37e5370ed59e52d44012c7aa6439ba00f5b54	c9cdc2a6ac32b5b594efce5d43c3e1ce111e2526f8c76208d94dbb009754e7da	crates/veln-stdlib/veln/http2/core_test.veln#test outbound_request_headers_send_emits_hpack_bytes_and_creates_stream(
helper	main.veln:13230:require_outbound_hpack_encode_transition	819a0b0b3c7b15e39e25c2d8ca13dc17b8d8ce6d011e699dd51d603c555224cc	c9cdc2a6ac32b5b594efce5d43c3e1ce111e2526f8c76208d94dbb009754e7da	crates/veln-stdlib/veln/http2/core_test.veln#test outbound_request_headers_send_emits_hpack_bytes_and_creates_stream(
helper	main.veln:13246:require_outbound_hpack_encode_transition	71fde22012bc6eaba584be99bedc8aa179f9607f053832b44bc43cc0b8ffdb25	c9cdc2a6ac32b5b594efce5d43c3e1ce111e2526f8c76208d94dbb009754e7da	crates/veln-stdlib/veln/http2/core_test.veln#test outbound_request_headers_send_emits_hpack_bytes_and_creates_stream(
helper	main.veln:13253:require_outbound_hpack_encode_transition	ae5793c38d5722683d8b60dc818b6ccbc56dff93198945a12659e0667182fc21	c9cdc2a6ac32b5b594efce5d43c3e1ce111e2526f8c76208d94dbb009754e7da	crates/veln-stdlib/veln/http2/core_test.veln#test outbound_request_headers_send_emits_hpack_bytes_and_creates_stream(
helper	main.veln:13263:require_outbound_hpack_encode_state	715249b70a638be462a68e1204ddb40aa192551addae1ad9882dc7525f9b5609	c9cdc2a6ac32b5b594efce5d43c3e1ce111e2526f8c76208d94dbb009754e7da	crates/veln-stdlib/veln/http2/core_test.veln#test outbound_request_headers_send_emits_hpack_bytes_and_creates_stream(
helper	main.veln:13264:require_outbound_hpack_encode_transition	099bf36a727dbedad5d64d2716bb3b3efdb066d5e084ac5beae89eeedd2dcdfa	c9cdc2a6ac32b5b594efce5d43c3e1ce111e2526f8c76208d94dbb009754e7da	crates/veln-stdlib/veln/http2/core_test.veln#test outbound_request_headers_send_emits_hpack_bytes_and_creates_stream(
helper	main.veln:13271:require_outbound_hpack_encode_state	ff08ca3d535c234c801e10f28dfcdb5224779641f2061e39cf0833c532cc73a0	c9cdc2a6ac32b5b594efce5d43c3e1ce111e2526f8c76208d94dbb009754e7da	crates/veln-stdlib/veln/http2/core_test.veln#test outbound_request_headers_send_emits_hpack_bytes_and_creates_stream(
helper	main.veln:13272:require_outbound_hpack_encode_transition	4c61c0b6bad3b02e0f559b83b9caab7c840bc0c400e0299780c73ed83759b8b5	c9cdc2a6ac32b5b594efce5d43c3e1ce111e2526f8c76208d94dbb009754e7da	crates/veln-stdlib/veln/http2/core_test.veln#test outbound_request_headers_send_emits_hpack_bytes_and_creates_stream(
helper	main.veln:13279:require_outbound_hpack_encode_state	e92c54345b2bb4d8c5d802a9a329f3b8d73b0bc05aab957c3e3b829847b03f51	c9cdc2a6ac32b5b594efce5d43c3e1ce111e2526f8c76208d94dbb009754e7da	crates/veln-stdlib/veln/http2/core_test.veln#test outbound_request_headers_send_emits_hpack_bytes_and_creates_stream(
helper	main.veln:13280:require_outbound_hpack_encode_transition	9cf1a7733508b27d817e7a68b7f74b62fc72b163eaaa47892ab60d9bdb7c559f	c9cdc2a6ac32b5b594efce5d43c3e1ce111e2526f8c76208d94dbb009754e7da	crates/veln-stdlib/veln/http2/core_test.veln#test outbound_request_headers_send_emits_hpack_bytes_and_creates_stream(
helper	main.veln:13287:require_outbound_hpack_encode_transition	345bde624d8e94288ced5adbfef5fe6a9f8104cddf4de10cdc83a0aef90a76e4	c9cdc2a6ac32b5b594efce5d43c3e1ce111e2526f8c76208d94dbb009754e7da	crates/veln-stdlib/veln/http2/core_test.veln#test outbound_request_headers_send_emits_hpack_bytes_and_creates_stream(
helper	main.veln:13293:require_outbound_hpack_encode_transition	e622530eed0a2427b8b721a5e332ed28d938e80aa4f2ba16878070cf6bf331ec	c9cdc2a6ac32b5b594efce5d43c3e1ce111e2526f8c76208d94dbb009754e7da	crates/veln-stdlib/veln/http2/core_test.veln#test outbound_request_headers_send_emits_hpack_bytes_and_creates_stream(
helper	main.veln:13300:require_outbound_hpack_encode_transition	b1bfb3c67847d08f67a004cbbe6477159f14df1f2dac6dfb55940e509c462ab0	c9cdc2a6ac32b5b594efce5d43c3e1ce111e2526f8c76208d94dbb009754e7da	crates/veln-stdlib/veln/http2/core_test.veln#test outbound_request_headers_send_emits_hpack_bytes_and_creates_stream(
helper	main.veln:13307:require_outbound_hpack_encode_transition	8d64c6c254e24fe4c027841be4606bfc41933a9b26ccb61de03c615389465b1b	c9cdc2a6ac32b5b594efce5d43c3e1ce111e2526f8c76208d94dbb009754e7da	crates/veln-stdlib/veln/http2/core_test.veln#test outbound_request_headers_send_emits_hpack_bytes_and_creates_stream(
helper	main.veln:13313:require_outbound_hpack_encode_transition	e6f0d0c09543abaa581f459196d19ff0c5164640a0388750189242ec470c8c53	c9cdc2a6ac32b5b594efce5d43c3e1ce111e2526f8c76208d94dbb009754e7da	crates/veln-stdlib/veln/http2/core_test.veln#test outbound_request_headers_send_emits_hpack_bytes_and_creates_stream(
helper	main.veln:13324:require_outbound_headers_from_list	f543c3474dd730421fd4ad74c189dc02be4150ad3e5e6f376b9ad5ce6622dc2f	c9cdc2a6ac32b5b594efce5d43c3e1ce111e2526f8c76208d94dbb009754e7da	crates/veln-stdlib/veln/http2/core_test.veln#test outbound_request_headers_send_emits_hpack_bytes_and_creates_stream(
helper	main.veln:13335:require_outbound_headers_from_list	6e969d41d68a28d9d10080193c634f72eacc22588ba6c61d5641cd4249a912fa	c9cdc2a6ac32b5b594efce5d43c3e1ce111e2526f8c76208d94dbb009754e7da	crates/veln-stdlib/veln/http2/core_test.veln#test outbound_request_headers_send_emits_hpack_bytes_and_creates_stream(
helper	main.veln:13341:require_outbound_headers_from_list	db8568946b808de974802899a2028727941f7b496c84345e91fccb24811f7094	c9cdc2a6ac32b5b594efce5d43c3e1ce111e2526f8c76208d94dbb009754e7da	crates/veln-stdlib/veln/http2/core_test.veln#test outbound_request_headers_send_emits_hpack_bytes_and_creates_stream(
helper	main.veln:13347:require_outbound_headers_from_list	de0142b05f269ab046be1646a5954f0cb3151148116bdb5857cf54a9dd1acf3d	c9cdc2a6ac32b5b594efce5d43c3e1ce111e2526f8c76208d94dbb009754e7da	crates/veln-stdlib/veln/http2/core_test.veln#test outbound_request_headers_send_emits_hpack_bytes_and_creates_stream(
helper	main.veln:13358:require_outbound_hpack_encode_transition	57eae76c11e6d2a39fd28c8b2b3f7d7946ea084de4e561f8d698a4db15d4a7be	c9cdc2a6ac32b5b594efce5d43c3e1ce111e2526f8c76208d94dbb009754e7da	crates/veln-stdlib/veln/http2/core_test.veln#test outbound_request_headers_send_emits_hpack_bytes_and_creates_stream(
helper	main.veln:13365:require_outbound_hpack_encode_transition	45c14eaf7d0541648993073126dcfdc0c3bc41caa969a69ee55f4e2edce3733f	c9cdc2a6ac32b5b594efce5d43c3e1ce111e2526f8c76208d94dbb009754e7da	crates/veln-stdlib/veln/http2/core_test.veln#test outbound_request_headers_send_emits_hpack_bytes_and_creates_stream(
helper	main.veln:13380:require_outbound_headers_connection_accepted	96d0c7c8bc22cd6448e8c11ccb683a9b3e3651d6d2d3532ae459a3dcb245d834	c9cdc2a6ac32b5b594efce5d43c3e1ce111e2526f8c76208d94dbb009754e7da	crates/veln-stdlib/veln/http2/core_test.veln#test outbound_request_headers_send_emits_hpack_bytes_and_creates_stream(
helper	main.veln:13382:require_equal_int	34beb39c24f6142d44396822dc3e7b7d78f0ece4f41c8a173f71b9b5a9680945	c9cdc2a6ac32b5b594efce5d43c3e1ce111e2526f8c76208d94dbb009754e7da	crates/veln-stdlib/veln/http2/core_test.veln#test outbound_request_headers_send_emits_hpack_bytes_and_creates_stream(
helper	main.veln:13384:require_outbound_headers_connection_accepted	25e1a7f7364de46a04a73520ba521175bac3b6821eb0727c186605f96b6b8f71	c9cdc2a6ac32b5b594efce5d43c3e1ce111e2526f8c76208d94dbb009754e7da	crates/veln-stdlib/veln/http2/core_test.veln#test outbound_request_headers_send_emits_hpack_bytes_and_creates_stream(
helper	main.veln:13386:require_equal_int	9412a56d90aba8164c24765c564b83d2ff3e1b6fc2ef7b04d6b35c1562c06732	c9cdc2a6ac32b5b594efce5d43c3e1ce111e2526f8c76208d94dbb009754e7da	crates/veln-stdlib/veln/http2/core_test.veln#test outbound_request_headers_send_emits_hpack_bytes_and_creates_stream(
helper	main.veln:13388:require_outbound_headers_connection_accepted	49cc780429ec8d296ed2afcabb4fd3bfe36f6d3960a7b1ee3ac3c732aec3223d	c9cdc2a6ac32b5b594efce5d43c3e1ce111e2526f8c76208d94dbb009754e7da	crates/veln-stdlib/veln/http2/core_test.veln#test outbound_request_headers_send_emits_hpack_bytes_and_creates_stream(
helper	main.veln:13391:require_outbound_headers_connection_failure	edb875965bf8e4526099a4be6d9c2baef23f65229bd4b78b78994ec135b6e1a9	c9cdc2a6ac32b5b594efce5d43c3e1ce111e2526f8c76208d94dbb009754e7da	crates/veln-stdlib/veln/http2/core_test.veln#test outbound_request_headers_send_emits_hpack_bytes_and_creates_stream(
helper	main.veln:13393:require_outbound_headers_connection_state_preserved	4f1dcaceb662a1f13897682c8dd2c128c0662cbce3a64614081ef8c202bd48d4	c9cdc2a6ac32b5b594efce5d43c3e1ce111e2526f8c76208d94dbb009754e7da	crates/veln-stdlib/veln/http2/core_test.veln#test outbound_request_headers_send_emits_hpack_bytes_and_creates_stream(
helper	main.veln:13395:require_outbound_headers_connection_accepted	e87d30f5a0d6c0f34cde84796af35759ac72e214cc34a243582e34e0f87ecfd9	c9cdc2a6ac32b5b594efce5d43c3e1ce111e2526f8c76208d94dbb009754e7da	crates/veln-stdlib/veln/http2/core_test.veln#test outbound_request_headers_send_emits_hpack_bytes_and_creates_stream(
helper	main.veln:13400:require_outbound_headers_connection_failure	6ae9b28527af53a76d3335bc41e922b1a9ead78682031656637e8ea77e395e61	c9cdc2a6ac32b5b594efce5d43c3e1ce111e2526f8c76208d94dbb009754e7da	crates/veln-stdlib/veln/http2/core_test.veln#test outbound_request_headers_send_emits_hpack_bytes_and_creates_stream(
helper	main.veln:13401:require_outbound_headers_connection_state_preserved	5fb1257701a23fe11f68dfb3ad6df7ab97dfe5c324b571fede00906db27c3bdd	c9cdc2a6ac32b5b594efce5d43c3e1ce111e2526f8c76208d94dbb009754e7da	crates/veln-stdlib/veln/http2/core_test.veln#test outbound_request_headers_send_emits_hpack_bytes_and_creates_stream(
helper	main.veln:13410:require_outbound_headers_connection_failure	0086c5a48f7b9affe4937012963cc69416114fd851a50b1ef51ab278939ee3f4	c9cdc2a6ac32b5b594efce5d43c3e1ce111e2526f8c76208d94dbb009754e7da	crates/veln-stdlib/veln/http2/core_test.veln#test outbound_request_headers_send_emits_hpack_bytes_and_creates_stream(
helper	main.veln:13412:require_outbound_headers_connection_failure	17ac6bfc6f5df57ccff759fe90607310f87a828c461255024673edac3788fb03	c9cdc2a6ac32b5b594efce5d43c3e1ce111e2526f8c76208d94dbb009754e7da	crates/veln-stdlib/veln/http2/core_test.veln#test outbound_request_headers_send_emits_hpack_bytes_and_creates_stream(
helper	main.veln:13414:require_outbound_headers_connection_failure	3a10bf31d0fba233f3dbefbfb50bdb259cb6f78b82f423b8d38c59beec2634f3	c9cdc2a6ac32b5b594efce5d43c3e1ce111e2526f8c76208d94dbb009754e7da	crates/veln-stdlib/veln/http2/core_test.veln#test outbound_request_headers_send_emits_hpack_bytes_and_creates_stream(
helper	main.veln:13417:require_outbound_headers_connection_failure	6cffb383e978ff3ea507ac0b1756f5b66fff035cb53766345e1fe846c5a2e126	c9cdc2a6ac32b5b594efce5d43c3e1ce111e2526f8c76208d94dbb009754e7da	crates/veln-stdlib/veln/http2/core_test.veln#test outbound_request_headers_send_emits_hpack_bytes_and_creates_stream(
helper	main.veln:13418:require_outbound_headers_connection_state_preserved	258f353fc81f3c5f573e03b0405a59b0d7c63ccce23f6f6021a90075fbaba227	c9cdc2a6ac32b5b594efce5d43c3e1ce111e2526f8c76208d94dbb009754e7da	crates/veln-stdlib/veln/http2/core_test.veln#test outbound_request_headers_send_emits_hpack_bytes_and_creates_stream(
helper	main.veln:13421:require_outbound_headers_connection_accepted	5b606a131a38e938c74e31ccdadcf38d79364648371a43b0c4ac84be86f1995f	c9cdc2a6ac32b5b594efce5d43c3e1ce111e2526f8c76208d94dbb009754e7da	crates/veln-stdlib/veln/http2/core_test.veln#test outbound_request_headers_send_emits_hpack_bytes_and_creates_stream(
helper	main.veln:13432:require_outbound_headers_connection_failure	5a2aae511a5f7a6a25a06c868022d579783da93297af9c9c36dd4db8bf7cd958	c9cdc2a6ac32b5b594efce5d43c3e1ce111e2526f8c76208d94dbb009754e7da	crates/veln-stdlib/veln/http2/core_test.veln#test outbound_request_headers_send_emits_hpack_bytes_and_creates_stream(
helper	main.veln:13433:require_outbound_headers_connection_state_preserved	964da0567a0a2692b8cdda18fa441b6c63a926136a2780693a8f9c6428b7bc02	c9cdc2a6ac32b5b594efce5d43c3e1ce111e2526f8c76208d94dbb009754e7da	crates/veln-stdlib/veln/http2/core_test.veln#test outbound_request_headers_send_emits_hpack_bytes_and_creates_stream(
helper	main.veln:13436:require_outbound_headers_connection_failure	3c5624c48fd383f017c03afac93b171e1d0c4c93656938bf34b2948c43f4563e	c9cdc2a6ac32b5b594efce5d43c3e1ce111e2526f8c76208d94dbb009754e7da	crates/veln-stdlib/veln/http2/core_test.veln#test outbound_request_headers_send_emits_hpack_bytes_and_creates_stream(
helper	main.veln:13437:require_outbound_headers_connection_state_preserved	a695e2473969463d5a3c0014358b40497152f9c719cb58972e327271a5ff17fc	c9cdc2a6ac32b5b594efce5d43c3e1ce111e2526f8c76208d94dbb009754e7da	crates/veln-stdlib/veln/http2/core_test.veln#test outbound_request_headers_send_emits_hpack_bytes_and_creates_stream(
helper	main.veln:13440:require_outbound_headers_connection_failure	e126b5421d94e7ac7c1d3a9981c841c307da8fe6bfee72ebbd29b9108fdf4952	c9cdc2a6ac32b5b594efce5d43c3e1ce111e2526f8c76208d94dbb009754e7da	crates/veln-stdlib/veln/http2/core_test.veln#test outbound_request_headers_send_emits_hpack_bytes_and_creates_stream(
helper	main.veln:13441:require_outbound_headers_connection_state_preserved	ce17c82d5641c69717129d78e8ca87d08710098589274efe6385dfaaba4d5cd6	c9cdc2a6ac32b5b594efce5d43c3e1ce111e2526f8c76208d94dbb009754e7da	crates/veln-stdlib/veln/http2/core_test.veln#test outbound_request_headers_send_emits_hpack_bytes_and_creates_stream(
helper	main.veln:13444:require_outbound_headers_connection_accepted	8063ed49d387256cdc6fa4441d920a8fe14bf3924d1414bb10a8de45dfa218b3	c9cdc2a6ac32b5b594efce5d43c3e1ce111e2526f8c76208d94dbb009754e7da	crates/veln-stdlib/veln/http2/core_test.veln#test outbound_request_headers_send_emits_hpack_bytes_and_creates_stream(
helper	main.veln:13447:require_outbound_headers_connection_accepted	c81ea89740ff040a814df9f4902d1c4ba7d1367a35b687610f048262c3e89bb6	c9cdc2a6ac32b5b594efce5d43c3e1ce111e2526f8c76208d94dbb009754e7da	crates/veln-stdlib/veln/http2/core_test.veln#test outbound_request_headers_send_emits_hpack_bytes_and_creates_stream(
helper	main.veln:13448:require_equal_int	da43a634f5d620db33148ed540fbf25f79e1eebb0ac81dbaffbf61a69d243705	c9cdc2a6ac32b5b594efce5d43c3e1ce111e2526f8c76208d94dbb009754e7da	crates/veln-stdlib/veln/http2/core_test.veln#test outbound_request_headers_send_emits_hpack_bytes_and_creates_stream(
helper	main.veln:13455:require_outbound_headers_connection_transition	e8c2b088c29010ed82f6908c5bf885ff764a1984d6d3e9fc5fbefc7fdabacd01	c9cdc2a6ac32b5b594efce5d43c3e1ce111e2526f8c76208d94dbb009754e7da	crates/veln-stdlib/veln/http2/core_test.veln#test outbound_request_headers_send_emits_hpack_bytes_and_creates_stream(
helper	main.veln:13456:require_outbound_headers_connection_accepted	8636da157fdfd35b0845d9fc4cc4403377625483ca449e646f5128e8a679efd9	c9cdc2a6ac32b5b594efce5d43c3e1ce111e2526f8c76208d94dbb009754e7da	crates/veln-stdlib/veln/http2/core_test.veln#test outbound_request_headers_send_emits_hpack_bytes_and_creates_stream(
helper	main.veln:13459:require_outbound_headers_connection_transition	de79df98094c1c8612f16184baa41eabe4a0300a59d9d69174c51193a18914dc	c9cdc2a6ac32b5b594efce5d43c3e1ce111e2526f8c76208d94dbb009754e7da	crates/veln-stdlib/veln/http2/core_test.veln#test outbound_request_headers_send_emits_hpack_bytes_and_creates_stream(
helper	main.veln:13460:require_outbound_headers_connection_failure	d6454c6c79d4ba0a6938875be88ad732b6b693f12fecc8e1b9e8434876ad8c51	c9cdc2a6ac32b5b594efce5d43c3e1ce111e2526f8c76208d94dbb009754e7da	crates/veln-stdlib/veln/http2/core_test.veln#test outbound_request_headers_send_emits_hpack_bytes_and_creates_stream(
helper	main.veln:13461:require_outbound_headers_connection_state_preserved	1d28db345b79c3d65fba66c9cd5cf113ad9568f9ca536f0ca4bab8dc32707b31	c9cdc2a6ac32b5b594efce5d43c3e1ce111e2526f8c76208d94dbb009754e7da	crates/veln-stdlib/veln/http2/core_test.veln#test outbound_request_headers_send_emits_hpack_bytes_and_creates_stream(
helper	main.veln:13467:require_outbound_headers_connection_accepted	f23c6af5cc531a314084d39af42396c4cd939f468a42cef08a65afcc72c5f2ac	c9cdc2a6ac32b5b594efce5d43c3e1ce111e2526f8c76208d94dbb009754e7da	crates/veln-stdlib/veln/http2/core_test.veln#test outbound_request_headers_send_emits_hpack_bytes_and_creates_stream(
helper	main.veln:13479:require_outbound_headers_connection_transition	90884cd305a9bd0528e6e0533176b6d9facc5ddfc060a3f53165eb1b0a6a9d3e	c9cdc2a6ac32b5b594efce5d43c3e1ce111e2526f8c76208d94dbb009754e7da	crates/veln-stdlib/veln/http2/core_test.veln#test outbound_request_headers_send_emits_hpack_bytes_and_creates_stream(
helper	main.veln:13480:require_outbound_headers_connection_accepted	e7f36e4b2b72e17f0740000611595a54ed68217e6fb8141ec6903dd418924b8e	c9cdc2a6ac32b5b594efce5d43c3e1ce111e2526f8c76208d94dbb009754e7da	crates/veln-stdlib/veln/http2/core_test.veln#test outbound_request_headers_send_emits_hpack_bytes_and_creates_stream(
helper	main.veln:13483:require_outbound_headers_connection_transition	7cc5955ba91b5aa2f8df523642ed452961985be1fbdfd2bd90561b4ed5fb9fa9	c9cdc2a6ac32b5b594efce5d43c3e1ce111e2526f8c76208d94dbb009754e7da	crates/veln-stdlib/veln/http2/core_test.veln#test outbound_request_headers_send_emits_hpack_bytes_and_creates_stream(
helper	main.veln:13484:require_outbound_headers_connection_failure	e4d511ba977e6945d2316567a548391a17eefd7e569eca4e7792ec5978153074	c9cdc2a6ac32b5b594efce5d43c3e1ce111e2526f8c76208d94dbb009754e7da	crates/veln-stdlib/veln/http2/core_test.veln#test outbound_request_headers_send_emits_hpack_bytes_and_creates_stream(
helper	main.veln:13485:require_outbound_headers_connection_state_preserved	3c7cbe91df8c44cd1201d1239e1f7a38ba4f0a2550c2c36c3bfb26e0422f35ba	c9cdc2a6ac32b5b594efce5d43c3e1ce111e2526f8c76208d94dbb009754e7da	crates/veln-stdlib/veln/http2/core_test.veln#test outbound_request_headers_send_emits_hpack_bytes_and_creates_stream(
helper	main.veln:13488:require_outbound_headers_connection_transition	dd97e135b011956a835b551e5f41a7352f898eb025d40817eda4b1d5dd05de90	c9cdc2a6ac32b5b594efce5d43c3e1ce111e2526f8c76208d94dbb009754e7da	crates/veln-stdlib/veln/http2/core_test.veln#test outbound_request_headers_send_emits_hpack_bytes_and_creates_stream(
helper	main.veln:13489:require_outbound_headers_connection_accepted	66af175b4230b2dfbc8ed83ca4fd5f0fe2f1415fb9cc6e638ca40df2561a25fd	c9cdc2a6ac32b5b594efce5d43c3e1ce111e2526f8c76208d94dbb009754e7da	crates/veln-stdlib/veln/http2/core_test.veln#test outbound_request_headers_send_emits_hpack_bytes_and_creates_stream(
helper	main.veln:13506:require_outbound_headers_from_list	285602111ab54e5c4ab59280c0454c2322b12b023e8c9ff2a0c6042cea5bf789	c9cdc2a6ac32b5b594efce5d43c3e1ce111e2526f8c76208d94dbb009754e7da	crates/veln-stdlib/veln/http2/core_test.veln#test outbound_request_headers_send_emits_hpack_bytes_and_creates_stream(
helper	main.veln:13512:require_outbound_headers_from_list	ec0cc81ae68e20cf67b927af5682992c5f33aec228d9325658f4dcb41fde077b	c9cdc2a6ac32b5b594efce5d43c3e1ce111e2526f8c76208d94dbb009754e7da	crates/veln-stdlib/veln/http2/core_test.veln#test outbound_request_headers_send_emits_hpack_bytes_and_creates_stream(
helper	main.veln:13518:require_outbound_headers_from_list	8e551a4f22dee81d32a2ab5ccacc34ebc3eb6b928e905ea24adfd2101f531952	c9cdc2a6ac32b5b594efce5d43c3e1ce111e2526f8c76208d94dbb009754e7da	crates/veln-stdlib/veln/http2/core_test.veln#test outbound_request_headers_send_emits_hpack_bytes_and_creates_stream(
helper	main.veln:13524:require_outbound_headers_from_list	1573f713373b7b85529940c1f9204c09ef4dfae3a8af589e5d60500feb98985d	c9cdc2a6ac32b5b594efce5d43c3e1ce111e2526f8c76208d94dbb009754e7da	crates/veln-stdlib/veln/http2/core_test.veln#test outbound_request_headers_send_emits_hpack_bytes_and_creates_stream(
helper	main.veln:13531:require_outbound_headers_from_list	9e32be18d7b0aba089c742a663ac1e918d1d34e6d9ee8b475c9793a58b95c046	c9cdc2a6ac32b5b594efce5d43c3e1ce111e2526f8c76208d94dbb009754e7da	crates/veln-stdlib/veln/http2/core_test.veln#test outbound_request_headers_send_emits_hpack_bytes_and_creates_stream(
helper	main.veln:13535:require_outbound_headers_from_list	72121ffd413e42b41755937799560755e24c66da77cbbb1c0eb1a84f6476e105	c9cdc2a6ac32b5b594efce5d43c3e1ce111e2526f8c76208d94dbb009754e7da	crates/veln-stdlib/veln/http2/core_test.veln#test outbound_request_headers_send_emits_hpack_bytes_and_creates_stream(
helper	main.veln:13542:require_outbound_hpack_encode_transition	d8d4adf2eac9141d29d7cac9eb516f556fe3e42689c44b0728ef246f2dbb47fd	c9cdc2a6ac32b5b594efce5d43c3e1ce111e2526f8c76208d94dbb009754e7da	crates/veln-stdlib/veln/http2/core_test.veln#test outbound_request_headers_send_emits_hpack_bytes_and_creates_stream(
helper	main.veln:13549:require_outbound_hpack_encode_transition	ed5f309e7dd7b89e98d6d355596880c199e412470238e5a306c6b0f48736e366	c9cdc2a6ac32b5b594efce5d43c3e1ce111e2526f8c76208d94dbb009754e7da	crates/veln-stdlib/veln/http2/core_test.veln#test outbound_request_headers_send_emits_hpack_bytes_and_creates_stream(
helper	main.veln:13557:require_outbound_hpack_encode_transition	6a964e6bcdbc6f1c65ccb16d5500b87db2bf4b0ba2550081c81855b39d910b11	c9cdc2a6ac32b5b594efce5d43c3e1ce111e2526f8c76208d94dbb009754e7da	crates/veln-stdlib/veln/http2/core_test.veln#test outbound_request_headers_send_emits_hpack_bytes_and_creates_stream(
helper	main.veln:13564:require_outbound_hpack_encode_transition	11cf2a808f3bbf1e4be08b7424ec2d874efb475a7dc7f9a3119806d4847c1e04	c9cdc2a6ac32b5b594efce5d43c3e1ce111e2526f8c76208d94dbb009754e7da	crates/veln-stdlib/veln/http2/core_test.veln#test outbound_request_headers_send_emits_hpack_bytes_and_creates_stream(
helper	main.veln:13572:require_outbound_hpack_encode_transition	2fa3d5debc9bc3c04a7741dc1647630b8df4003cadf506feb930ba7a9f61b597	c9cdc2a6ac32b5b594efce5d43c3e1ce111e2526f8c76208d94dbb009754e7da	crates/veln-stdlib/veln/http2/core_test.veln#test outbound_request_headers_send_emits_hpack_bytes_and_creates_stream(
helper	main.veln:13582:require_outbound_headers_from_list	e5993534196d5d731b83bdab23f169134d2d42cb83d919aa4002b8d32e16c1f2	c9cdc2a6ac32b5b594efce5d43c3e1ce111e2526f8c76208d94dbb009754e7da	crates/veln-stdlib/veln/http2/core_test.veln#test outbound_request_headers_send_emits_hpack_bytes_and_creates_stream(
helper	main.veln:13586:require_outbound_headers_from_list	4a9680591889b02a221cfb5aa66270bcef166f5e9df46e5c896026988151b3d2	c9cdc2a6ac32b5b594efce5d43c3e1ce111e2526f8c76208d94dbb009754e7da	crates/veln-stdlib/veln/http2/core_test.veln#test outbound_request_headers_send_emits_hpack_bytes_and_creates_stream(
helper	main.veln:13590:require_outbound_headers_from_list	e76b900c79b09e1d71390b4bb5c6ed47f0b3d7bd75fa79c705514566765e324d	c9cdc2a6ac32b5b594efce5d43c3e1ce111e2526f8c76208d94dbb009754e7da	crates/veln-stdlib/veln/http2/core_test.veln#test outbound_request_headers_send_emits_hpack_bytes_and_creates_stream(
helper	main.veln:13594:require_outbound_headers_from_list	35da3b89ff156a0a39ae738466c30eb7b46f99578a7d72ffa571126540a782cf	c9cdc2a6ac32b5b594efce5d43c3e1ce111e2526f8c76208d94dbb009754e7da	crates/veln-stdlib/veln/http2/core_test.veln#test outbound_request_headers_send_emits_hpack_bytes_and_creates_stream(
helper	main.veln:13598:require_outbound_headers_from_list	13278f6e38cec8110c1c1bb679b2fa3cf28160f66260f709de6a388d2803d722	c9cdc2a6ac32b5b594efce5d43c3e1ce111e2526f8c76208d94dbb009754e7da	crates/veln-stdlib/veln/http2/core_test.veln#test outbound_request_headers_send_emits_hpack_bytes_and_creates_stream(
helper	main.veln:13602:require_outbound_headers_from_list	c41583efd20294383ebbf59ad8e6978b737b6b05986cb7f6134629c3b6ed15f6	c9cdc2a6ac32b5b594efce5d43c3e1ce111e2526f8c76208d94dbb009754e7da	crates/veln-stdlib/veln/http2/core_test.veln#test outbound_request_headers_send_emits_hpack_bytes_and_creates_stream(
helper	main.veln:13673:require_outbound_push_promise_from_list	f520bd5bf3f3698e4c6ba2aa25149a061b4b1b0cff5ea2a2235aedf8f5726c3e	9dfb8e096fe7d85c54d588b359968a1c238cf4b376331567a9164f76ab0d09d6	crates/veln-stdlib/veln/http2/core_test.veln#test receive_frame_dispatch_applies_push_promise_with_production_hpack(
helper	main.veln:13678:require_outbound_push_promise_from_list	9767149e44fa6b2ce7b58eacb9fe88d0a6bdcc691c4583900aec8e79469e3529	9dfb8e096fe7d85c54d588b359968a1c238cf4b376331567a9164f76ab0d09d6	crates/veln-stdlib/veln/http2/core_test.veln#test receive_frame_dispatch_applies_push_promise_with_production_hpack(
helper	main.veln:13682:require_outbound_push_promise_from_list	b88d77aecd5cb53c5e82d51718c2f068ff371b761884d3aa69dd28cd3e1d7faf	9dfb8e096fe7d85c54d588b359968a1c238cf4b376331567a9164f76ab0d09d6	crates/veln-stdlib/veln/http2/core_test.veln#test receive_frame_dispatch_applies_push_promise_with_production_hpack(
helper	main.veln:13685:require_outbound_push_promise_hpack_transition	7591ae58be44c2902570849d0c7bc4f5cb01053f426c01194c49658534fcc4bc	9dfb8e096fe7d85c54d588b359968a1c238cf4b376331567a9164f76ab0d09d6	crates/veln-stdlib/veln/http2/core_test.veln#test receive_frame_dispatch_applies_push_promise_with_production_hpack(
helper	main.veln:13690:require_outbound_push_promise_hpack_transition	75e468f6fadc20804ba0bba5cea730f696844fcb13446a808a469534f12f4f4c	9dfb8e096fe7d85c54d588b359968a1c238cf4b376331567a9164f76ab0d09d6	crates/veln-stdlib/veln/http2/core_test.veln#test receive_frame_dispatch_applies_push_promise_with_production_hpack(
helper	main.veln:13745:require_outbound_push_promise_accepted	eb78f3062bea88e3c81549f892d74a304e04b5e198bf7b74c042656de50ab7c4	9dfb8e096fe7d85c54d588b359968a1c238cf4b376331567a9164f76ab0d09d6	crates/veln-stdlib/veln/http2/core_test.veln#test receive_frame_dispatch_applies_push_promise_with_production_hpack(
helper	main.veln:13747:require_client_push_equal_int	acc3ff793c03562b6f2a8a47cf52a8f09588b68148cc15eba90ac8793446a391	9dfb8e096fe7d85c54d588b359968a1c238cf4b376331567a9164f76ab0d09d6	crates/veln-stdlib/veln/http2/core_test.veln#test receive_frame_dispatch_applies_push_promise_with_production_hpack(
helper	main.veln:13748:require_client_push_equal_string	3a7bde1fe9e5c9a1f2ebba2a7baa002b08bc7b46b66a9c7d99de102df4065340	9dfb8e096fe7d85c54d588b359968a1c238cf4b376331567a9164f76ab0d09d6	crates/veln-stdlib/veln/http2/core_test.veln#test receive_frame_dispatch_applies_push_promise_with_production_hpack(
helper	main.veln:13750:require_outbound_push_promise_accepted	36f06cd0448141abc122076f49a7d24bb14c0f17bbbf54b109d8d9a3d55ef1d6	9dfb8e096fe7d85c54d588b359968a1c238cf4b376331567a9164f76ab0d09d6	crates/veln-stdlib/veln/http2/core_test.veln#test receive_frame_dispatch_applies_push_promise_with_production_hpack(
helper	main.veln:13753:require_outbound_push_promise_failure	492a546bac00d9e15f1d173e33bfaa0e89a9d2f32d6b478c2b8132b00e238eed	9dfb8e096fe7d85c54d588b359968a1c238cf4b376331567a9164f76ab0d09d6	crates/veln-stdlib/veln/http2/core_test.veln#test receive_frame_dispatch_applies_push_promise_with_production_hpack(
helper	main.veln:13755:require_outbound_push_promise_state_preserved	bd692114cdbb59ee1173a3eb7afef18b2730f6975a982ad79aad7f059abc65a2	9dfb8e096fe7d85c54d588b359968a1c238cf4b376331567a9164f76ab0d09d6	crates/veln-stdlib/veln/http2/core_test.veln#test receive_frame_dispatch_applies_push_promise_with_production_hpack(
helper	main.veln:13757:require_outbound_push_promise_failure	42859bcf2930a1b5deb0a093c81ef6ac90fd89334147322ab3c57aff5f12cf59	9dfb8e096fe7d85c54d588b359968a1c238cf4b376331567a9164f76ab0d09d6	crates/veln-stdlib/veln/http2/core_test.veln#test receive_frame_dispatch_applies_push_promise_with_production_hpack(
helper	main.veln:13758:require_outbound_push_promise_state_preserved	456fef34729a048c34fad37968ef55982a36424ea75fa642c184949ac3b67d31	9dfb8e096fe7d85c54d588b359968a1c238cf4b376331567a9164f76ab0d09d6	crates/veln-stdlib/veln/http2/core_test.veln#test receive_frame_dispatch_applies_push_promise_with_production_hpack(
helper	main.veln:13761:require_outbound_push_promise_failure	27cd81d0d215a2d0a789e61fc8f940cefa144a91675f21232a14d128a12b7dab	9dfb8e096fe7d85c54d588b359968a1c238cf4b376331567a9164f76ab0d09d6	crates/veln-stdlib/veln/http2/core_test.veln#test receive_frame_dispatch_applies_push_promise_with_production_hpack(
helper	main.veln:13762:require_outbound_push_promise_state_preserved	d93564e60864e2a7ecd736e6245614cd3220a50a7cb49ee315dc3aeeb3105b93	9dfb8e096fe7d85c54d588b359968a1c238cf4b376331567a9164f76ab0d09d6	crates/veln-stdlib/veln/http2/core_test.veln#test receive_frame_dispatch_applies_push_promise_with_production_hpack(
helper	main.veln:13765:require_outbound_push_promise_failure	00e45437dcfdf0ccd9a261c3d7ce9641061bc4a1a4675fc23ca676ae5505b50a	9dfb8e096fe7d85c54d588b359968a1c238cf4b376331567a9164f76ab0d09d6	crates/veln-stdlib/veln/http2/core_test.veln#test receive_frame_dispatch_applies_push_promise_with_production_hpack(
helper	main.veln:13766:require_outbound_push_promise_state_preserved	d15a199a7be8f142c6e8fef00e9b36c6e5d3650e5f4bb38a07bc0644b0caf86e	9dfb8e096fe7d85c54d588b359968a1c238cf4b376331567a9164f76ab0d09d6	crates/veln-stdlib/veln/http2/core_test.veln#test receive_frame_dispatch_applies_push_promise_with_production_hpack(
helper	main.veln:13768:require_outbound_push_promise_failure	f922b85604b395f619494943136b24ea193612c3a8015a94546dd4e29d96c699	9dfb8e096fe7d85c54d588b359968a1c238cf4b376331567a9164f76ab0d09d6	crates/veln-stdlib/veln/http2/core_test.veln#test receive_frame_dispatch_applies_push_promise_with_production_hpack(
helper	main.veln:13771:require_outbound_push_promise_failure	7254e02f0c162ab09a9a88a3ecc316a37af0d8b6ddc63287abf1624c8ac00b90	9dfb8e096fe7d85c54d588b359968a1c238cf4b376331567a9164f76ab0d09d6	crates/veln-stdlib/veln/http2/core_test.veln#test receive_frame_dispatch_applies_push_promise_with_production_hpack(
helper	main.veln:13772:require_outbound_push_promise_state_preserved	ba62e9f75d304cced9c20227292844ec32ddc2e77fda246a9e00983842f1f0a3	9dfb8e096fe7d85c54d588b359968a1c238cf4b376331567a9164f76ab0d09d6	crates/veln-stdlib/veln/http2/core_test.veln#test receive_frame_dispatch_applies_push_promise_with_production_hpack(
helper	main.veln:13775:require_outbound_push_promise_failure	6759ca20886547431301310ed77837e44967f40f0276c0ea21557e260450311c	9dfb8e096fe7d85c54d588b359968a1c238cf4b376331567a9164f76ab0d09d6	crates/veln-stdlib/veln/http2/core_test.veln#test receive_frame_dispatch_applies_push_promise_with_production_hpack(
helper	main.veln:13776:require_outbound_push_promise_state_preserved	d14c8e781c07f3af78c8c01f88e55159296f945b35a1d25cd74fed071f70fa2a	9dfb8e096fe7d85c54d588b359968a1c238cf4b376331567a9164f76ab0d09d6	crates/veln-stdlib/veln/http2/core_test.veln#test receive_frame_dispatch_applies_push_promise_with_production_hpack(
helper	main.veln:13779:require_outbound_push_promise_failure	47b8fd6f7aaf20bd2862b7229efce034209fbfaae30c5245eb7e404f106bbd6a	9dfb8e096fe7d85c54d588b359968a1c238cf4b376331567a9164f76ab0d09d6	crates/veln-stdlib/veln/http2/core_test.veln#test receive_frame_dispatch_applies_push_promise_with_production_hpack(
helper	main.veln:13780:require_outbound_push_promise_state_preserved	8083562eef978e832a3a08b0e237f5ff7b79dd6fb4dd1bab2b04df0db8dcdde4	9dfb8e096fe7d85c54d588b359968a1c238cf4b376331567a9164f76ab0d09d6	crates/veln-stdlib/veln/http2/core_test.veln#test receive_frame_dispatch_applies_push_promise_with_production_hpack(
helper	main.veln:13783:require_outbound_push_promise_accepted	e067eaa0bee010954fe8862e29f33e0da17faf3adbceca8648bd5faad5fe47b5	9dfb8e096fe7d85c54d588b359968a1c238cf4b376331567a9164f76ab0d09d6	crates/veln-stdlib/veln/http2/core_test.veln#test receive_frame_dispatch_applies_push_promise_with_production_hpack(
helper	main.veln:13787:require_outbound_push_promise_hpack_connection_transition	b3c0372c5c5e1ac310e29c1ba121fcb45fd14d6b3f08d8e140fa0cdd683ba113	9dfb8e096fe7d85c54d588b359968a1c238cf4b376331567a9164f76ab0d09d6	crates/veln-stdlib/veln/http2/core_test.veln#test receive_frame_dispatch_applies_push_promise_with_production_hpack(
helper	main.veln:13788:require_outbound_push_promise_accepted	77a3974e7cfc55314f3d1ac1437fb6949b7a2ff9a64605ddaf34ec9f6181a8ab	9dfb8e096fe7d85c54d588b359968a1c238cf4b376331567a9164f76ab0d09d6	crates/veln-stdlib/veln/http2/core_test.veln#test receive_frame_dispatch_applies_push_promise_with_production_hpack(
helper	main.veln:13791:require_outbound_push_promise_hpack_connection_transition	a176fdc03be42fa6df5c7ea83d545d9ef08c109c96793bbca11f5e76e7dea870	9dfb8e096fe7d85c54d588b359968a1c238cf4b376331567a9164f76ab0d09d6	crates/veln-stdlib/veln/http2/core_test.veln#test receive_frame_dispatch_applies_push_promise_with_production_hpack(
helper	main.veln:13792:require_outbound_push_promise_failure	b0971c8d6a6ff742195763f3e54dee37bf56012c68df4bb549e3b6d64d37c0c1	9dfb8e096fe7d85c54d588b359968a1c238cf4b376331567a9164f76ab0d09d6	crates/veln-stdlib/veln/http2/core_test.veln#test receive_frame_dispatch_applies_push_promise_with_production_hpack(
helper	main.veln:13793:require_outbound_push_promise_state_preserved	c4ca6495cfd3612bf1ca1aa5a4731e37d131706910577412b30aa1f4bd4dd6df	9dfb8e096fe7d85c54d588b359968a1c238cf4b376331567a9164f76ab0d09d6	crates/veln-stdlib/veln/http2/core_test.veln#test receive_frame_dispatch_applies_push_promise_with_production_hpack(
helper	main.veln:13799:require_outbound_push_promise_accepted	1986caf2a8ce7fb8d0852cf2c482107df4390722c60460061e86525358ae7b64	9dfb8e096fe7d85c54d588b359968a1c238cf4b376331567a9164f76ab0d09d6	crates/veln-stdlib/veln/http2/core_test.veln#test receive_frame_dispatch_applies_push_promise_with_production_hpack(
helper	main.veln:13811:require_outbound_push_promise_hpack_connection_transition	26792b7036fd12a1bc7d094a8f005cae24d373f6a23040211f0c47e2b2c30a1b	9dfb8e096fe7d85c54d588b359968a1c238cf4b376331567a9164f76ab0d09d6	crates/veln-stdlib/veln/http2/core_test.veln#test receive_frame_dispatch_applies_push_promise_with_production_hpack(
helper	main.veln:13812:require_outbound_push_promise_accepted	d4e13875aef74be2ff30d2211aa8579b6b9d162408a751a814b13f8fe9b9114e	9dfb8e096fe7d85c54d588b359968a1c238cf4b376331567a9164f76ab0d09d6	crates/veln-stdlib/veln/http2/core_test.veln#test receive_frame_dispatch_applies_push_promise_with_production_hpack(
helper	main.veln:13815:require_outbound_push_promise_hpack_connection_transition	86ae358fafc8380a55c87e5b43a4281fa2a24159c83d81d408727a6b37ea08fd	9dfb8e096fe7d85c54d588b359968a1c238cf4b376331567a9164f76ab0d09d6	crates/veln-stdlib/veln/http2/core_test.veln#test receive_frame_dispatch_applies_push_promise_with_production_hpack(
helper	main.veln:13816:require_outbound_push_promise_failure	541a7f77b4ddc1706a992b0c8a288d715466e1496107e087a24823ae870cc70a	9dfb8e096fe7d85c54d588b359968a1c238cf4b376331567a9164f76ab0d09d6	crates/veln-stdlib/veln/http2/core_test.veln#test receive_frame_dispatch_applies_push_promise_with_production_hpack(
helper	main.veln:13817:require_outbound_push_promise_state_preserved	c380709c32b886e91545ce4cba443b9aea6e7c3109799473bb2d634864dc5413	9dfb8e096fe7d85c54d588b359968a1c238cf4b376331567a9164f76ab0d09d6	crates/veln-stdlib/veln/http2/core_test.veln#test receive_frame_dispatch_applies_push_promise_with_production_hpack(
helper	main.veln:13820:require_outbound_push_promise_hpack_connection_transition	5fa78cc5c0da642d12057f18e80292244d80ebf242ce5bc4e28159e95944636d	9dfb8e096fe7d85c54d588b359968a1c238cf4b376331567a9164f76ab0d09d6	crates/veln-stdlib/veln/http2/core_test.veln#test receive_frame_dispatch_applies_push_promise_with_production_hpack(
helper	main.veln:13821:require_outbound_push_promise_accepted	11f0ca49c5243a8d7afdad303ecb81be66c6ffa4d41dc20c40119dcf4aa92775	9dfb8e096fe7d85c54d588b359968a1c238cf4b376331567a9164f76ab0d09d6	crates/veln-stdlib/veln/http2/core_test.veln#test receive_frame_dispatch_applies_push_promise_with_production_hpack(
helper	main.veln:13971:require_failure_with_id	8168c69fedbf0a55829325fc0faf395fe998f3df57b31563365436288de3f497	e3fd7bcb4f295de2d9ef373d0a3f032f2c2c0452205731daea5516803cf5d24c	crates/veln-stdlib/veln/http2/core_test.veln#test peer_stream_admission_rejects_non_increasing_stream_ids_without_next_state(
helper	main.veln:13973:require_request_header_failure_fact	d08f74ddfc5aa659c16ece8156591f47bca2ced0b4adf886f324127424388c08	e3fd7bcb4f295de2d9ef373d0a3f032f2c2c0452205731daea5516803cf5d24c	crates/veln-stdlib/veln/http2/core_test.veln#test peer_stream_admission_rejects_non_increasing_stream_ids_without_next_state(
helper	main.veln:13974:require_peer_stream_failure_preserves_connection_state	84bf4b50fc9cfaa114bae5341e9f698336df5c78a3074bb04cfbf2c195d2860f	e3fd7bcb4f295de2d9ef373d0a3f032f2c2c0452205731daea5516803cf5d24c	crates/veln-stdlib/veln/http2/core_test.veln#test peer_stream_admission_rejects_non_increasing_stream_ids_without_next_state(
helper	main.veln:13976:require_request_header_failure_fact	72dd45b6bdfc4cada378eaa4cfb472d58501509063e8958ce93e2859c1c8fa75	e3fd7bcb4f295de2d9ef373d0a3f032f2c2c0452205731daea5516803cf5d24c	crates/veln-stdlib/veln/http2/core_test.veln#test peer_stream_admission_rejects_non_increasing_stream_ids_without_next_state(
helper	main.veln:13977:require_peer_stream_failure_preserves_connection_state	1d90b4bda9dbf36f4248d256e8c9239f46b4191fcbb537a4a61af48b27ac6e4f	e3fd7bcb4f295de2d9ef373d0a3f032f2c2c0452205731daea5516803cf5d24c	crates/veln-stdlib/veln/http2/core_test.veln#test peer_stream_admission_rejects_non_increasing_stream_ids_without_next_state(
helper	main.veln:13979:require_frame_decoded	94acb5b0db687d73b5c1a6beda28968a95f5531400a280eadcf9b8b083184955	e3fd7bcb4f295de2d9ef373d0a3f032f2c2c0452205731daea5516803cf5d24c	crates/veln-stdlib/veln/http2/core_test.veln#test peer_stream_admission_rejects_non_increasing_stream_ids_without_next_state(
helper	main.veln:13980:require_equal_int	bc50b5f36c66d11b3339a361e5a123fcf18fdb4d628a5189be038ffc6e9818df	e3fd7bcb4f295de2d9ef373d0a3f032f2c2c0452205731daea5516803cf5d24c	crates/veln-stdlib/veln/http2/core_test.veln#test peer_stream_admission_rejects_non_increasing_stream_ids_without_next_state(
helper	main.veln:14001:require_closed_peer_stream_reuse_failure	5a0652012b399814daa2bb5deeed2d400f4f8de079d4c222def760efb82623ef	e3fd7bcb4f295de2d9ef373d0a3f032f2c2c0452205731daea5516803cf5d24c	crates/veln-stdlib/veln/http2/core_test.veln#test peer_stream_admission_rejects_non_increasing_stream_ids_without_next_state(
helper	main.veln:14002:require_peer_stream_failure_preserves_connection_state	ea2ac5b967808f957c9c81120492f03bce03d4535b286b53edeb04a83c873ca6	e3fd7bcb4f295de2d9ef373d0a3f032f2c2c0452205731daea5516803cf5d24c	crates/veln-stdlib/veln/http2/core_test.veln#test peer_stream_admission_rejects_non_increasing_stream_ids_without_next_state(
helper	main.veln:14011:require_failure_with_id	7e9213a011ea0101755e417106f257316fd8e577aeb2db4de45d6fded2833f17	e3fd7bcb4f295de2d9ef373d0a3f032f2c2c0452205731daea5516803cf5d24c	crates/veln-stdlib/veln/http2/core_test.veln#test peer_stream_admission_rejects_non_increasing_stream_ids_without_next_state(
helper	main.veln:14037:require_failure_with_id	449940b9a9cdf357a1a09ded4d812ed7996f2f39d8f45817d08b4b07d1c32d43	e3fd7bcb4f295de2d9ef373d0a3f032f2c2c0452205731daea5516803cf5d24c	crates/veln-stdlib/veln/http2/core_test.veln#test peer_stream_admission_rejects_non_increasing_stream_ids_without_next_state(
helper	main.veln:14038:require_peer_stream_failure_preserves_connection_state	0d3c194ca5666db74e83158b0fd510a56b47cab0c9d0d5bc16f5914681a7ad5a	e3fd7bcb4f295de2d9ef373d0a3f032f2c2c0452205731daea5516803cf5d24c	crates/veln-stdlib/veln/http2/core_test.veln#test peer_stream_admission_rejects_non_increasing_stream_ids_without_next_state(
helper	main.veln:14102:require_frame_decoded	d3903f8a53c05b2bc313bcd21f9d915413ed91f374aee972d59e24da94a47211	9dfb8e096fe7d85c54d588b359968a1c238cf4b376331567a9164f76ab0d09d6	crates/veln-stdlib/veln/http2/core_test.veln#test receive_frame_dispatch_applies_push_promise_with_production_hpack(
helper	main.veln:14103:require_header_block_bytes	dd7f312557c1d729e7fd3c284e8bfa7d6e4a2bc69463cbeb3476a099c54ef9d4	9dfb8e096fe7d85c54d588b359968a1c238cf4b376331567a9164f76ab0d09d6	crates/veln-stdlib/veln/http2/core_test.veln#test receive_frame_dispatch_applies_push_promise_with_production_hpack(
helper	main.veln:14104:require_equal_int	7f43c3b2367329ea3a9db8a320d0240f5b707f56a8b1ef2cc05c95a09d5d0c22	9dfb8e096fe7d85c54d588b359968a1c238cf4b376331567a9164f76ab0d09d6	crates/veln-stdlib/veln/http2/core_test.veln#test receive_frame_dispatch_applies_push_promise_with_production_hpack(
helper	main.veln:14106:require_equal_int	cbe340869d8ca4cad8858ab1505ae35037a69a373f4fbd0e72683afd7e654837	9dfb8e096fe7d85c54d588b359968a1c238cf4b376331567a9164f76ab0d09d6	crates/veln-stdlib/veln/http2/core_test.veln#test receive_frame_dispatch_applies_push_promise_with_production_hpack(
helper	main.veln:14108:require_frame_decoded	ccb6da9bdaedb267aa6ce399f2f26ca16e6c96921c230ba51752b06a3e30b438	9dfb8e096fe7d85c54d588b359968a1c238cf4b376331567a9164f76ab0d09d6	crates/veln-stdlib/veln/http2/core_test.veln#test receive_frame_dispatch_applies_push_promise_with_production_hpack(
helper	main.veln:14109:require_header_block_bytes	921918101b265883e8351555f3c99a1d378fdde758f1e40d8dc01ef0fca8fcc8	9dfb8e096fe7d85c54d588b359968a1c238cf4b376331567a9164f76ab0d09d6	crates/veln-stdlib/veln/http2/core_test.veln#test receive_frame_dispatch_applies_push_promise_with_production_hpack(
helper	main.veln:14110:require_equal_int	d3de560a01dd77aec62b5fc5dda3ba0c00af2d81c531ab9cdd4196b8482a1ddb	9dfb8e096fe7d85c54d588b359968a1c238cf4b376331567a9164f76ab0d09d6	crates/veln-stdlib/veln/http2/core_test.veln#test receive_frame_dispatch_applies_push_promise_with_production_hpack(
helper	main.veln:14112:require_frame_decoded	9301602927cb734a94bdbf4818c0eb48a103eb705ff80544b17a2ff1919af994	9dfb8e096fe7d85c54d588b359968a1c238cf4b376331567a9164f76ab0d09d6	crates/veln-stdlib/veln/http2/core_test.veln#test receive_frame_dispatch_applies_push_promise_with_production_hpack(
helper	main.veln:14113:require_header_block_bytes	b6dfee5a4b2ec417e7381082082758a30a024754b0a5b2ffccfe1e91c2b15b87	9dfb8e096fe7d85c54d588b359968a1c238cf4b376331567a9164f76ab0d09d6	crates/veln-stdlib/veln/http2/core_test.veln#test receive_frame_dispatch_applies_push_promise_with_production_hpack(
helper	main.veln:14115:require_failure_with_id	9c5d6f4da87bc1d5c1f6840166e75df86486f18c229e47eb340db8a832664118	9dfb8e096fe7d85c54d588b359968a1c238cf4b376331567a9164f76ab0d09d6	crates/veln-stdlib/veln/http2/core_test.veln#test receive_frame_dispatch_applies_push_promise_with_production_hpack(
helper	main.veln:14116:require_client_push_ordering_rejection_preserves_state	96d6a4a4c8b32a35f678482ef8b13486eb8ebde8a83350102078643931e92fa9	9dfb8e096fe7d85c54d588b359968a1c238cf4b376331567a9164f76ab0d09d6	crates/veln-stdlib/veln/http2/core_test.veln#test receive_frame_dispatch_applies_push_promise_with_production_hpack(
helper	main.veln:14118:require_failure_with_id	0fff42607e0e11fad9b2da8f92d609dfd16417a17635a7cb422d956f7e427744	9dfb8e096fe7d85c54d588b359968a1c238cf4b376331567a9164f76ab0d09d6	crates/veln-stdlib/veln/http2/core_test.veln#test receive_frame_dispatch_applies_push_promise_with_production_hpack(
helper	main.veln:14119:require_client_push_ordering_rejection_preserves_state	48a8422eb8e555408a2405cc953a453c281f6183a3d36373ed6678ae20ed8c52	9dfb8e096fe7d85c54d588b359968a1c238cf4b376331567a9164f76ab0d09d6	crates/veln-stdlib/veln/http2/core_test.veln#test receive_frame_dispatch_applies_push_promise_with_production_hpack(
helper	main.veln:14121:require_failure_with_id	0c7421a389c63e53fbefeefef084c5e9acbe399ea8f47497e82f738edd195a45	9dfb8e096fe7d85c54d588b359968a1c238cf4b376331567a9164f76ab0d09d6	crates/veln-stdlib/veln/http2/core_test.veln#test receive_frame_dispatch_applies_push_promise_with_production_hpack(
helper	main.veln:14122:require_client_push_ordering_rejection_preserves_state	8d075d378951d801d67bfe4c27fe2180c37d0a2f8149d6c4861a7ab3bab12072	9dfb8e096fe7d85c54d588b359968a1c238cf4b376331567a9164f76ab0d09d6	crates/veln-stdlib/veln/http2/core_test.veln#test receive_frame_dispatch_applies_push_promise_with_production_hpack(
helper	main.veln:14124:require_client_push_equal_string	14f332147ae0a3aa7c92ae469ebd786ce42d56321ad9834c619beb5ef0c5a2ed	9dfb8e096fe7d85c54d588b359968a1c238cf4b376331567a9164f76ab0d09d6	crates/veln-stdlib/veln/http2/core_test.veln#test receive_frame_dispatch_applies_push_promise_with_production_hpack(
helper	main.veln:14125:require_client_push_equal_int	80f4486ae1cea754898b753b494c23434773855c9fa7d8a776fda8122b35aa95	9dfb8e096fe7d85c54d588b359968a1c238cf4b376331567a9164f76ab0d09d6	crates/veln-stdlib/veln/http2/core_test.veln#test receive_frame_dispatch_applies_push_promise_with_production_hpack(
helper	main.veln:14126:require_client_push_equal_int	851819134108694d41806afb84b58eef0a5963c6ebb77be5518eca9b0252bed0	9dfb8e096fe7d85c54d588b359968a1c238cf4b376331567a9164f76ab0d09d6	crates/veln-stdlib/veln/http2/core_test.veln#test receive_frame_dispatch_applies_push_promise_with_production_hpack(
helper	main.veln:14128:require_failure_with_id	be16c7b8d6ee037e57ca888c72e0e7bd36921e6b04d7a727b8668e7d81decd3c	9dfb8e096fe7d85c54d588b359968a1c238cf4b376331567a9164f76ab0d09d6	crates/veln-stdlib/veln/http2/core_test.veln#test receive_frame_dispatch_applies_push_promise_with_production_hpack(
helper	main.veln:14129:require_client_push_ordering_rejection_preserves_state	1731e391a92a31a54b96fad3e14863969fb33364b1ab0034066da497fc2e8315	9dfb8e096fe7d85c54d588b359968a1c238cf4b376331567a9164f76ab0d09d6	crates/veln-stdlib/veln/http2/core_test.veln#test receive_frame_dispatch_applies_push_promise_with_production_hpack(
helper	main.veln:14144:require_failure_with_id	d38bdbd44689fff501aac6af9ba6835fa8b1bce99fda5b9bb0e49379c32491e3	9dfb8e096fe7d85c54d588b359968a1c238cf4b376331567a9164f76ab0d09d6	crates/veln-stdlib/veln/http2/core_test.veln#test receive_frame_dispatch_applies_push_promise_with_production_hpack(
helper	main.veln:14145:require_client_push_ordering_rejection_preserves_state	8a9a31ed4c9ec1db3788661f8e1551e652693c2f05f804c34f6de283000e39b1	9dfb8e096fe7d85c54d588b359968a1c238cf4b376331567a9164f76ab0d09d6	crates/veln-stdlib/veln/http2/core_test.veln#test receive_frame_dispatch_applies_push_promise_with_production_hpack(
helper	main.veln:14150:require_failure_with_id	51a8dc325d3fcc1bff92b2125f6da2723416177b2fbb751ff5c72987d69ff984	9dfb8e096fe7d85c54d588b359968a1c238cf4b376331567a9164f76ab0d09d6	crates/veln-stdlib/veln/http2/core_test.veln#test receive_frame_dispatch_applies_push_promise_with_production_hpack(
helper	main.veln:14153:require_failure_with_id	dedd542cded17bdef18f63a9414475e7862c27cf4b4e8f4d6851c8d4889c30bf	9dfb8e096fe7d85c54d588b359968a1c238cf4b376331567a9164f76ab0d09d6	crates/veln-stdlib/veln/http2/core_test.veln#test receive_frame_dispatch_applies_push_promise_with_production_hpack(
helper	main.veln:14156:require_request_header_failure_fact	0ece813b630b4fb41f3f193abd31673d7c73b2bf22f6d549b243c3f43efad2f8	9dfb8e096fe7d85c54d588b359968a1c238cf4b376331567a9164f76ab0d09d6	crates/veln-stdlib/veln/http2/core_test.veln#test receive_frame_dispatch_applies_push_promise_with_production_hpack(
helper	main.veln:14159:require_request_header_failure_fact	679a6f7e6c0060cbd170f0e8edb9ff5645d8b2451049b45d0be4d85c7fa36d1c	9dfb8e096fe7d85c54d588b359968a1c238cf4b376331567a9164f76ab0d09d6	crates/veln-stdlib/veln/http2/core_test.veln#test receive_frame_dispatch_applies_push_promise_with_production_hpack(
helper	main.veln:14160:require_client_push_ordering_rejection_preserves_state	2173450ea6fb493deee459f32189462c88b5a49d0dfacc21b4fbaa3a6359f8b0	9dfb8e096fe7d85c54d588b359968a1c238cf4b376331567a9164f76ab0d09d6	crates/veln-stdlib/veln/http2/core_test.veln#test receive_frame_dispatch_applies_push_promise_with_production_hpack(
helper	main.veln:14251:require_hpack_transition_header	c2e7218b5a1d5e1a2dea79b1cecdf2c2c1e5180fa09b1ed36256f2c78a0b91a3	d5418e062cec915a0af7fa69f8ea17cbedb2bacd566283b2be19216a87d6c4e1	crates/veln-stdlib/veln/http2/hpack_test.veln#test header_block_decoder_preserves_order_octets_and_dynamic_transitions(
helper	main.veln:14298:require_hpack_transition_header	db4293ba7ab4e94581a03419f26e1bd8e98ed89fee5b2a4699bb9d02b8acabac	d5418e062cec915a0af7fa69f8ea17cbedb2bacd566283b2be19216a87d6c4e1	crates/veln-stdlib/veln/http2/hpack_test.veln#test header_block_decoder_preserves_order_octets_and_dynamic_transitions(
helper	main.veln:14305:require_hpack_transition_header	ed2b0c402bf981ec2631f70c9a1258cdb3f525d1380ef2942494f47799d6ff7e	d5418e062cec915a0af7fa69f8ea17cbedb2bacd566283b2be19216a87d6c4e1	crates/veln-stdlib/veln/http2/hpack_test.veln#test header_block_decoder_preserves_order_octets_and_dynamic_transitions(
helper	main.veln:14389:require_peer_stream_failure_preserves_connection_state	c80ca90f5e3a4fa623302ba6876e909885c28861b83b5a88f7d2833427f4b521	9b6559ad31d9c501f812485c5938b4ca902e4017bcaf1a0f74d42a9ff41ec425	crates/veln-stdlib/veln/http2/core_test.veln#test header_list_validation_reports_request_failures_with_context(
helper	main.veln:14392:require_peer_stream_failure_preserves_connection_state	43d3b1449e77220dcda9f6b013e50200d3a3a7a5f4a4e60c4f771ccce923151c	9b6559ad31d9c501f812485c5938b4ca902e4017bcaf1a0f74d42a9ff41ec425	crates/veln-stdlib/veln/http2/core_test.veln#test header_list_validation_reports_request_failures_with_context(
helper	main.veln:14395:require_peer_stream_failure_preserves_connection_state	f5f81c367fd08797dbc5af59317dc2d2d8f1d1944c52cd38a5e57bc0fad1d866	9b6559ad31d9c501f812485c5938b4ca902e4017bcaf1a0f74d42a9ff41ec425	crates/veln-stdlib/veln/http2/core_test.veln#test header_list_validation_reports_request_failures_with_context(
helper	main.veln:14400:require_peer_stream_failure_preserves_connection_state	d20e428673552b9eb1021ff75f9e2fe6abf3039c9110e3606e854ac887b3f0b7	9b6559ad31d9c501f812485c5938b4ca902e4017bcaf1a0f74d42a9ff41ec425	crates/veln-stdlib/veln/http2/core_test.veln#test header_list_validation_reports_request_failures_with_context(
helper	main.veln:14475:require_production_request_content_length_validation	a725f574ba2ce8cfab1d41a5e2169993b2a463a18a3fe743a9b8129533ad6bde	9b6559ad31d9c501f812485c5938b4ca902e4017bcaf1a0f74d42a9ff41ec425	crates/veln-stdlib/veln/http2/core_test.veln#test header_list_validation_reports_request_failures_with_context(
helper	main.veln:14588:require_frame_decoded	366463f2c15d82ee2870ef59f3076b6cda7c2b59484d788f3b9532888fff3765	9b6559ad31d9c501f812485c5938b4ca902e4017bcaf1a0f74d42a9ff41ec425	crates/veln-stdlib/veln/http2/core_test.veln#test header_list_validation_reports_request_failures_with_context(
helper	main.veln:14590:require_frame_decoded	b829ef6358a07474667b3079c284111361a810f870a0f26054ce01d70b9d417e	9b6559ad31d9c501f812485c5938b4ca902e4017bcaf1a0f74d42a9ff41ec425	crates/veln-stdlib/veln/http2/core_test.veln#test header_list_validation_reports_request_failures_with_context(
helper	main.veln:14591:require_hpack_transition_header	0eeee64bf1ee92ef62f2ee28d5f56f6064e7749334319821f91b9e36f8734172	9b6559ad31d9c501f812485c5938b4ca902e4017bcaf1a0f74d42a9ff41ec425	crates/veln-stdlib/veln/http2/core_test.veln#test header_list_validation_reports_request_failures_with_context(
helper	main.veln:14636:require_hpack_static_request_scheme_validation	214c04213e1108f73349208c4fbe544bb27b96cb62a4b1397773d7ae01bc2807	9b6559ad31d9c501f812485c5938b4ca902e4017bcaf1a0f74d42a9ff41ec425	crates/veln-stdlib/veln/http2/core_test.veln#test header_list_validation_reports_request_failures_with_context(
helper	main.veln:14637:require_hpack_static_request_authority_validation	4cc46916e98ca091caa6d0d978c6e2813bd6391df5bd5331bd169accad26ca87	9b6559ad31d9c501f812485c5938b4ca902e4017bcaf1a0f74d42a9ff41ec425	crates/veln-stdlib/veln/http2/core_test.veln#test header_list_validation_reports_request_failures_with_context(
helper	main.veln:14756:require_hpack_transition_header	3f373f351d0f9ac5283ab95681bf9bcff3dbdafe6d12989b196e1e55efbadf66	40ca611a7f79b1fe1f367a4c76c14745f4e7fdf768ff2e83976efcc2b3cfe461	crates/veln-stdlib/veln/http2/hpack_test.veln#test header_block_decoder_preserves_nested_failures_and_input_state(
helper	main.veln:14763:require_hpack_transition_header	f3305f30adf43553c2bfeb711c75aadc4fb8887dd8f2672f948b22bd66026a11	40ca611a7f79b1fe1f367a4c76c14745f4e7fdf768ff2e83976efcc2b3cfe461	crates/veln-stdlib/veln/http2/hpack_test.veln#test header_block_decoder_preserves_nested_failures_and_input_state(
helper	main.veln:14780:require_hpack_transition_header	fdbb38ba33e7b9642dcdcfb1d26081a8979feb5ccd398a3306d018ce9dfde402	40ca611a7f79b1fe1f367a4c76c14745f4e7fdf768ff2e83976efcc2b3cfe461	crates/veln-stdlib/veln/http2/hpack_test.veln#test header_block_decoder_preserves_nested_failures_and_input_state(
helper	main.veln:14857:require_failure_with_id	a8a650404f6f604037a7464b2e3bfcb40092bf28e440b208ee2eed1f63fc8935	bfa1e719837519f32f012612370098c55dfc3a5690506820a9b73905d457f65f	crates/veln-stdlib/veln/http2/core_test.veln#test receive_frame_dispatch_applies_goaway_shutdown(
helper	main.veln:14858:require_peer_stream_failure_preserves_connection_state	1c88ae726386b151bbc876414c2f24e1bf36c1db00c625eebd288613ba25c2fc	bfa1e719837519f32f012612370098c55dfc3a5690506820a9b73905d457f65f	crates/veln-stdlib/veln/http2/core_test.veln#test receive_frame_dispatch_applies_goaway_shutdown(
helper	main.veln:14862:require_failure_with_id	20a95598e1bfc7da5dd9c9ac4553568d571ee1b41ac756c65e934c313d12cd4d	bfa1e719837519f32f012612370098c55dfc3a5690506820a9b73905d457f65f	crates/veln-stdlib/veln/http2/core_test.veln#test receive_frame_dispatch_applies_goaway_shutdown(
helper	main.veln:14863:require_peer_stream_failure_preserves_connection_state	b268ea358b4ce053fcce9bc02ff89caadb448371fe711b5902cb6d8e3ac32068	bfa1e719837519f32f012612370098c55dfc3a5690506820a9b73905d457f65f	crates/veln-stdlib/veln/http2/core_test.veln#test receive_frame_dispatch_applies_goaway_shutdown(
helper	main.veln:14910:require_frame_decoded	e595b306b98ad90f97f6a88a362ac2bca93334d6b63fa284dde975ad19b950ea	e3fd7bcb4f295de2d9ef373d0a3f032f2c2c0452205731daea5516803cf5d24c	crates/veln-stdlib/veln/http2/core_test.veln#test peer_stream_admission_rejects_non_increasing_stream_ids_without_next_state(
helper	main.veln:14974:require_frame_decoded	36daa83375ab991fb4ef8722521475c17d7da765df0907f49ed1702b133947c2	0e02a7e3ec2e4b2d0469702a67b649cf356085fc2631aaf71952ce7579296d65	crates/veln-stdlib/veln/http2/core_test.veln#test initial_peer_settings_gate_failure_preserves_input_state_and_preview(
helper	main.veln:14975:require_equal_string	0941dde093acf831a72282836ec92798236471d066146a32ddb42adba843221f	0e02a7e3ec2e4b2d0469702a67b649cf356085fc2631aaf71952ce7579296d65	crates/veln-stdlib/veln/http2/core_test.veln#test initial_peer_settings_gate_failure_preserves_input_state_and_preview(
helper	main.veln:14976:require_equal_int	7cac516c7e7ac11f6129067eef3b7bdafddd6beec7d662a2336fdabaae10ab9e	0e02a7e3ec2e4b2d0469702a67b649cf356085fc2631aaf71952ce7579296d65	crates/veln-stdlib/veln/http2/core_test.veln#test initial_peer_settings_gate_failure_preserves_input_state_and_preview(
helper	main.veln:14978:require_frame_decoded	7b82f64dc12e6546a6c1b1482d115090e21a2843936aa737d46f70594efbb41a	0e02a7e3ec2e4b2d0469702a67b649cf356085fc2631aaf71952ce7579296d65	crates/veln-stdlib/veln/http2/core_test.veln#test initial_peer_settings_gate_failure_preserves_input_state_and_preview(
helper	main.veln:14979:require_equal_string	76b63dfbf84ca691b0fe7b896f137354a30386d1d0396d4dedc3a17ee7f7dceb	0e02a7e3ec2e4b2d0469702a67b649cf356085fc2631aaf71952ce7579296d65	crates/veln-stdlib/veln/http2/core_test.veln#test initial_peer_settings_gate_failure_preserves_input_state_and_preview(
helper	main.veln:14981:require_failure_with_id	2b5b514e417b9914066634d5c4c3fc3eb939e579baecc0b0b6fd3f08a29153c4	0e02a7e3ec2e4b2d0469702a67b649cf356085fc2631aaf71952ce7579296d65	crates/veln-stdlib/veln/http2/core_test.veln#test initial_peer_settings_gate_failure_preserves_input_state_and_preview(
helper	main.veln:14982:require_equal_string	069f6a50fe8f2f680252ae7bff57c25d4bc8ed25c01eec18f0d1c2efd1637d25	0e02a7e3ec2e4b2d0469702a67b649cf356085fc2631aaf71952ce7579296d65	crates/veln-stdlib/veln/http2/core_test.veln#test initial_peer_settings_gate_failure_preserves_input_state_and_preview(
helper	main.veln:14983:require_client_push_ordering_rejection_preserves_state	a6575a697267fda20cdab0acf9dc7fad0ce552bd5c66d3dd6513650095873af0	0e02a7e3ec2e4b2d0469702a67b649cf356085fc2631aaf71952ce7579296d65	crates/veln-stdlib/veln/http2/core_test.veln#test initial_peer_settings_gate_failure_preserves_input_state_and_preview(
helper	main.veln:14984:require_equal_int	c00953d4737d3e3df8feb7222ce4070f8f0ae45f7b6ac974d53388644ada0e4e	0e02a7e3ec2e4b2d0469702a67b649cf356085fc2631aaf71952ce7579296d65	crates/veln-stdlib/veln/http2/core_test.veln#test initial_peer_settings_gate_failure_preserves_input_state_and_preview(
helper	main.veln:14987:require_failure_with_id	12c4581dc30b4caea08d948d7261a7425907b4d28016ecbc1d788a58e2f4430c	0e02a7e3ec2e4b2d0469702a67b649cf356085fc2631aaf71952ce7579296d65	crates/veln-stdlib/veln/http2/core_test.veln#test initial_peer_settings_gate_failure_preserves_input_state_and_preview(
helper	main.veln:14988:require_equal_string	f53cea5e513cf4a2ca34e94b1c56978038a12478facd4f8a35da9c4fb8049c7e	0e02a7e3ec2e4b2d0469702a67b649cf356085fc2631aaf71952ce7579296d65	crates/veln-stdlib/veln/http2/core_test.veln#test initial_peer_settings_gate_failure_preserves_input_state_and_preview(
helper	main.veln:14989:require_client_push_ordering_rejection_preserves_state	80f1ea83ac60101ab6f11277b44d05c22dea6ab0de6f80daca333480cde96234	0e02a7e3ec2e4b2d0469702a67b649cf356085fc2631aaf71952ce7579296d65	crates/veln-stdlib/veln/http2/core_test.veln#test initial_peer_settings_gate_failure_preserves_input_state_and_preview(
helper	main.veln:14991:require_failure_with_id	5d10bd0fcb82449078a7a9e446b45bf1c42c920525f7287081e932b37f2e1904	0e02a7e3ec2e4b2d0469702a67b649cf356085fc2631aaf71952ce7579296d65	crates/veln-stdlib/veln/http2/core_test.veln#test initial_peer_settings_gate_failure_preserves_input_state_and_preview(
helper	main.veln:14992:require_client_push_ordering_rejection_preserves_state	cda78ac05dfec4143faf81ae4125b63b94b981e523e333c68756810e4d7c74d2	0e02a7e3ec2e4b2d0469702a67b649cf356085fc2631aaf71952ce7579296d65	crates/veln-stdlib/veln/http2/core_test.veln#test initial_peer_settings_gate_failure_preserves_input_state_and_preview(
helper	main.veln:14994:require_equal_string	4914aee81a1750a17ae83bc8c74436d329d929682464fea75f85017a9f1aef12	0e02a7e3ec2e4b2d0469702a67b649cf356085fc2631aaf71952ce7579296d65	crates/veln-stdlib/veln/http2/core_test.veln#test initial_peer_settings_gate_failure_preserves_input_state_and_preview(
helper	main.veln:14995:require_equal_string	9a1c519bd16942593c354b092a1cf6be32ae16b91a741d03b292f6428da124e7	0e02a7e3ec2e4b2d0469702a67b649cf356085fc2631aaf71952ce7579296d65	crates/veln-stdlib/veln/http2/core_test.veln#test initial_peer_settings_gate_failure_preserves_input_state_and_preview(
helper	main.veln:14996:require_equal_int	a6b1925bbb9cffe37169ed3c6a015fb808bf56c4a7392d7fe808fba205e33dd0	0e02a7e3ec2e4b2d0469702a67b649cf356085fc2631aaf71952ce7579296d65	crates/veln-stdlib/veln/http2/core_test.veln#test initial_peer_settings_gate_failure_preserves_input_state_and_preview(
helper	main.veln:14998:require_frame_decoded	d68fe6edc1a52dc4d0aaac7decce161f24851b6ab435f1d9697e685594f2ea5b	0e02a7e3ec2e4b2d0469702a67b649cf356085fc2631aaf71952ce7579296d65	crates/veln-stdlib/veln/http2/core_test.veln#test initial_peer_settings_gate_failure_preserves_input_state_and_preview(
helper	main.veln:14999:require_equal_string	5d829e0daf4e9c1fe30cb83f7e28e0b663988da8bbd24d48ce88f330f5c6ea32	0e02a7e3ec2e4b2d0469702a67b649cf356085fc2631aaf71952ce7579296d65	crates/veln-stdlib/veln/http2/core_test.veln#test initial_peer_settings_gate_failure_preserves_input_state_and_preview(
helper	main.veln:15001:require_failure_with_id	c10505cc8853d66e251504c38c4cb3cf0a2d92dc23e546100798549bda9d74d9	0e02a7e3ec2e4b2d0469702a67b649cf356085fc2631aaf71952ce7579296d65	crates/veln-stdlib/veln/http2/core_test.veln#test initial_peer_settings_gate_failure_preserves_input_state_and_preview(
helper	main.veln:15002:require_client_push_ordering_rejection_preserves_state	0b9627a13120f12372fbad92f19ef090ae3c2b8dff7fd8fd7830ad65ebc2ea8e	0e02a7e3ec2e4b2d0469702a67b649cf356085fc2631aaf71952ce7579296d65	crates/veln-stdlib/veln/http2/core_test.veln#test initial_peer_settings_gate_failure_preserves_input_state_and_preview(
helper	main.veln:15003:require_equal_int	0481ad773d0e4e0156f5fe4e6e6603c09f404b700e1cfc6e9d6e70ed8e873178	0e02a7e3ec2e4b2d0469702a67b649cf356085fc2631aaf71952ce7579296d65	crates/veln-stdlib/veln/http2/core_test.veln#test initial_peer_settings_gate_failure_preserves_input_state_and_preview(
helper	main.veln:15010:require_informational_response_coverage	cf4d2f6e48d46018e74688500cb76e95e133f3e70cd24c9de0c4b193a9cb5c55	b117998930c17b3b07e50c10fd669d077b4f696f2e60a3e1185b594b7b094dfd	crates/veln-stdlib/veln/http2/core_test.veln#test header_list_validation_accepts_request_response_and_trailers(
helper	main.veln:15011:require_head_response_coverage	26b7e15a556e3a307f0d900ab2da2171ce42310d1ebd50aec6629efd71eb0b94	b117998930c17b3b07e50c10fd669d077b4f696f2e60a3e1185b594b7b094dfd	crates/veln-stdlib/veln/http2/core_test.veln#test header_list_validation_accepts_request_response_and_trailers(
helper	main.veln:15012:require_no_content_response_coverage	05e209622bc9ab4147e5b0f64644186daa446ac5163c1f62b60026b2c6ef1d12	b117998930c17b3b07e50c10fd669d077b4f696f2e60a3e1185b594b7b094dfd	crates/veln-stdlib/veln/http2/core_test.veln#test header_list_validation_accepts_request_response_and_trailers(
helper	main.veln:15013:require_extended_connect_negotiation_cases	62bdd56ead8f3e764d2fb15c9fb8dad6f7adfbe1bb390601f45f88695a505c19	b117998930c17b3b07e50c10fd669d077b4f696f2e60a3e1185b594b7b094dfd	crates/veln-stdlib/veln/http2/core_test.veln#test header_list_validation_accepts_request_response_and_trailers(
stdout	case.toml:stdout:1	fec2e6189f3b328cf018b85b4d9f705c2fda734e9528f14f7aa2e816dec8193d	f085e6baa133463c58715773e83a0cf33793f1b823c95493d886244b7f0499dd	crates/veln-stdlib/veln/http2/core_test.veln#test receive_connection_boundary_consumes_preface_initial_settings_and_ping_chunks(
stdout	case.toml:stdout:2	9496237c1d930d804fbe0761cfe6441710a7addbcf866c2bfeca17c9470f1b84	f085e6baa133463c58715773e83a0cf33793f1b823c95493d886244b7f0499dd	crates/veln-stdlib/veln/http2/core_test.veln#test receive_connection_boundary_consumes_preface_initial_settings_and_ping_chunks(
stdout	case.toml:stdout:3	d23c8b857eda8e334311e6a0ad3703604e066c073b76faff0e77bb78203f5aa9	f085e6baa133463c58715773e83a0cf33793f1b823c95493d886244b7f0499dd	crates/veln-stdlib/veln/http2/core_test.veln#test receive_connection_boundary_consumes_preface_initial_settings_and_ping_chunks(
stdout	case.toml:stdout:4	102fecc2d77a82606f837791be8872b1904acfc14215fec2981540322258326f	f085e6baa133463c58715773e83a0cf33793f1b823c95493d886244b7f0499dd	crates/veln-stdlib/veln/http2/core_test.veln#test receive_connection_boundary_consumes_preface_initial_settings_and_ping_chunks(
stdout	case.toml:stdout:5	69a0ed5bc429a9109d40f84bcab299638f828573bbe96e92097a46d9a6f52bf4	f085e6baa133463c58715773e83a0cf33793f1b823c95493d886244b7f0499dd	crates/veln-stdlib/veln/http2/core_test.veln#test receive_connection_boundary_consumes_preface_initial_settings_and_ping_chunks(
stdout	case.toml:stdout:6	e8f5a6196d2bd147d6ad83337a9e9f1a8d7b88144ee72dfb56f424fa2260c905	e542f6e1a98af07eff01875160ff776719e3b35f5f2dcdc528d54ea05ad5e4c7	examples/specification/run/http2-protocol-core-preface-partial-human/case.toml#http2.protocol.partial_preface
stdout	case.toml:stdout:7	93dce9480389b3719c34c09de79cc22ac7f728ba07268ae760b868d468c1f916	0073f00f5e215c55cf3a365f8d6e05e207d0ba135bd673566a6ee80dd5812425	examples/specification/run/http2-protocol-core-preface-invalid-human/case.toml#http2.protocol.invalid_preface
stdout	case.toml:stdout:8	eb6dd578782f8b94af2abaf04d261e8531991d20ebfb1b4e6ef47c6bec7f8c42	f085e6baa133463c58715773e83a0cf33793f1b823c95493d886244b7f0499dd	crates/veln-stdlib/veln/http2/core_test.veln#test receive_connection_boundary_consumes_preface_initial_settings_and_ping_chunks(
stdout	case.toml:stdout:9	557ea21120ffb9e52c33441ac98ddb6698c89f389de97774dc23830ade2d252e	f085e6baa133463c58715773e83a0cf33793f1b823c95493d886244b7f0499dd	crates/veln-stdlib/veln/http2/core_test.veln#test receive_connection_boundary_consumes_preface_initial_settings_and_ping_chunks(
stdout	case.toml:stdout:10	a1e13cc1587959c2688a189044e582b553b253f64aa10509ab87d4703b405337	8e92c295b71b3d015afd66665e6bd27edfbdf32a5e816ea11bfb302c6585253a	examples/specification/run/http2-protocol-core-closed-human/case.toml#http2.protocol.closed_with_pending
stdout	case.toml:stdout:11	a3bd995bd1c2b624e6f2571fe719032ab63f0eb227f848bb73fbde629022aa15	9b6559ad31d9c501f812485c5938b4ca902e4017bcaf1a0f74d42a9ff41ec425	crates/veln-stdlib/veln/http2/core_test.veln#test header_list_validation_reports_request_failures_with_context(
stdout	case.toml:stdout:12	7cef22300f950328274d5932a6a73ac574745a1092c8ce7400aa7854c8ad0410	f085e6baa133463c58715773e83a0cf33793f1b823c95493d886244b7f0499dd	crates/veln-stdlib/veln/http2/core_test.veln#test receive_connection_boundary_consumes_preface_initial_settings_and_ping_chunks(
stdout	case.toml:stdout:13	13fedd0fa37cdc18ee22e887951c14857c9e6ca5242165d0c6836fd94c171625	f085e6baa133463c58715773e83a0cf33793f1b823c95493d886244b7f0499dd	crates/veln-stdlib/veln/http2/core_test.veln#test receive_connection_boundary_consumes_preface_initial_settings_and_ping_chunks(
stdout	case.toml:stdout:14	57cd9c92817615a022de99475867d685d17100269105f94cbb7382ee441c3f32	f085e6baa133463c58715773e83a0cf33793f1b823c95493d886244b7f0499dd	crates/veln-stdlib/veln/http2/core_test.veln#test receive_connection_boundary_consumes_preface_initial_settings_and_ping_chunks(
stdout	case.toml:stdout:15	053fa75916e91497793d3b8f411d074b5ef26ea5ae1bb67d600cb4ca98b54c3f	d3cb0e051007e262aa0ee52158510db0d4d749fd6d3a3136a6df5b5327511eb8	crates/veln-stdlib/veln/http2/core_test.veln#test pending_header_block_completes_multi_frame_headers_in_wire_order(
stdout	case.toml:stdout:16	85201939b0e87e96c66ea167d2ae874951f050942034f0bfd2b94993abefbfef	d3cb0e051007e262aa0ee52158510db0d4d749fd6d3a3136a6df5b5327511eb8	crates/veln-stdlib/veln/http2/core_test.veln#test pending_header_block_completes_multi_frame_headers_in_wire_order(
stdout	case.toml:stdout:17	447ee844e6601cf9504f5ddb4073a4d3eede9a3df2794ad8c810795675e6a960	d5418e062cec915a0af7fa69f8ea17cbedb2bacd566283b2be19216a87d6c4e1	crates/veln-stdlib/veln/http2/hpack_test.veln#test header_block_decoder_preserves_order_octets_and_dynamic_transitions(
stdout	case.toml:stdout:18	7324d1e0ef21dd876625ad7d069fc054b917e2f48625347d285bc6eed5954d73	9b6559ad31d9c501f812485c5938b4ca902e4017bcaf1a0f74d42a9ff41ec425	crates/veln-stdlib/veln/http2/core_test.veln#test header_list_validation_reports_request_failures_with_context(
stdout	case.toml:stdout:19	f8a11ceee544bd8d43b519dd2fcaf07098dfc9adde8f16270e47ed30a5909ea4	c9cdc2a6ac32b5b594efce5d43c3e1ce111e2526f8c76208d94dbb009754e7da	crates/veln-stdlib/veln/http2/core_test.veln#test outbound_request_headers_send_emits_hpack_bytes_and_creates_stream(
stdout	case.toml:stdout:20	b720cb8c62a2cf1c43e43ae0c72d132bf4f30796062f276ae87e416d18851581	c9cdc2a6ac32b5b594efce5d43c3e1ce111e2526f8c76208d94dbb009754e7da	crates/veln-stdlib/veln/http2/core_test.veln#test outbound_request_headers_send_emits_hpack_bytes_and_creates_stream(
stdout	case.toml:stdout:21	8201c1a83a76ccc77d08eeb33a697196e2f50065a8840ed113078a294dd89ef1	d5418e062cec915a0af7fa69f8ea17cbedb2bacd566283b2be19216a87d6c4e1	crates/veln-stdlib/veln/http2/hpack_test.veln#test header_block_decoder_preserves_order_octets_and_dynamic_transitions(
stdout	case.toml:stdout:22	ea55cc8e634c402629cff42f08e726e2cd18a64c8f65c7028c488cd2ad6d572f	9b6559ad31d9c501f812485c5938b4ca902e4017bcaf1a0f74d42a9ff41ec425	crates/veln-stdlib/veln/http2/core_test.veln#test header_list_validation_reports_request_failures_with_context(
stdout	case.toml:stdout:23	b5f24b30b7795e72018c980a2e8995461474e407948ae72082042627419bab47	c9cdc2a6ac32b5b594efce5d43c3e1ce111e2526f8c76208d94dbb009754e7da	crates/veln-stdlib/veln/http2/core_test.veln#test outbound_request_headers_send_emits_hpack_bytes_and_creates_stream(
stdout	case.toml:stdout:24	3ffed7f0d3913085abf51030a0d64d62e30d41de9df10faee76201316efdcb77	c9cdc2a6ac32b5b594efce5d43c3e1ce111e2526f8c76208d94dbb009754e7da	crates/veln-stdlib/veln/http2/core_test.veln#test outbound_request_headers_send_emits_hpack_bytes_and_creates_stream(
stdout	case.toml:stdout:25	7ecd07ac791b6970108602ec11f13598375c54f60a2f21a171dbb27d8b79c5e8	d5418e062cec915a0af7fa69f8ea17cbedb2bacd566283b2be19216a87d6c4e1	crates/veln-stdlib/veln/http2/hpack_test.veln#test header_block_decoder_preserves_order_octets_and_dynamic_transitions(
stdout	case.toml:stdout:26	aa59dddb2718fae3ab3fe2c266636c840a54bcab2c1d55c82796076d63016455	9b6559ad31d9c501f812485c5938b4ca902e4017bcaf1a0f74d42a9ff41ec425	crates/veln-stdlib/veln/http2/core_test.veln#test header_list_validation_reports_request_failures_with_context(
stdout	case.toml:stdout:27	e71ef9abe9ce8781f1f1816c8b2c8c467816d10f148cfa3fc5fc5f8a4dc6d52e	9b6559ad31d9c501f812485c5938b4ca902e4017bcaf1a0f74d42a9ff41ec425	crates/veln-stdlib/veln/http2/core_test.veln#test header_list_validation_reports_request_failures_with_context(
stdout	case.toml:stdout:28	948d7ca434046729e896762de0e9a128338a0159962e177292dde4f7944713b2	9b6559ad31d9c501f812485c5938b4ca902e4017bcaf1a0f74d42a9ff41ec425	crates/veln-stdlib/veln/http2/core_test.veln#test header_list_validation_reports_request_failures_with_context(
stdout	case.toml:stdout:29	0c7cab9f388d13f0d6b171270b02af78160a629eb6d762ba35f399f7f82eb503	c9cdc2a6ac32b5b594efce5d43c3e1ce111e2526f8c76208d94dbb009754e7da	crates/veln-stdlib/veln/http2/core_test.veln#test outbound_request_headers_send_emits_hpack_bytes_and_creates_stream(
stdout	case.toml:stdout:30	8bf3e0b96403ecc586d667d30619dc7ec8b03cb0340d59f83d5e97d08e30dd5b	c9cdc2a6ac32b5b594efce5d43c3e1ce111e2526f8c76208d94dbb009754e7da	crates/veln-stdlib/veln/http2/core_test.veln#test outbound_request_headers_send_emits_hpack_bytes_and_creates_stream(
stdout	case.toml:stdout:31	9abc0d6d2e06338dbdec4d83fdc1a24704fccba91b795af076b8faa5c4a2b5fa	d5418e062cec915a0af7fa69f8ea17cbedb2bacd566283b2be19216a87d6c4e1	crates/veln-stdlib/veln/http2/hpack_test.veln#test header_block_decoder_preserves_order_octets_and_dynamic_transitions(
stdout	case.toml:stdout:32	b86097d2f2d97d7c03052ee0e47bad3e0e4acb8f307110017cfd70424096fa57	9b6559ad31d9c501f812485c5938b4ca902e4017bcaf1a0f74d42a9ff41ec425	crates/veln-stdlib/veln/http2/core_test.veln#test header_list_validation_reports_request_failures_with_context(
stdout	case.toml:stdout:33	40c76c95409004855553fe8ce50f20fbb6251bdf0b50d3f138f8eea5b1505b37	9b6559ad31d9c501f812485c5938b4ca902e4017bcaf1a0f74d42a9ff41ec425	crates/veln-stdlib/veln/http2/core_test.veln#test header_list_validation_reports_request_failures_with_context(
stdout	case.toml:stdout:34	a12233e4d83906e859dd8d5fdee5c5d6d50f07fa5ede8a6f4b936c672c33aaf3	c9cdc2a6ac32b5b594efce5d43c3e1ce111e2526f8c76208d94dbb009754e7da	crates/veln-stdlib/veln/http2/core_test.veln#test outbound_request_headers_send_emits_hpack_bytes_and_creates_stream(
stdout	case.toml:stdout:35	d0b105bda74d5fbbddc83e3693fc9841dfeed59100775084f4b7624a0b2552fe	c9cdc2a6ac32b5b594efce5d43c3e1ce111e2526f8c76208d94dbb009754e7da	crates/veln-stdlib/veln/http2/core_test.veln#test outbound_request_headers_send_emits_hpack_bytes_and_creates_stream(
stdout	case.toml:stdout:36	35263866c6f47f2a2da5c5c67cf9d3a3421a615ef6fd3b2d09a5859c21ba9346	d5418e062cec915a0af7fa69f8ea17cbedb2bacd566283b2be19216a87d6c4e1	crates/veln-stdlib/veln/http2/hpack_test.veln#test header_block_decoder_preserves_order_octets_and_dynamic_transitions(
stdout	case.toml:stdout:37	ad54f94740d7f74139c3930ab0a0106f35d3357915bb4d3c7584f537ca6de694	9b6559ad31d9c501f812485c5938b4ca902e4017bcaf1a0f74d42a9ff41ec425	crates/veln-stdlib/veln/http2/core_test.veln#test header_list_validation_reports_request_failures_with_context(
stdout	case.toml:stdout:38	3d345481446dcec68e8f3bb4c3fb8118370f610ca10455f85fcd5325ca0de170	774356fbbaffe4fdd8320f2969e85143814f34076ade6cd6e9017b68c6213712	examples/specification/run/http2-protocol-core-priority-dependency-human/case.toml#http2.protocol.invalid_priority_dependency
stdout	case.toml:stdout:39	406f67bb0f38eb3fe4fa0be6ba18572582d07da53cf8695ce78541d11186be9a	7273b5b98c0d918b6ea228e28c669052ef02bc5326fd524a91f6655e3a9042a9	examples/specification/run/http2-core-ping-transitions/case.toml#http2.protocol.invalid_payload_length
stdout	case.toml:stdout:40	2ac3dec3d6d5b7be6c6fad9a6ce51c0c857168c9c3194f80e680073dac715abd	9b6559ad31d9c501f812485c5938b4ca902e4017bcaf1a0f74d42a9ff41ec425	crates/veln-stdlib/veln/http2/core_test.veln#test header_list_validation_reports_request_failures_with_context(
stdout	case.toml:stdout:41	6bbcf8625d0aad3727da79faecc313fcb88cfae579751ebd3f1fbb9008200d2f	8388bd156850d4cbdbfd1e5768b0ea690c5f266028b8e5327481779250aa7965	examples/specification/run/http2-core-outbound-stream-control/case.toml#http2.protocol.invalid_frame_kind
stdout	case.toml:stdout:42	151c0ba6f9075653fc1e60c70cbd9816e616e64e7705d241b7b59f5d076a74ef	8388bd156850d4cbdbfd1e5768b0ea690c5f266028b8e5327481779250aa7965	examples/specification/run/http2-core-outbound-stream-control/case.toml#http2.protocol.invalid_frame_kind
stdout	case.toml:stdout:43	f88b6320568e256b5b8b6422ac104ad515d1a93139d5c2cc7d99dde641d44c28	9b6559ad31d9c501f812485c5938b4ca902e4017bcaf1a0f74d42a9ff41ec425	crates/veln-stdlib/veln/http2/core_test.veln#test header_list_validation_reports_request_failures_with_context(
stdout	case.toml:stdout:44	10f9627fc8c753ac707b76aff103404728a6cdae68af5435587af68e61788a92	9b6559ad31d9c501f812485c5938b4ca902e4017bcaf1a0f74d42a9ff41ec425	crates/veln-stdlib/veln/http2/core_test.veln#test header_list_validation_reports_request_failures_with_context(
stdout	case.toml:stdout:45	0bfb4a07c64198764cc48f1331da2cd95e32f5df4a6625b0a4fde498a5430353	c9cdc2a6ac32b5b594efce5d43c3e1ce111e2526f8c76208d94dbb009754e7da	crates/veln-stdlib/veln/http2/core_test.veln#test outbound_request_headers_send_emits_hpack_bytes_and_creates_stream(
stdout	case.toml:stdout:46	0722061ee6ed7d9fd6cbdb0f6fd6dc78b274615d8bc09c9eba90c4a5700e8074	c9cdc2a6ac32b5b594efce5d43c3e1ce111e2526f8c76208d94dbb009754e7da	crates/veln-stdlib/veln/http2/core_test.veln#test outbound_request_headers_send_emits_hpack_bytes_and_creates_stream(
stdout	case.toml:stdout:47	078bab2554746106c99e04521be36179f7087c26973fb42bc3b97c66a51aa580	d5418e062cec915a0af7fa69f8ea17cbedb2bacd566283b2be19216a87d6c4e1	crates/veln-stdlib/veln/http2/hpack_test.veln#test header_block_decoder_preserves_order_octets_and_dynamic_transitions(
stdout	case.toml:stdout:48	1e94027176c13ea5c290b794379db8f631aab3d1526fb4fc7b15fc965d175389	9b6559ad31d9c501f812485c5938b4ca902e4017bcaf1a0f74d42a9ff41ec425	crates/veln-stdlib/veln/http2/core_test.veln#test header_list_validation_reports_request_failures_with_context(
stdout	case.toml:stdout:49	d217456d4103d49086c7ce7aa6351f489ade39281cc1189fb834045f6bfde095	8388bd156850d4cbdbfd1e5768b0ea690c5f266028b8e5327481779250aa7965	examples/specification/run/http2-core-outbound-stream-control/case.toml#http2.protocol.invalid_frame_kind
stdout	case.toml:stdout:50	8862ed05e49baa7d012f2d4787394233225c821da73a59d5957b22a9ffa2e206	8388bd156850d4cbdbfd1e5768b0ea690c5f266028b8e5327481779250aa7965	examples/specification/run/http2-core-outbound-stream-control/case.toml#http2.protocol.invalid_frame_kind
stdout	case.toml:stdout:51	dc88e3ea1fa7842c56e24367286fc6414a5c2e01801395b057d715c4d87af67b	9b6559ad31d9c501f812485c5938b4ca902e4017bcaf1a0f74d42a9ff41ec425	crates/veln-stdlib/veln/http2/core_test.veln#test header_list_validation_reports_request_failures_with_context(
stdout	case.toml:stdout:52	fa0bf2bbd665df8a47ebdbb990f2f5a8146c9b05619c38bc317013d2534f6a7f	9b6559ad31d9c501f812485c5938b4ca902e4017bcaf1a0f74d42a9ff41ec425	crates/veln-stdlib/veln/http2/core_test.veln#test header_list_validation_reports_request_failures_with_context(
stdout	case.toml:stdout:53	41a1c70c369fda3c6bc4403585f46c5b47c67a742c4becb1e1001551b25149b4	9b6559ad31d9c501f812485c5938b4ca902e4017bcaf1a0f74d42a9ff41ec425	crates/veln-stdlib/veln/http2/core_test.veln#test header_list_validation_reports_request_failures_with_context(
stdout	case.toml:stdout:54	6b52fea4026a5b5996162a78bbe0006bf0a36b0ebdabd9dd59eee102143ef686	d3cb0e051007e262aa0ee52158510db0d4d749fd6d3a3136a6df5b5327511eb8	crates/veln-stdlib/veln/http2/core_test.veln#test pending_header_block_completes_multi_frame_headers_in_wire_order(
stdout	case.toml:stdout:55	c9fd6fb987e3d411e3482cf2afe7a9f9ee769c14cc6d7624cd602afcd53582f7	d3cb0e051007e262aa0ee52158510db0d4d749fd6d3a3136a6df5b5327511eb8	crates/veln-stdlib/veln/http2/core_test.veln#test pending_header_block_completes_multi_frame_headers_in_wire_order(
stdout	case.toml:stdout:56	4b6989175673489e1b94c44a17483e83f85219b55a6fa7bf754beed011ac5399	d5418e062cec915a0af7fa69f8ea17cbedb2bacd566283b2be19216a87d6c4e1	crates/veln-stdlib/veln/http2/hpack_test.veln#test header_block_decoder_preserves_order_octets_and_dynamic_transitions(
stdout	case.toml:stdout:57	a19f04f42bd67ce3048f7c192a526b62ecfbe567fdb3da1bb4d46876259dfa64	9b6559ad31d9c501f812485c5938b4ca902e4017bcaf1a0f74d42a9ff41ec425	crates/veln-stdlib/veln/http2/core_test.veln#test header_list_validation_reports_request_failures_with_context(
stdout	case.toml:stdout:58	08407ebd9ff853da14871ee6aa38ca46647bfc5312835898d982b91c95572baf	9b6559ad31d9c501f812485c5938b4ca902e4017bcaf1a0f74d42a9ff41ec425	crates/veln-stdlib/veln/http2/core_test.veln#test header_list_validation_reports_request_failures_with_context(
stdout	case.toml:stdout:59	77e10e4fb7163e30c184ab7cfc7943b71a5949a0e4ea22247a1f1a4ff2752862	d3cb0e051007e262aa0ee52158510db0d4d749fd6d3a3136a6df5b5327511eb8	crates/veln-stdlib/veln/http2/core_test.veln#test pending_header_block_completes_multi_frame_headers_in_wire_order(
stdout	case.toml:stdout:60	feeb94b764289f2d1d04e53afb24a1d0f687fba853fdfab8cf396c3d4430c103	d3cb0e051007e262aa0ee52158510db0d4d749fd6d3a3136a6df5b5327511eb8	crates/veln-stdlib/veln/http2/core_test.veln#test pending_header_block_completes_multi_frame_headers_in_wire_order(
stdout	case.toml:stdout:61	305bc4d8f1414bb9b410fc74fa14552c8552f4018c80ed3c304901ae69509628	d5418e062cec915a0af7fa69f8ea17cbedb2bacd566283b2be19216a87d6c4e1	crates/veln-stdlib/veln/http2/hpack_test.veln#test header_block_decoder_preserves_order_octets_and_dynamic_transitions(
stdout	case.toml:stdout:62	79674492b8d6b72bb5b8dde2e9ae45c8813a4993e45b21c9156be14480c52118	9b6559ad31d9c501f812485c5938b4ca902e4017bcaf1a0f74d42a9ff41ec425	crates/veln-stdlib/veln/http2/core_test.veln#test header_list_validation_reports_request_failures_with_context(
stdout	case.toml:stdout:63	bf4c1a844711d9653e63db9c52072dd28c9ee19fb2877bfeb9a28c2d9160539d	9b6559ad31d9c501f812485c5938b4ca902e4017bcaf1a0f74d42a9ff41ec425	crates/veln-stdlib/veln/http2/core_test.veln#test header_list_validation_reports_request_failures_with_context(
stdout	case.toml:stdout:64	238445bf5bed744ab0b12d3aab341e91ccdccea426f375d51fac99f0a909bdbf	d3cb0e051007e262aa0ee52158510db0d4d749fd6d3a3136a6df5b5327511eb8	crates/veln-stdlib/veln/http2/core_test.veln#test pending_header_block_completes_multi_frame_headers_in_wire_order(
stdout	case.toml:stdout:65	9f322aded2e4db8afa81573f90653e9c80050ec1f36cca13fa2fb5633b28100c	d3cb0e051007e262aa0ee52158510db0d4d749fd6d3a3136a6df5b5327511eb8	crates/veln-stdlib/veln/http2/core_test.veln#test pending_header_block_completes_multi_frame_headers_in_wire_order(
stdout	case.toml:stdout:66	54d5b4294bcf47125697eb3cd871112cb20cc1b8ebb6a70ff170453f21a309ef	d5418e062cec915a0af7fa69f8ea17cbedb2bacd566283b2be19216a87d6c4e1	crates/veln-stdlib/veln/http2/hpack_test.veln#test header_block_decoder_preserves_order_octets_and_dynamic_transitions(
stdout	case.toml:stdout:67	fe8aa5df2282441d673c2a38721509544195ca81386fa25c17ffe24346c14ec2	9b6559ad31d9c501f812485c5938b4ca902e4017bcaf1a0f74d42a9ff41ec425	crates/veln-stdlib/veln/http2/core_test.veln#test header_list_validation_reports_request_failures_with_context(
stdout	case.toml:stdout:68	2a8c142a580093cb2d5afc58da37554583329e989792079d1f59ede13203d57b	8388bd156850d4cbdbfd1e5768b0ea690c5f266028b8e5327481779250aa7965	examples/specification/run/http2-core-outbound-stream-control/case.toml#http2.protocol.invalid_frame_kind
stdout	case.toml:stdout:69	e7725df06acfa73dc30a59925ffcd5cb5f2fc62cb299148bcb75b0597a82c407	8388bd156850d4cbdbfd1e5768b0ea690c5f266028b8e5327481779250aa7965	examples/specification/run/http2-core-outbound-stream-control/case.toml#http2.protocol.invalid_frame_kind
stdout	case.toml:stdout:70	69ac5b5675162aff4906a261e2a5acb13f411032b4dc4a65fb751a2dee905e3b	9b6559ad31d9c501f812485c5938b4ca902e4017bcaf1a0f74d42a9ff41ec425	crates/veln-stdlib/veln/http2/core_test.veln#test header_list_validation_reports_request_failures_with_context(
stdout	case.toml:stdout:71	78fac5be140f1ef6afaa1a12ecc1c305ccca934bb9627ea3234ad5d161725939	9b6559ad31d9c501f812485c5938b4ca902e4017bcaf1a0f74d42a9ff41ec425	crates/veln-stdlib/veln/http2/core_test.veln#test header_list_validation_reports_request_failures_with_context(
stdout	case.toml:stdout:72	ea1247c79839a7a568b77c1ab5950a85e8ac1c322e505f0d2efc1fe4904650e5	d3cb0e051007e262aa0ee52158510db0d4d749fd6d3a3136a6df5b5327511eb8	crates/veln-stdlib/veln/http2/core_test.veln#test pending_header_block_completes_multi_frame_headers_in_wire_order(
stdout	case.toml:stdout:73	a063260cd84958ed4dc8d7c1d78477703c15c908281880ddda8cb4a051c8d634	d3cb0e051007e262aa0ee52158510db0d4d749fd6d3a3136a6df5b5327511eb8	crates/veln-stdlib/veln/http2/core_test.veln#test pending_header_block_completes_multi_frame_headers_in_wire_order(
stdout	case.toml:stdout:74	0056cd43b419aeea86c644af91099567708ce54e2b7d031bfcebb85e0164418b	d5418e062cec915a0af7fa69f8ea17cbedb2bacd566283b2be19216a87d6c4e1	crates/veln-stdlib/veln/http2/hpack_test.veln#test header_block_decoder_preserves_order_octets_and_dynamic_transitions(
stdout	case.toml:stdout:75	f7aec5e2420789b0f665b3925f783df666cbd3c51c6ee7727f83b2f1e0425f7d	9b6559ad31d9c501f812485c5938b4ca902e4017bcaf1a0f74d42a9ff41ec425	crates/veln-stdlib/veln/http2/core_test.veln#test header_list_validation_reports_request_failures_with_context(
stdout	case.toml:stdout:76	165c02a35f78f248693e0840965f65e1e6296e1b6f506ae7cf1e4e105718ce90	f889137ca4c7332975c589b07dc231e761a59155b21f4627e40d1c6489760719	examples/specification/run/http2-core-receive-frame-dispatch/case.toml#http2.protocol.invalid_request_header_list
stdout	case.toml:stdout:77	9a147e129fa54fe749fc29b7165b76b7be4bf04b8e7bc44b3642995316c64fe1	f889137ca4c7332975c589b07dc231e761a59155b21f4627e40d1c6489760719	examples/specification/run/http2-core-receive-frame-dispatch/case.toml#http2.protocol.invalid_request_header_list
stdout	case.toml:stdout:78	3f54d398707851bbc2b35020026c6628aa2f316bfddfb95d97382aa93244f2fb	f889137ca4c7332975c589b07dc231e761a59155b21f4627e40d1c6489760719	examples/specification/run/http2-core-receive-frame-dispatch/case.toml#http2.protocol.invalid_request_header_list
stdout	case.toml:stdout:79	7b32fe1ed35345c13ff0f2f46a368c1d495d16c90014dc8af34b2baa99ab0771	f889137ca4c7332975c589b07dc231e761a59155b21f4627e40d1c6489760719	examples/specification/run/http2-core-receive-frame-dispatch/case.toml#http2.protocol.invalid_request_header_list
stdout	case.toml:stdout:80	1003ea80728c2ea8911c057908df16577df9e0c20dcc5284461b22146298b2be	f889137ca4c7332975c589b07dc231e761a59155b21f4627e40d1c6489760719	examples/specification/run/http2-core-receive-frame-dispatch/case.toml#http2.protocol.invalid_request_header_list
stdout	case.toml:stdout:81	989b8d726dd76ec81313363380a1bf44fa7cc7df04686b63c291436ae09c874e	f889137ca4c7332975c589b07dc231e761a59155b21f4627e40d1c6489760719	examples/specification/run/http2-core-receive-frame-dispatch/case.toml#http2.protocol.invalid_request_header_list
stdout	case.toml:stdout:82	79ff1b6c21bac42657493bf3d85d37b1cf9b1406cf7d402851a28452a411937e	f889137ca4c7332975c589b07dc231e761a59155b21f4627e40d1c6489760719	examples/specification/run/http2-core-receive-frame-dispatch/case.toml#http2.protocol.invalid_request_header_list
stdout	case.toml:stdout:83	8990e0faf9a850be54574b57497c6982abd070ea339fc5c04c26725264801e15	e52c8b89fe3b789a70ad8aeee4afafa0043c8f6be3b66fb7a7e652c05c5be3b0	examples/specification/run/http2-protocol-core-continuation-human/case.toml#http2.protocol.continuation_expected
stdout	case.toml:stdout:84	01758d258d51fbb40e1bac24c919936b861a81be9371bc32a80c7e489cc1efcd	e52c8b89fe3b789a70ad8aeee4afafa0043c8f6be3b66fb7a7e652c05c5be3b0	examples/specification/run/http2-protocol-core-continuation-human/case.toml#http2.protocol.continuation_expected
stdout	case.toml:stdout:85	570f2d8e8eef66d30972785616390d9a06d2307c79f2b05895ddeff85421d4df	8e92c295b71b3d015afd66665e6bd27edfbdf32a5e816ea11bfb302c6585253a	examples/specification/run/http2-protocol-core-closed-human/case.toml#http2.protocol.closed_with_pending
stdout	case.toml:stdout:86	0149cebb5b7f06286a80e55f66a269e3e7c052ce057f374370a680771b7a8676	f085e6baa133463c58715773e83a0cf33793f1b823c95493d886244b7f0499dd	crates/veln-stdlib/veln/http2/core_test.veln#test receive_connection_boundary_consumes_preface_initial_settings_and_ping_chunks(
stdout	case.toml:stdout:87	31a2dcbd1fed4300dfd8ab4fa64b225ed59c28456818c317491268904237b31d	f085e6baa133463c58715773e83a0cf33793f1b823c95493d886244b7f0499dd	crates/veln-stdlib/veln/http2/core_test.veln#test receive_connection_boundary_consumes_preface_initial_settings_and_ping_chunks(
stdout	case.toml:stdout:88	87c6b9f0330f0594c51ff87f467e6ef740af3eb0b4ac7374bb8858e0ed1b7413	f085e6baa133463c58715773e83a0cf33793f1b823c95493d886244b7f0499dd	crates/veln-stdlib/veln/http2/core_test.veln#test receive_connection_boundary_consumes_preface_initial_settings_and_ping_chunks(
stdout	case.toml:stdout:89	c513bb95d6b835da9a8c850cd0497a090b214e915a52a0c073a6a3486119b9a2	e52c8b89fe3b789a70ad8aeee4afafa0043c8f6be3b66fb7a7e652c05c5be3b0	examples/specification/run/http2-protocol-core-continuation-human/case.toml#http2.protocol.continuation_expected
stdout	case.toml:stdout:90	6416ca4d372f6bbd3906072c5326634c40062ff7cb38b1886fa1ebac445f6949	f085e6baa133463c58715773e83a0cf33793f1b823c95493d886244b7f0499dd	crates/veln-stdlib/veln/http2/core_test.veln#test receive_connection_boundary_consumes_preface_initial_settings_and_ping_chunks(
stdout	case.toml:stdout:91	f86462d958b79d627365da44ce26558fda8723aa6ffd23b5ebe563f730621f88	301698b93dfb09ccd5ec43fe5dddf44999f225d1b9b44f647a8cb7af4d09d0a7	examples/specification/run/http2-protocol-core-frame-size-human/case.toml#http2.peer_limit.frame_size_exceeded
stdout	case.toml:stdout:92	f55cd63718ec86f1bab1e701548161cdad28e7bdccaf3b1eb85c5a3b0c98a168	301698b93dfb09ccd5ec43fe5dddf44999f225d1b9b44f647a8cb7af4d09d0a7	examples/specification/run/http2-protocol-core-frame-size-human/case.toml#http2.peer_limit.frame_size_exceeded
stdout	case.toml:stdout:93	33df477691c36d0f0675f2a2528b3d01c2baa740ce7353fe1c816959c13f880f	301698b93dfb09ccd5ec43fe5dddf44999f225d1b9b44f647a8cb7af4d09d0a7	examples/specification/run/http2-protocol-core-frame-size-human/case.toml#http2.peer_limit.frame_size_exceeded
stdout	case.toml:stdout:94	ac132b65fbb4c734d8dc5ea7f75c0dcd488060231dac45b4e7226e3a685e7924	e3fd7bcb4f295de2d9ef373d0a3f032f2c2c0452205731daea5516803cf5d24c	crates/veln-stdlib/veln/http2/core_test.veln#test peer_stream_admission_rejects_non_increasing_stream_ids_without_next_state(
stdout	case.toml:stdout:95	40bf2c3d9afb758216ab694fa40823a5f31ef12dfa48a101a4b73b73a6fc02bc	e3fd7bcb4f295de2d9ef373d0a3f032f2c2c0452205731daea5516803cf5d24c	crates/veln-stdlib/veln/http2/core_test.veln#test peer_stream_admission_rejects_non_increasing_stream_ids_without_next_state(
stdout	case.toml:stdout:96	7b792bc82714a6c2f0d0fb29f4905781d5c248b8e93ed2808d72f53105035d9b	993080db9885ad1bdd438a39a4d6cfee8fa6b65b0f3dd594da0a0dc3a7b3815e	crates/veln-stdlib/veln/http2/core_test.veln#test local_settings_send_preserves_order_policy_offsets_and_ack_fifo(
stdout	case.toml:stdout:97	0ae8e0e8f4b86d95825a7e70c1471db16eeef17f83d40bbab44d44a40f7d513d	993080db9885ad1bdd438a39a4d6cfee8fa6b65b0f3dd594da0a0dc3a7b3815e	crates/veln-stdlib/veln/http2/core_test.veln#test local_settings_send_preserves_order_policy_offsets_and_ack_fifo(
stdout	case.toml:stdout:98	32a8f2042468b8e657fe695722bcb6d1fa140677ad060c7aa3b827d580bf55cc	7273b5b98c0d918b6ea228e28c669052ef02bc5326fd524a91f6655e3a9042a9	examples/specification/run/http2-core-ping-transitions/case.toml#http2.protocol.invalid_payload_length
stdout	case.toml:stdout:99	5e4b546b30690cfa390980b663c2e8039f42aee36b5ca36e0289ef0ab8d86d3a	993080db9885ad1bdd438a39a4d6cfee8fa6b65b0f3dd594da0a0dc3a7b3815e	crates/veln-stdlib/veln/http2/core_test.veln#test local_settings_send_preserves_order_policy_offsets_and_ack_fifo(
stdout	case.toml:stdout:100	2c2596f444340e2c15a89c477d41ee7788783a45cd6ffcb96e06be9a06d8c2cf	7273b5b98c0d918b6ea228e28c669052ef02bc5326fd524a91f6655e3a9042a9	examples/specification/run/http2-core-ping-transitions/case.toml#http2.protocol.invalid_payload_length
stdout	case.toml:stdout:101	f5590bf330bf1035d1b09b8c86b2fc94afcb2e58e34ddfaac95469a5951fc00b	993080db9885ad1bdd438a39a4d6cfee8fa6b65b0f3dd594da0a0dc3a7b3815e	crates/veln-stdlib/veln/http2/core_test.veln#test local_settings_send_preserves_order_policy_offsets_and_ack_fifo(
stdout	case.toml:stdout:102	f021d450babc459b6bc8e15cc34810ae6ff9dff6cf8d15136ea1d157eb54998b	993080db9885ad1bdd438a39a4d6cfee8fa6b65b0f3dd594da0a0dc3a7b3815e	crates/veln-stdlib/veln/http2/core_test.veln#test local_settings_send_preserves_order_policy_offsets_and_ack_fifo(
stdout	case.toml:stdout:103	7e81dfcad4ce2b11faa44aab2647391277be94142a4fa27c93ff35431c2eeeb8	993080db9885ad1bdd438a39a4d6cfee8fa6b65b0f3dd594da0a0dc3a7b3815e	crates/veln-stdlib/veln/http2/core_test.veln#test local_settings_send_preserves_order_policy_offsets_and_ack_fifo(
stdout	case.toml:stdout:104	f4cbd408fb7f1e959c885bde70680ab97adf33a2727b87934464db0dc18f2b21	993080db9885ad1bdd438a39a4d6cfee8fa6b65b0f3dd594da0a0dc3a7b3815e	crates/veln-stdlib/veln/http2/core_test.veln#test local_settings_send_preserves_order_policy_offsets_and_ack_fifo(
stdout	case.toml:stdout:105	b9f4fdbf21529986a547bc25f74f659705b3da765e42e62e09f4b1a936277546	993080db9885ad1bdd438a39a4d6cfee8fa6b65b0f3dd594da0a0dc3a7b3815e	crates/veln-stdlib/veln/http2/core_test.veln#test local_settings_send_preserves_order_policy_offsets_and_ack_fifo(
stdout	case.toml:stdout:106	19de345c2fd5d41c63ac165d20c75ddc681f79fd5f9b3a175d4306a150681c71	993080db9885ad1bdd438a39a4d6cfee8fa6b65b0f3dd594da0a0dc3a7b3815e	crates/veln-stdlib/veln/http2/core_test.veln#test local_settings_send_preserves_order_policy_offsets_and_ack_fifo(
stdout	case.toml:stdout:107	f6e3710d6bfc4d7a39b124a520b343d44fc01acc487af8c90cb3413abc6fa25f	993080db9885ad1bdd438a39a4d6cfee8fa6b65b0f3dd594da0a0dc3a7b3815e	crates/veln-stdlib/veln/http2/core_test.veln#test local_settings_send_preserves_order_policy_offsets_and_ack_fifo(
stdout	case.toml:stdout:108	cbea8af0ac2eb352dbd2214fa738a53f29a8e277a2244480097f9be57d6220d5	993080db9885ad1bdd438a39a4d6cfee8fa6b65b0f3dd594da0a0dc3a7b3815e	crates/veln-stdlib/veln/http2/core_test.veln#test local_settings_send_preserves_order_policy_offsets_and_ack_fifo(
stdout	case.toml:stdout:109	bcf43b840676e2be3e3d677b9c8a1f906a84340ec7f5393844e0b45f1fa7db41	993080db9885ad1bdd438a39a4d6cfee8fa6b65b0f3dd594da0a0dc3a7b3815e	crates/veln-stdlib/veln/http2/core_test.veln#test local_settings_send_preserves_order_policy_offsets_and_ack_fifo(
stdout	case.toml:stdout:110	0dbef25a73fc4cd1bdd359e1e6112f6f226d4ec0c280c7d1063b402106bb08fb	993080db9885ad1bdd438a39a4d6cfee8fa6b65b0f3dd594da0a0dc3a7b3815e	crates/veln-stdlib/veln/http2/core_test.veln#test local_settings_send_preserves_order_policy_offsets_and_ack_fifo(
stdout	case.toml:stdout:111	18831be5d71de72ec9b6372b079dc48966af97dcd329584a0e608e6ffcb5f06d	993080db9885ad1bdd438a39a4d6cfee8fa6b65b0f3dd594da0a0dc3a7b3815e	crates/veln-stdlib/veln/http2/core_test.veln#test local_settings_send_preserves_order_policy_offsets_and_ack_fifo(
stdout	case.toml:stdout:112	aa988996ccbaa70f4eb2f15b0a84053e9fc96ad7a4ebcabdf75e84f4d84f744f	993080db9885ad1bdd438a39a4d6cfee8fa6b65b0f3dd594da0a0dc3a7b3815e	crates/veln-stdlib/veln/http2/core_test.veln#test local_settings_send_preserves_order_policy_offsets_and_ack_fifo(
stdout	case.toml:stdout:113	d4cbbbcc66408158661b6ea6aef944390a6ce21d0d639224e9460c4a24334a37	993080db9885ad1bdd438a39a4d6cfee8fa6b65b0f3dd594da0a0dc3a7b3815e	crates/veln-stdlib/veln/http2/core_test.veln#test local_settings_send_preserves_order_policy_offsets_and_ack_fifo(
stdout	case.toml:stdout:114	a9b9cdb658235f5152001f5de701c2fc73b41b92678b38f2fddcea5874ef0107	993080db9885ad1bdd438a39a4d6cfee8fa6b65b0f3dd594da0a0dc3a7b3815e	crates/veln-stdlib/veln/http2/core_test.veln#test local_settings_send_preserves_order_policy_offsets_and_ack_fifo(
stdout	case.toml:stdout:115	95f235691afbd7b4cfb9ecead6e0e75c2ba816a2b817abc609a484220e7a4eb6	993080db9885ad1bdd438a39a4d6cfee8fa6b65b0f3dd594da0a0dc3a7b3815e	crates/veln-stdlib/veln/http2/core_test.veln#test local_settings_send_preserves_order_policy_offsets_and_ack_fifo(
stdout	case.toml:stdout:116	b20a12daceb3c246f3ebb63ed5cafe6b2278cba0ea81f6425dfde25bcc299141	c9cdc2a6ac32b5b594efce5d43c3e1ce111e2526f8c76208d94dbb009754e7da	crates/veln-stdlib/veln/http2/core_test.veln#test outbound_request_headers_send_emits_hpack_bytes_and_creates_stream(
stdout	case.toml:stdout:117	817e013501c9df98ea79779352658fc265bb77877dd8fe8cb84225b830a124bc	993080db9885ad1bdd438a39a4d6cfee8fa6b65b0f3dd594da0a0dc3a7b3815e	crates/veln-stdlib/veln/http2/core_test.veln#test local_settings_send_preserves_order_policy_offsets_and_ack_fifo(
stdout	case.toml:stdout:118	b88bfd7a8b7be90e22e44466327b293229829b2dac557a31c47fc542bf1bb5e1	993080db9885ad1bdd438a39a4d6cfee8fa6b65b0f3dd594da0a0dc3a7b3815e	crates/veln-stdlib/veln/http2/core_test.veln#test local_settings_send_preserves_order_policy_offsets_and_ack_fifo(
stdout	case.toml:stdout:119	7439402b9a3c259966caf82b342ee0e5f7943509d4b3e1802f372309136d030b	993080db9885ad1bdd438a39a4d6cfee8fa6b65b0f3dd594da0a0dc3a7b3815e	crates/veln-stdlib/veln/http2/core_test.veln#test local_settings_send_preserves_order_policy_offsets_and_ack_fifo(
stdout	case.toml:stdout:120	2f8d06371d5b8d44800a801601d26f5a4c42de61d90ad9ca1437d9250d16b520	993080db9885ad1bdd438a39a4d6cfee8fa6b65b0f3dd594da0a0dc3a7b3815e	crates/veln-stdlib/veln/http2/core_test.veln#test local_settings_send_preserves_order_policy_offsets_and_ack_fifo(
stdout	case.toml:stdout:121	95261c6f077f5e26d81002a0395e84e36acd9786f26ea47e36bdca450c4c473d	f889137ca4c7332975c589b07dc231e761a59155b21f4627e40d1c6489760719	examples/specification/run/http2-core-receive-frame-dispatch/case.toml#http2.protocol.unexpected_settings_ack
stdout	case.toml:stdout:122	d3783fc620e27ee8aa34be9ea3855acbbc55959a412ef0656f7b4bbe54ac9e8e	993080db9885ad1bdd438a39a4d6cfee8fa6b65b0f3dd594da0a0dc3a7b3815e	crates/veln-stdlib/veln/http2/core_test.veln#test local_settings_send_preserves_order_policy_offsets_and_ack_fifo(
stdout	case.toml:stdout:123	c71dd929a29ef7c71f65f7ad45865af024420fb042d5a7a231c9e783ec71ea21	993080db9885ad1bdd438a39a4d6cfee8fa6b65b0f3dd594da0a0dc3a7b3815e	crates/veln-stdlib/veln/http2/core_test.veln#test local_settings_send_preserves_order_policy_offsets_and_ack_fifo(
stdout	case.toml:stdout:124	03073722d7b5eb2e9ecdfd16ea15474fb16376b697e21d12fca8380eb3749bcc	993080db9885ad1bdd438a39a4d6cfee8fa6b65b0f3dd594da0a0dc3a7b3815e	crates/veln-stdlib/veln/http2/core_test.veln#test local_settings_send_preserves_order_policy_offsets_and_ack_fifo(
stdout	case.toml:stdout:125	0b8aa09e237fd82efa368850aa47ad37c292041def08fcf9807342a4d12fa5db	993080db9885ad1bdd438a39a4d6cfee8fa6b65b0f3dd594da0a0dc3a7b3815e	crates/veln-stdlib/veln/http2/core_test.veln#test local_settings_send_preserves_order_policy_offsets_and_ack_fifo(
stdout	case.toml:stdout:126	9f6900827701b84c977ed02ce48b887f22d59445c1594780763f11dd10613e30	993080db9885ad1bdd438a39a4d6cfee8fa6b65b0f3dd594da0a0dc3a7b3815e	crates/veln-stdlib/veln/http2/core_test.veln#test local_settings_send_preserves_order_policy_offsets_and_ack_fifo(
stdout	case.toml:stdout:127	18885400590f7fb173e13c351b063d76fa1dbf60b3a423a4204b36fdb1fd1d7d	c9cdc2a6ac32b5b594efce5d43c3e1ce111e2526f8c76208d94dbb009754e7da	crates/veln-stdlib/veln/http2/core_test.veln#test outbound_request_headers_send_emits_hpack_bytes_and_creates_stream(
stdout	case.toml:stdout:128	f6abe56e5b4b71cab3b2d981fcc95a226b31c41655781a419763fdf17a319d47	993080db9885ad1bdd438a39a4d6cfee8fa6b65b0f3dd594da0a0dc3a7b3815e	crates/veln-stdlib/veln/http2/core_test.veln#test local_settings_send_preserves_order_policy_offsets_and_ack_fifo(
stdout	case.toml:stdout:129	a712899d71f7b68e4a22772606ce63a14832b4d65c0dcf756ca391c7b0e425a4	993080db9885ad1bdd438a39a4d6cfee8fa6b65b0f3dd594da0a0dc3a7b3815e	crates/veln-stdlib/veln/http2/core_test.veln#test local_settings_send_preserves_order_policy_offsets_and_ack_fifo(
stdout	case.toml:stdout:130	577f31714f58fbba8a37087da0a937e64e1397365151462bc9820c569084eb98	993080db9885ad1bdd438a39a4d6cfee8fa6b65b0f3dd594da0a0dc3a7b3815e	crates/veln-stdlib/veln/http2/core_test.veln#test local_settings_send_preserves_order_policy_offsets_and_ack_fifo(
stdout	case.toml:stdout:131	d78c8015af171506dad444a21bbf68c3cbcf6f5b6b9dad49eabf713b36424973	993080db9885ad1bdd438a39a4d6cfee8fa6b65b0f3dd594da0a0dc3a7b3815e	crates/veln-stdlib/veln/http2/core_test.veln#test local_settings_send_preserves_order_policy_offsets_and_ack_fifo(
stdout	case.toml:stdout:132	81be859a38c8af67712844d9449c5b6a6282e2c3d9e1cc07819d0e0974b9b644	12bead05f88e70ebbf12c2adb54c413fba72833c2a92db05e30c8d3920359039	examples/specification/run/http2-core-local-settings-send/case.toml#http2.peer_limit.settings_value_out_of_range
stdout	case.toml:stdout:133	06493dcfc1eaeaddcbe35deaac80aac6fa892c85c08e52f776a07a9f6951939d	993080db9885ad1bdd438a39a4d6cfee8fa6b65b0f3dd594da0a0dc3a7b3815e	crates/veln-stdlib/veln/http2/core_test.veln#test local_settings_send_preserves_order_policy_offsets_and_ack_fifo(
stdout	case.toml:stdout:134	ea7c24806a41d50ae340a7b066ea2774cd53ee5c2ef6d762ac41ebd9fb48bb01	993080db9885ad1bdd438a39a4d6cfee8fa6b65b0f3dd594da0a0dc3a7b3815e	crates/veln-stdlib/veln/http2/core_test.veln#test local_settings_send_preserves_order_policy_offsets_and_ack_fifo(
stdout	case.toml:stdout:135	b6bee835412627111e5f1f4eaf67d854f7da675c23b7962acaf5fa142b54ed0a	993080db9885ad1bdd438a39a4d6cfee8fa6b65b0f3dd594da0a0dc3a7b3815e	crates/veln-stdlib/veln/http2/core_test.veln#test local_settings_send_preserves_order_policy_offsets_and_ack_fifo(
stdout	case.toml:stdout:136	e3ad5a2f76d76de822573454c3d2eff23117f30a8d4d3919db7150753693fd66	993080db9885ad1bdd438a39a4d6cfee8fa6b65b0f3dd594da0a0dc3a7b3815e	crates/veln-stdlib/veln/http2/core_test.veln#test local_settings_send_preserves_order_policy_offsets_and_ack_fifo(
stdout	case.toml:stdout:137	ab3c54c2f960b4e0bd11cd3089ebfd64115bf5b357916106c6cadcf4e41468bf	993080db9885ad1bdd438a39a4d6cfee8fa6b65b0f3dd594da0a0dc3a7b3815e	crates/veln-stdlib/veln/http2/core_test.veln#test local_settings_send_preserves_order_policy_offsets_and_ack_fifo(
stdout	case.toml:stdout:138	cfbedc949b80194d6441929ed6e44de9b2e14e4bc15bfe2f857a33c8ac5fa193	993080db9885ad1bdd438a39a4d6cfee8fa6b65b0f3dd594da0a0dc3a7b3815e	crates/veln-stdlib/veln/http2/core_test.veln#test local_settings_send_preserves_order_policy_offsets_and_ack_fifo(
stdout	case.toml:stdout:139	3509a350b8f7420994f4b7630ab96141e88a84d974acb04d74ea5e2178465471	993080db9885ad1bdd438a39a4d6cfee8fa6b65b0f3dd594da0a0dc3a7b3815e	crates/veln-stdlib/veln/http2/core_test.veln#test local_settings_send_preserves_order_policy_offsets_and_ack_fifo(
stdout	case.toml:stdout:140	1b8bb32c27cc85e4a16916b79e794675973699fbd748abc0e45d72add445da6b	993080db9885ad1bdd438a39a4d6cfee8fa6b65b0f3dd594da0a0dc3a7b3815e	crates/veln-stdlib/veln/http2/core_test.veln#test local_settings_send_preserves_order_policy_offsets_and_ack_fifo(
stdout	case.toml:stdout:141	c4d25d174ede78410eba9ae7d31d2cb9540541c502664ee922d9f83458ddd512	993080db9885ad1bdd438a39a4d6cfee8fa6b65b0f3dd594da0a0dc3a7b3815e	crates/veln-stdlib/veln/http2/core_test.veln#test local_settings_send_preserves_order_policy_offsets_and_ack_fifo(
stdout	case.toml:stdout:142	2269e4046086b05af4792d15564dca54e72e3ec6945391e468e2789d29853573	993080db9885ad1bdd438a39a4d6cfee8fa6b65b0f3dd594da0a0dc3a7b3815e	crates/veln-stdlib/veln/http2/core_test.veln#test local_settings_send_preserves_order_policy_offsets_and_ack_fifo(
stdout	case.toml:stdout:143	0638745c3c5a3f606a599a9a5d79b242a3b13d8f61f32ebcbf8da5f57aac6fc9	993080db9885ad1bdd438a39a4d6cfee8fa6b65b0f3dd594da0a0dc3a7b3815e	crates/veln-stdlib/veln/http2/core_test.veln#test local_settings_send_preserves_order_policy_offsets_and_ack_fifo(
stdout	case.toml:stdout:144	7cb4e5fa1520de31c65f48db6849e77eed11c0fd7161552d22b68d584c4e3736	993080db9885ad1bdd438a39a4d6cfee8fa6b65b0f3dd594da0a0dc3a7b3815e	crates/veln-stdlib/veln/http2/core_test.veln#test local_settings_send_preserves_order_policy_offsets_and_ack_fifo(
stdout	case.toml:stdout:145	10082efce506e662d1b82b64abf5d2fffdfe6c8088f035257ab4498c898d56dd	993080db9885ad1bdd438a39a4d6cfee8fa6b65b0f3dd594da0a0dc3a7b3815e	crates/veln-stdlib/veln/http2/core_test.veln#test local_settings_send_preserves_order_policy_offsets_and_ack_fifo(
stdout	case.toml:stdout:146	0adc9e4be635b89f330ba54c3ee976b0f6e159aa2e318a80c7afa9165f8b6b52	993080db9885ad1bdd438a39a4d6cfee8fa6b65b0f3dd594da0a0dc3a7b3815e	crates/veln-stdlib/veln/http2/core_test.veln#test local_settings_send_preserves_order_policy_offsets_and_ack_fifo(
stdout	case.toml:stdout:147	b4174d92aaf8520ded95cb57537bc7200e635bd35494a9299cbcbf7a387767fe	12bead05f88e70ebbf12c2adb54c413fba72833c2a92db05e30c8d3920359039	examples/specification/run/http2-core-local-settings-send/case.toml#http2.peer_limit.settings_value_out_of_range
stdout	case.toml:stdout:148	c08eed8eba90ebfb44b37a098baaa98642ebb0e233feeccaa1f241c9cb6a6336	993080db9885ad1bdd438a39a4d6cfee8fa6b65b0f3dd594da0a0dc3a7b3815e	crates/veln-stdlib/veln/http2/core_test.veln#test local_settings_send_preserves_order_policy_offsets_and_ack_fifo(
stdout	case.toml:stdout:149	5fee8a93db4d368322c948de06948a498ff3a072acd17086aa0d08cb61c72112	c9cdc2a6ac32b5b594efce5d43c3e1ce111e2526f8c76208d94dbb009754e7da	crates/veln-stdlib/veln/http2/core_test.veln#test outbound_request_headers_send_emits_hpack_bytes_and_creates_stream(
stdout	case.toml:stdout:150	bcceccd9d4245a60749f2ca4e2cc1b59325568afbbe642b59ff3e3ded140b168	12bead05f88e70ebbf12c2adb54c413fba72833c2a92db05e30c8d3920359039	examples/specification/run/http2-core-local-settings-send/case.toml#http2.peer_limit.settings_value_out_of_range
stdout	case.toml:stdout:151	6f48837908d833bb169efd475c581bf753ab8894b5e58c410a381b446be2cea2	993080db9885ad1bdd438a39a4d6cfee8fa6b65b0f3dd594da0a0dc3a7b3815e	crates/veln-stdlib/veln/http2/core_test.veln#test local_settings_send_preserves_order_policy_offsets_and_ack_fifo(
stdout	case.toml:stdout:152	041aeeb3a87ef720a614163c9022ab1348617db2b71952db3f9ea68e9720eb16	993080db9885ad1bdd438a39a4d6cfee8fa6b65b0f3dd594da0a0dc3a7b3815e	crates/veln-stdlib/veln/http2/core_test.veln#test local_settings_send_preserves_order_policy_offsets_and_ack_fifo(
stdout	case.toml:stdout:153	2b5fe21d89e6f70b4cd048f8289b87e005dc7309e1ca96c071a45c748750218c	12bead05f88e70ebbf12c2adb54c413fba72833c2a92db05e30c8d3920359039	examples/specification/run/http2-core-local-settings-send/case.toml#http2.peer_limit.settings_value_out_of_range
stdout	case.toml:stdout:154	facf19cd4acd5ce31e13f5f04ef087ff5b2f92d8f4cd9f52f4bc264a5bf38d2a	993080db9885ad1bdd438a39a4d6cfee8fa6b65b0f3dd594da0a0dc3a7b3815e	crates/veln-stdlib/veln/http2/core_test.veln#test local_settings_send_preserves_order_policy_offsets_and_ack_fifo(
stdout	case.toml:stdout:155	4e7b70fab6a09c9f36325e1e89480f2d0996f5eeb365f53c3815f1e66e89fcb3	993080db9885ad1bdd438a39a4d6cfee8fa6b65b0f3dd594da0a0dc3a7b3815e	crates/veln-stdlib/veln/http2/core_test.veln#test local_settings_send_preserves_order_policy_offsets_and_ack_fifo(
stdout	case.toml:stdout:156	a73841ad91a73bf75fafbe9522174af44f8f1f3d5fa0d55c272ed2aabc42cc92	12bead05f88e70ebbf12c2adb54c413fba72833c2a92db05e30c8d3920359039	examples/specification/run/http2-core-local-settings-send/case.toml#http2.peer_limit.settings_value_out_of_range
stdout	case.toml:stdout:157	01f9e912db51d05ae01d2c272b95f9dd4950a154f34b462b8a19ffd9f2a6e4c8	993080db9885ad1bdd438a39a4d6cfee8fa6b65b0f3dd594da0a0dc3a7b3815e	crates/veln-stdlib/veln/http2/core_test.veln#test local_settings_send_preserves_order_policy_offsets_and_ack_fifo(
stdout	case.toml:stdout:158	7deecd486a14fcd8de3699e6b636fcb5a5eef82014d0dc076c40d32aaaeb002d	c9cdc2a6ac32b5b594efce5d43c3e1ce111e2526f8c76208d94dbb009754e7da	crates/veln-stdlib/veln/http2/core_test.veln#test outbound_request_headers_send_emits_hpack_bytes_and_creates_stream(
stdout	case.toml:stdout:159	7beeed3197077089e2b5beb36b3fd921bba4c80c549895c6d21809f2c8756ce2	c9cdc2a6ac32b5b594efce5d43c3e1ce111e2526f8c76208d94dbb009754e7da	crates/veln-stdlib/veln/http2/core_test.veln#test outbound_request_headers_send_emits_hpack_bytes_and_creates_stream(
stdout	case.toml:stdout:160	4801fadf0de32e2eb230a30bc58f7c5a9677774e4291494d3882cd5889453d83	993080db9885ad1bdd438a39a4d6cfee8fa6b65b0f3dd594da0a0dc3a7b3815e	crates/veln-stdlib/veln/http2/core_test.veln#test local_settings_send_preserves_order_policy_offsets_and_ack_fifo(
stdout	case.toml:stdout:161	5e3522c5039a1d7866011fe82db3254693f76031e19cf8e3e0deb7f6f7f64325	993080db9885ad1bdd438a39a4d6cfee8fa6b65b0f3dd594da0a0dc3a7b3815e	crates/veln-stdlib/veln/http2/core_test.veln#test local_settings_send_preserves_order_policy_offsets_and_ack_fifo(
stdout	case.toml:stdout:162	8a025f2feb99f1233bf4819cb115fd822c0ac6b27081002762d96babedc13216	993080db9885ad1bdd438a39a4d6cfee8fa6b65b0f3dd594da0a0dc3a7b3815e	crates/veln-stdlib/veln/http2/core_test.veln#test local_settings_send_preserves_order_policy_offsets_and_ack_fifo(
stdout	case.toml:stdout:163	60da9b9220b5e23e303dfd6be3324a49f2bad12315bcb77415b51096d9d3bd06	993080db9885ad1bdd438a39a4d6cfee8fa6b65b0f3dd594da0a0dc3a7b3815e	crates/veln-stdlib/veln/http2/core_test.veln#test local_settings_send_preserves_order_policy_offsets_and_ack_fifo(
stdout	case.toml:stdout:164	3d1f40cd623ba8c73a1aac252f1aac00d8d8786424260ce84ea65b4c30186e3d	c9cdc2a6ac32b5b594efce5d43c3e1ce111e2526f8c76208d94dbb009754e7da	crates/veln-stdlib/veln/http2/core_test.veln#test outbound_request_headers_send_emits_hpack_bytes_and_creates_stream(
stdout	case.toml:stdout:165	5b5fab418100883b7252c18832d38492a0b9d946f19f32b9a057ae75282d2d28	12bead05f88e70ebbf12c2adb54c413fba72833c2a92db05e30c8d3920359039	examples/specification/run/http2-core-local-settings-send/case.toml#http2.peer_limit.settings_value_out_of_range
stdout	case.toml:stdout:166	6e0c6ca778f1c4fe15c3e331c38f9465d35abf2fd7db3f63032c09d800405aa3	e3fd7bcb4f295de2d9ef373d0a3f032f2c2c0452205731daea5516803cf5d24c	crates/veln-stdlib/veln/http2/core_test.veln#test peer_stream_admission_rejects_non_increasing_stream_ids_without_next_state(
stdout	case.toml:stdout:167	9ecc24ff10dfcab18239a173647aa3469c3fb0cbede57fbe2dd6f03d2a1e42b6	e3fd7bcb4f295de2d9ef373d0a3f032f2c2c0452205731daea5516803cf5d24c	crates/veln-stdlib/veln/http2/core_test.veln#test peer_stream_admission_rejects_non_increasing_stream_ids_without_next_state(
stdout	case.toml:stdout:168	e19f4e6dc4454d2f9a5bdb927a1de328e881d87ae74b5154c3dde92c6360963a	e3fd7bcb4f295de2d9ef373d0a3f032f2c2c0452205731daea5516803cf5d24c	crates/veln-stdlib/veln/http2/core_test.veln#test peer_stream_admission_rejects_non_increasing_stream_ids_without_next_state(
stdout	case.toml:stdout:169	9a00c758edf19fea0e301e3f1ec170541cfc6097b8bd990066f7ba69d4a7be98	e3fd7bcb4f295de2d9ef373d0a3f032f2c2c0452205731daea5516803cf5d24c	crates/veln-stdlib/veln/http2/core_test.veln#test peer_stream_admission_rejects_non_increasing_stream_ids_without_next_state(
stdout	case.toml:stdout:170	0d674b155d30d1b0c6c307e83b1312f055f3cacde4ea109f4c937625f10a71a0	993080db9885ad1bdd438a39a4d6cfee8fa6b65b0f3dd594da0a0dc3a7b3815e	crates/veln-stdlib/veln/http2/core_test.veln#test local_settings_send_preserves_order_policy_offsets_and_ack_fifo(
stdout	case.toml:stdout:171	420af86a6b70f53ddfeba417b0b0289f62bc40ab6bca2513170bc56466d15e9d	993080db9885ad1bdd438a39a4d6cfee8fa6b65b0f3dd594da0a0dc3a7b3815e	crates/veln-stdlib/veln/http2/core_test.veln#test local_settings_send_preserves_order_policy_offsets_and_ack_fifo(
stdout	case.toml:stdout:172	eceebee82fb10de662e837078de1ef352a9dfda34c8e48996504a407e18368fe	e3fd7bcb4f295de2d9ef373d0a3f032f2c2c0452205731daea5516803cf5d24c	crates/veln-stdlib/veln/http2/core_test.veln#test peer_stream_admission_rejects_non_increasing_stream_ids_without_next_state(
stdout	case.toml:stdout:173	3bb6bd1fd6e759f3251e2f816603f11752be2510a824292f9e4d70a542806690	e3fd7bcb4f295de2d9ef373d0a3f032f2c2c0452205731daea5516803cf5d24c	crates/veln-stdlib/veln/http2/core_test.veln#test peer_stream_admission_rejects_non_increasing_stream_ids_without_next_state(
stdout	case.toml:stdout:174	ab254f69f0b5dc537c616a50064477463253d478b9f8b2c6a508f79edb8b6ebb	993080db9885ad1bdd438a39a4d6cfee8fa6b65b0f3dd594da0a0dc3a7b3815e	crates/veln-stdlib/veln/http2/core_test.veln#test local_settings_send_preserves_order_policy_offsets_and_ack_fifo(
stdout	case.toml:stdout:175	0ab45b9e5d183ce9127ee846c436b4e4d3aacf02bf1895c748ee81cc9475cea3	e3fd7bcb4f295de2d9ef373d0a3f032f2c2c0452205731daea5516803cf5d24c	crates/veln-stdlib/veln/http2/core_test.veln#test peer_stream_admission_rejects_non_increasing_stream_ids_without_next_state(
stdout	case.toml:stdout:176	740f6622c25009be495cd56e7af8fae151dfe96833dc3ceb7958b4bab0e5c821	e3fd7bcb4f295de2d9ef373d0a3f032f2c2c0452205731daea5516803cf5d24c	crates/veln-stdlib/veln/http2/core_test.veln#test peer_stream_admission_rejects_non_increasing_stream_ids_without_next_state(
stdout	case.toml:stdout:177	2f659f4194bbc52762d4b69ac83708b9d3ba8b53129931c4529d0f2935066c29	e3fd7bcb4f295de2d9ef373d0a3f032f2c2c0452205731daea5516803cf5d24c	crates/veln-stdlib/veln/http2/core_test.veln#test peer_stream_admission_rejects_non_increasing_stream_ids_without_next_state(
stdout	case.toml:stdout:178	bd86e99cf32eebb54d8f1ca8d529c0671026a801cd5df10ec7f858853b997963	993080db9885ad1bdd438a39a4d6cfee8fa6b65b0f3dd594da0a0dc3a7b3815e	crates/veln-stdlib/veln/http2/core_test.veln#test local_settings_send_preserves_order_policy_offsets_and_ack_fifo(
stdout	case.toml:stdout:179	cc3c9c2cde730757f04e4b0167cde68105ad95b2efdde6aff365d496b7ecd8a2	993080db9885ad1bdd438a39a4d6cfee8fa6b65b0f3dd594da0a0dc3a7b3815e	crates/veln-stdlib/veln/http2/core_test.veln#test local_settings_send_preserves_order_policy_offsets_and_ack_fifo(
stdout	case.toml:stdout:180	1eee9034d9efb026fc8bee0c921a375269db8e16521bd44ac81500d68e6010ba	993080db9885ad1bdd438a39a4d6cfee8fa6b65b0f3dd594da0a0dc3a7b3815e	crates/veln-stdlib/veln/http2/core_test.veln#test local_settings_send_preserves_order_policy_offsets_and_ack_fifo(
stdout	case.toml:stdout:181	a0833e0d86da6cab07bcf4bcf80a67759bae782e7abbfcc440bcb33724ce6cab	993080db9885ad1bdd438a39a4d6cfee8fa6b65b0f3dd594da0a0dc3a7b3815e	crates/veln-stdlib/veln/http2/core_test.veln#test local_settings_send_preserves_order_policy_offsets_and_ack_fifo(
stdout	case.toml:stdout:182	e187e9b19e4a4ddbf99d2e5dfc54336a9c81eae217967bb334f9da56d8fa8090	12bead05f88e70ebbf12c2adb54c413fba72833c2a92db05e30c8d3920359039	examples/specification/run/http2-core-local-settings-send/case.toml#http2.peer_limit.settings_value_out_of_range
stdout	case.toml:stdout:183	987b4b32f9d935c32b40f8e46fd8dacdae21067c4d0e77d19047d9533420fad0	993080db9885ad1bdd438a39a4d6cfee8fa6b65b0f3dd594da0a0dc3a7b3815e	crates/veln-stdlib/veln/http2/core_test.veln#test local_settings_send_preserves_order_policy_offsets_and_ack_fifo(
stdout	case.toml:stdout:184	fbc2110d51d9a64ef391e7265279363ca6012aa509ef12a66cd27c12f10cae46	993080db9885ad1bdd438a39a4d6cfee8fa6b65b0f3dd594da0a0dc3a7b3815e	crates/veln-stdlib/veln/http2/core_test.veln#test local_settings_send_preserves_order_policy_offsets_and_ack_fifo(
stdout	case.toml:stdout:185	be607de679bfe9dce3a2e39478301481ed19dd0f5755a9d2adb032c30603de59	12bead05f88e70ebbf12c2adb54c413fba72833c2a92db05e30c8d3920359039	examples/specification/run/http2-core-local-settings-send/case.toml#http2.peer_limit.settings_value_out_of_range
stdout	case.toml:stdout:186	a15cde9b89a23f5c38e4a1e29b08d53c71e9e5cfa5809bf3fda394590e7208c8	993080db9885ad1bdd438a39a4d6cfee8fa6b65b0f3dd594da0a0dc3a7b3815e	crates/veln-stdlib/veln/http2/core_test.veln#test local_settings_send_preserves_order_policy_offsets_and_ack_fifo(
stdout	case.toml:stdout:187	c1de18c24d1dd3a9f3ec8bbd8044d80c0e77842507d6c8152ac747f9ec4cd4dd	993080db9885ad1bdd438a39a4d6cfee8fa6b65b0f3dd594da0a0dc3a7b3815e	crates/veln-stdlib/veln/http2/core_test.veln#test local_settings_send_preserves_order_policy_offsets_and_ack_fifo(
stdout	case.toml:stdout:188	3025a7b2e5352672ce08f54962d562ea1445739f15105fa9af355146c7487ccd	993080db9885ad1bdd438a39a4d6cfee8fa6b65b0f3dd594da0a0dc3a7b3815e	crates/veln-stdlib/veln/http2/core_test.veln#test local_settings_send_preserves_order_policy_offsets_and_ack_fifo(
stdout	case.toml:stdout:189	5606f9d8c946307272175074fde089b6cb219beb9aef527ff571182b46af2d3d	993080db9885ad1bdd438a39a4d6cfee8fa6b65b0f3dd594da0a0dc3a7b3815e	crates/veln-stdlib/veln/http2/core_test.veln#test local_settings_send_preserves_order_policy_offsets_and_ack_fifo(
stdout	case.toml:stdout:190	ddf358c362e274972d0c7ef0cc1fd15779ca2ebfa17fa2613621f74cb0962e91	993080db9885ad1bdd438a39a4d6cfee8fa6b65b0f3dd594da0a0dc3a7b3815e	crates/veln-stdlib/veln/http2/core_test.veln#test local_settings_send_preserves_order_policy_offsets_and_ack_fifo(
stdout	case.toml:stdout:191	bad1d9d203b798a7f66014b96b5b12793c816c0c622dacdace90098b2d728b3b	993080db9885ad1bdd438a39a4d6cfee8fa6b65b0f3dd594da0a0dc3a7b3815e	crates/veln-stdlib/veln/http2/core_test.veln#test local_settings_send_preserves_order_policy_offsets_and_ack_fifo(
stdout	case.toml:stdout:192	22bc5db6200b1acc886ef7cca91331fc1517864074b8e04b1a3af048baa38f6a	993080db9885ad1bdd438a39a4d6cfee8fa6b65b0f3dd594da0a0dc3a7b3815e	crates/veln-stdlib/veln/http2/core_test.veln#test local_settings_send_preserves_order_policy_offsets_and_ack_fifo(
stdout	case.toml:stdout:193	bf51faa3e3c5f15323c59b923031cc3342e628bc7c82315eb3ded168ef86e87d	993080db9885ad1bdd438a39a4d6cfee8fa6b65b0f3dd594da0a0dc3a7b3815e	crates/veln-stdlib/veln/http2/core_test.veln#test local_settings_send_preserves_order_policy_offsets_and_ack_fifo(
stdout	case.toml:stdout:194	d6e4ffe325613a5a7bb04440c7547da3bf49294403a65e9c509a319dba1e0252	12bead05f88e70ebbf12c2adb54c413fba72833c2a92db05e30c8d3920359039	examples/specification/run/http2-core-local-settings-send/case.toml#http2.peer_limit.settings_value_out_of_range
stdout	case.toml:stdout:195	0de9ef6a0e253995f647079de3ab2442e035547ce68446147fc7ac93ab33e73a	993080db9885ad1bdd438a39a4d6cfee8fa6b65b0f3dd594da0a0dc3a7b3815e	crates/veln-stdlib/veln/http2/core_test.veln#test local_settings_send_preserves_order_policy_offsets_and_ack_fifo(
stdout	case.toml:stdout:196	288b4de91556ef3265fd63e5cc690a1ed78d9a0a3088bb43868084760a6b9ba9	993080db9885ad1bdd438a39a4d6cfee8fa6b65b0f3dd594da0a0dc3a7b3815e	crates/veln-stdlib/veln/http2/core_test.veln#test local_settings_send_preserves_order_policy_offsets_and_ack_fifo(
stdout	case.toml:stdout:197	ffa78e8c6979429afe3fa0cc2191c757b1f015afa298682e87f54dbff10acec8	993080db9885ad1bdd438a39a4d6cfee8fa6b65b0f3dd594da0a0dc3a7b3815e	crates/veln-stdlib/veln/http2/core_test.veln#test local_settings_send_preserves_order_policy_offsets_and_ack_fifo(
stdout	case.toml:stdout:198	a6e89f16a91389da83f94edc642b6b43577ebb8aa491da5c11e27904d55c2d9c	993080db9885ad1bdd438a39a4d6cfee8fa6b65b0f3dd594da0a0dc3a7b3815e	crates/veln-stdlib/veln/http2/core_test.veln#test local_settings_send_preserves_order_policy_offsets_and_ack_fifo(
stdout	case.toml:stdout:199	3f2751b9fc0e8d5036cd01c73490068db2e662ea4238d8287fabf9af09492cd0	993080db9885ad1bdd438a39a4d6cfee8fa6b65b0f3dd594da0a0dc3a7b3815e	crates/veln-stdlib/veln/http2/core_test.veln#test local_settings_send_preserves_order_policy_offsets_and_ack_fifo(
stdout	case.toml:stdout:200	5aaae8f42609d102ee80da307efbb90630913fe792f894a9485ecd448d2d63ce	993080db9885ad1bdd438a39a4d6cfee8fa6b65b0f3dd594da0a0dc3a7b3815e	crates/veln-stdlib/veln/http2/core_test.veln#test local_settings_send_preserves_order_policy_offsets_and_ack_fifo(
stdout	case.toml:stdout:201	5557655472d560539707e35eefa8f39d05dae6b9b6fe52cbcdbec5daa3b0c28b	993080db9885ad1bdd438a39a4d6cfee8fa6b65b0f3dd594da0a0dc3a7b3815e	crates/veln-stdlib/veln/http2/core_test.veln#test local_settings_send_preserves_order_policy_offsets_and_ack_fifo(
stdout	case.toml:stdout:202	1af80f7d14c3103c365d71726703d306e7071ff550872bbac5c1a8bfde60e216	993080db9885ad1bdd438a39a4d6cfee8fa6b65b0f3dd594da0a0dc3a7b3815e	crates/veln-stdlib/veln/http2/core_test.veln#test local_settings_send_preserves_order_policy_offsets_and_ack_fifo(
stdout	case.toml:stdout:203	a59a91f561fa6ce1192be045995b99687bb615633c693f7980f53d7207994b70	12bead05f88e70ebbf12c2adb54c413fba72833c2a92db05e30c8d3920359039	examples/specification/run/http2-core-local-settings-send/case.toml#http2.peer_limit.settings_value_out_of_range
stdout	case.toml:stdout:204	5ef996dfeb64751a78c6cb88ab8048747f02755e1c6d525b5baf93e89d7e8587	c9cdc2a6ac32b5b594efce5d43c3e1ce111e2526f8c76208d94dbb009754e7da	crates/veln-stdlib/veln/http2/core_test.veln#test outbound_request_headers_send_emits_hpack_bytes_and_creates_stream(
stdout	case.toml:stdout:205	09b107d69e6322dc3eda03075533df8e6f8964ad8b58b7eb76723391462b545b	993080db9885ad1bdd438a39a4d6cfee8fa6b65b0f3dd594da0a0dc3a7b3815e	crates/veln-stdlib/veln/http2/core_test.veln#test local_settings_send_preserves_order_policy_offsets_and_ack_fifo(
stdout	case.toml:stdout:206	7e7a8cc3db00b3a8c4a374669b3892f5111c780f92bc12010721af80adc10e58	993080db9885ad1bdd438a39a4d6cfee8fa6b65b0f3dd594da0a0dc3a7b3815e	crates/veln-stdlib/veln/http2/core_test.veln#test local_settings_send_preserves_order_policy_offsets_and_ack_fifo(
stdout	case.toml:stdout:207	4ef9b1afbef3f5ad0fb1216fafa09dc5a6fc06af170643d17cad24444dd90dd9	c9cdc2a6ac32b5b594efce5d43c3e1ce111e2526f8c76208d94dbb009754e7da	crates/veln-stdlib/veln/http2/core_test.veln#test outbound_request_headers_send_emits_hpack_bytes_and_creates_stream(
stdout	case.toml:stdout:208	b5c7b0cdf6668723f4df5b7591a28ad8330f13d6f45a78833f4e1ea711879dcb	c9cdc2a6ac32b5b594efce5d43c3e1ce111e2526f8c76208d94dbb009754e7da	crates/veln-stdlib/veln/http2/core_test.veln#test outbound_request_headers_send_emits_hpack_bytes_and_creates_stream(
stdout	case.toml:stdout:209	262b13dc1d8602fd4d0ee3bb7afcf6ea234f9a17318a77ddef4df6e3975751a0	c9cdc2a6ac32b5b594efce5d43c3e1ce111e2526f8c76208d94dbb009754e7da	crates/veln-stdlib/veln/http2/core_test.veln#test outbound_request_headers_send_emits_hpack_bytes_and_creates_stream(
stdout	case.toml:stdout:210	792547872c67d777bd451bf7a79e7008849b4c257561981fdf1c5302d73d8d1c	c9cdc2a6ac32b5b594efce5d43c3e1ce111e2526f8c76208d94dbb009754e7da	crates/veln-stdlib/veln/http2/core_test.veln#test outbound_request_headers_send_emits_hpack_bytes_and_creates_stream(
stdout	case.toml:stdout:211	9b64bf1ccc55385f4900aca095ce84c9ed31f0a1f37125dae856d7950c3d5368	993080db9885ad1bdd438a39a4d6cfee8fa6b65b0f3dd594da0a0dc3a7b3815e	crates/veln-stdlib/veln/http2/core_test.veln#test local_settings_send_preserves_order_policy_offsets_and_ack_fifo(
stdout	case.toml:stdout:212	28d782fe2dfaaa139c482cc437045ada7f4efafd457716062fb59ee687286e4e	12bead05f88e70ebbf12c2adb54c413fba72833c2a92db05e30c8d3920359039	examples/specification/run/http2-core-local-settings-send/case.toml#http2.peer_limit.settings_value_out_of_range
stdout	case.toml:stdout:213	89c9eda7d567483e90aeae6499c2a900e71a0f69454de9c343efd5de3c8c2eb7	993080db9885ad1bdd438a39a4d6cfee8fa6b65b0f3dd594da0a0dc3a7b3815e	crates/veln-stdlib/veln/http2/core_test.veln#test local_settings_send_preserves_order_policy_offsets_and_ack_fifo(
stdout	case.toml:stdout:214	fb78bce31ae20f5b7ec5612ff415444636bfbc4aafe5921ecf209090bcde005d	993080db9885ad1bdd438a39a4d6cfee8fa6b65b0f3dd594da0a0dc3a7b3815e	crates/veln-stdlib/veln/http2/core_test.veln#test local_settings_send_preserves_order_policy_offsets_and_ack_fifo(
stdout	case.toml:stdout:215	c71482201f5236d19852bc000fba7024a79e6b99f625afb075d02da0804940fd	993080db9885ad1bdd438a39a4d6cfee8fa6b65b0f3dd594da0a0dc3a7b3815e	crates/veln-stdlib/veln/http2/core_test.veln#test local_settings_send_preserves_order_policy_offsets_and_ack_fifo(
stdout	case.toml:stdout:216	122e88d6a190baa9b15ac057ec6b9dca7e37d66768daf81c681e38dddb003e38	993080db9885ad1bdd438a39a4d6cfee8fa6b65b0f3dd594da0a0dc3a7b3815e	crates/veln-stdlib/veln/http2/core_test.veln#test local_settings_send_preserves_order_policy_offsets_and_ack_fifo(
stdout	case.toml:stdout:217	ef703a0678bc202865f025494222948b06baa2dfab76e301d954ea962dc50c9b	993080db9885ad1bdd438a39a4d6cfee8fa6b65b0f3dd594da0a0dc3a7b3815e	crates/veln-stdlib/veln/http2/core_test.veln#test local_settings_send_preserves_order_policy_offsets_and_ack_fifo(
stdout	case.toml:stdout:218	95b22d9761da05aba470f9227ff4536db1f0af066bdd5cb23814be6ef41ffff2	993080db9885ad1bdd438a39a4d6cfee8fa6b65b0f3dd594da0a0dc3a7b3815e	crates/veln-stdlib/veln/http2/core_test.veln#test local_settings_send_preserves_order_policy_offsets_and_ack_fifo(
stdout	case.toml:stdout:219	b1158da3551e52d6240fe5fc2cf2fb35b78e40d8253cc396d03680d2d79668cf	993080db9885ad1bdd438a39a4d6cfee8fa6b65b0f3dd594da0a0dc3a7b3815e	crates/veln-stdlib/veln/http2/core_test.veln#test local_settings_send_preserves_order_policy_offsets_and_ack_fifo(
stdout	case.toml:stdout:220	6bb4a5e1411baebc49cfe9326a8290eba529a0cac9d494cbb571270dd19cbb90	993080db9885ad1bdd438a39a4d6cfee8fa6b65b0f3dd594da0a0dc3a7b3815e	crates/veln-stdlib/veln/http2/core_test.veln#test local_settings_send_preserves_order_policy_offsets_and_ack_fifo(
stdout	case.toml:stdout:221	4d06f11604977f5940b0f8c86368c9993e6d70f8b38a87f7a10485173e8cfe02	12bead05f88e70ebbf12c2adb54c413fba72833c2a92db05e30c8d3920359039	examples/specification/run/http2-core-local-settings-send/case.toml#http2.peer_limit.settings_value_out_of_range
stdout	case.toml:stdout:222	7e8103e63975ee42f26af01bb71c2f2153ddfd0d1ae4b36e09a80d1f198bdb63	993080db9885ad1bdd438a39a4d6cfee8fa6b65b0f3dd594da0a0dc3a7b3815e	crates/veln-stdlib/veln/http2/core_test.veln#test local_settings_send_preserves_order_policy_offsets_and_ack_fifo(
stdout	case.toml:stdout:223	78d6975d7ee8bfec930053cb79ffafb507c3bb923ac6b40df38971b02023ebfc	993080db9885ad1bdd438a39a4d6cfee8fa6b65b0f3dd594da0a0dc3a7b3815e	crates/veln-stdlib/veln/http2/core_test.veln#test local_settings_send_preserves_order_policy_offsets_and_ack_fifo(
stdout	case.toml:stdout:224	1ae92d53018949b361f0da06ec347c6323a647a15a58b554e5d7e8e0e8a91fd5	993080db9885ad1bdd438a39a4d6cfee8fa6b65b0f3dd594da0a0dc3a7b3815e	crates/veln-stdlib/veln/http2/core_test.veln#test local_settings_send_preserves_order_policy_offsets_and_ack_fifo(
stdout	case.toml:stdout:225	66a43bac0d120737f5c511cd514298bb8fcd10e2ee42e4cf239c6c4751244373	993080db9885ad1bdd438a39a4d6cfee8fa6b65b0f3dd594da0a0dc3a7b3815e	crates/veln-stdlib/veln/http2/core_test.veln#test local_settings_send_preserves_order_policy_offsets_and_ack_fifo(
stdout	case.toml:stdout:226	caf212d05a3f61e1ace2507afced48e4a93b926e34cc2ec323a245560ec21567	993080db9885ad1bdd438a39a4d6cfee8fa6b65b0f3dd594da0a0dc3a7b3815e	crates/veln-stdlib/veln/http2/core_test.veln#test local_settings_send_preserves_order_policy_offsets_and_ack_fifo(
stdout	case.toml:stdout:227	c99386a61327e5ab2c6c68e12c1c6e8851232854fd7d1a5ab1b2ea5acd29b34d	993080db9885ad1bdd438a39a4d6cfee8fa6b65b0f3dd594da0a0dc3a7b3815e	crates/veln-stdlib/veln/http2/core_test.veln#test local_settings_send_preserves_order_policy_offsets_and_ack_fifo(
stdout	case.toml:stdout:228	1a4d22d9efb23f6c15a846a06d02a2ac95db59fef33838e355394947eb70b1ba	12bead05f88e70ebbf12c2adb54c413fba72833c2a92db05e30c8d3920359039	examples/specification/run/http2-core-local-settings-send/case.toml#http2.peer_limit.settings_value_out_of_range
stdout	case.toml:stdout:229	995c25788a8a3e938e3f578fb1d899e70781fe547d5171dcc1261a6cecc5c66c	993080db9885ad1bdd438a39a4d6cfee8fa6b65b0f3dd594da0a0dc3a7b3815e	crates/veln-stdlib/veln/http2/core_test.veln#test local_settings_send_preserves_order_policy_offsets_and_ack_fifo(
stdout	case.toml:stdout:230	166041d0f15e0680b2ee81c9b5ed689bb0497096eb7873219368065e730a253c	e3fd7bcb4f295de2d9ef373d0a3f032f2c2c0452205731daea5516803cf5d24c	crates/veln-stdlib/veln/http2/core_test.veln#test peer_stream_admission_rejects_non_increasing_stream_ids_without_next_state(
stdout	case.toml:stdout:231	9e57ac36cdeb9c85d86a4068e73e965b4aba389eb402376e95860d199e6a2bf2	e3fd7bcb4f295de2d9ef373d0a3f032f2c2c0452205731daea5516803cf5d24c	crates/veln-stdlib/veln/http2/core_test.veln#test peer_stream_admission_rejects_non_increasing_stream_ids_without_next_state(
stdout	case.toml:stdout:232	2f3a513d56f08f8f3ab8b5bcad642d4b075ff133ec97631264a9dbf933e5a438	9dfb8e096fe7d85c54d588b359968a1c238cf4b376331567a9164f76ab0d09d6	crates/veln-stdlib/veln/http2/core_test.veln#test receive_frame_dispatch_applies_push_promise_with_production_hpack(
stdout	case.toml:stdout:233	63d6d7fb4854f077c3ceb0279e1cd4bc70f3129483866c0cb42c6c007d5d675f	9dfb8e096fe7d85c54d588b359968a1c238cf4b376331567a9164f76ab0d09d6	crates/veln-stdlib/veln/http2/core_test.veln#test receive_frame_dispatch_applies_push_promise_with_production_hpack(
stdout	case.toml:stdout:234	d6e328e51540a0b60f5e5f9c85cdbd8b4d3c3a692e8b0020c78202e8fcf83a41	ee2239b4e89901b5594317adc86b9382b3f25a962080ade95c4075d28ec6c1a3	examples/specification/run/http2-protocol-core-settings-enable-push-role-human/case.toml#http2.protocol.settings_not_allowed_for_endpoint
stdout	case.toml:stdout:235	5b36bfc61a942a8301061f5ac57e1995717eedaa39ea5a0883d49eeaf78a4fb3	9dfb8e096fe7d85c54d588b359968a1c238cf4b376331567a9164f76ab0d09d6	crates/veln-stdlib/veln/http2/core_test.veln#test receive_frame_dispatch_applies_push_promise_with_production_hpack(
stdout	case.toml:stdout:236	f2ce8388e947a997bd60bf7e011423b40885314a67e8c2fa952b09fe1b7923ed	f085e6baa133463c58715773e83a0cf33793f1b823c95493d886244b7f0499dd	crates/veln-stdlib/veln/http2/core_test.veln#test receive_connection_boundary_consumes_preface_initial_settings_and_ping_chunks(
stdout	case.toml:stdout:237	bf4f851ffb28fd3f546df992e23db229b488f045775f0fb12d2bfef2fec46898	f085e6baa133463c58715773e83a0cf33793f1b823c95493d886244b7f0499dd	crates/veln-stdlib/veln/http2/core_test.veln#test receive_connection_boundary_consumes_preface_initial_settings_and_ping_chunks(
stdout	case.toml:stdout:238	9169884268aa2c4f47bebcb704fed9bcbe83e659408651329966e408bc7a2bd9	e3fd7bcb4f295de2d9ef373d0a3f032f2c2c0452205731daea5516803cf5d24c	crates/veln-stdlib/veln/http2/core_test.veln#test peer_stream_admission_rejects_non_increasing_stream_ids_without_next_state(
stdout	case.toml:stdout:239	848135bd82cf06ae73544ec0e7648a15b17875acf11c15be25ed2f5ecc71cdfe	e3fd7bcb4f295de2d9ef373d0a3f032f2c2c0452205731daea5516803cf5d24c	crates/veln-stdlib/veln/http2/core_test.veln#test peer_stream_admission_rejects_non_increasing_stream_ids_without_next_state(
stdout	case.toml:stdout:240	a01614601b672ad9d76e9c235fc40b58be34c69bd8e157f55deb2e64521abf7c	f085e6baa133463c58715773e83a0cf33793f1b823c95493d886244b7f0499dd	crates/veln-stdlib/veln/http2/core_test.veln#test receive_connection_boundary_consumes_preface_initial_settings_and_ping_chunks(
stdout	case.toml:stdout:241	7f73c1522847116642f37450e1087c45c8754b0100d164ffd18bb3b9d78e4d2d	f085e6baa133463c58715773e83a0cf33793f1b823c95493d886244b7f0499dd	crates/veln-stdlib/veln/http2/core_test.veln#test receive_connection_boundary_consumes_preface_initial_settings_and_ping_chunks(
stdout	case.toml:stdout:242	579b8f99d25e6de1fc7706f6a75cf397ed5c516e02093817297adc37fc6537fc	e3fd7bcb4f295de2d9ef373d0a3f032f2c2c0452205731daea5516803cf5d24c	crates/veln-stdlib/veln/http2/core_test.veln#test peer_stream_admission_rejects_non_increasing_stream_ids_without_next_state(
stdout	case.toml:stdout:243	8f69adabebb204bdd6b5be4ca15c575c687ea15f02f52157356248ce01c712af	e3fd7bcb4f295de2d9ef373d0a3f032f2c2c0452205731daea5516803cf5d24c	crates/veln-stdlib/veln/http2/core_test.veln#test peer_stream_admission_rejects_non_increasing_stream_ids_without_next_state(
stdout	case.toml:stdout:244	5427316a01a97e093e4f6a965885b369f522d70e8edbe78109ce365ab781e0f7	9b6559ad31d9c501f812485c5938b4ca902e4017bcaf1a0f74d42a9ff41ec425	crates/veln-stdlib/veln/http2/core_test.veln#test header_list_validation_reports_request_failures_with_context(
stdout	case.toml:stdout:245	4d3537bc52b9c0d8fbf37aead38b30efaa14525bdb209855176c7db01200ea9a	9b6559ad31d9c501f812485c5938b4ca902e4017bcaf1a0f74d42a9ff41ec425	crates/veln-stdlib/veln/http2/core_test.veln#test header_list_validation_reports_request_failures_with_context(
stdout	case.toml:stdout:246	a59c7af210cab5c97350f268cd1bdd727ac5854873bbb722117ca63e7245575f	e3fd7bcb4f295de2d9ef373d0a3f032f2c2c0452205731daea5516803cf5d24c	crates/veln-stdlib/veln/http2/core_test.veln#test peer_stream_admission_rejects_non_increasing_stream_ids_without_next_state(
stdout	case.toml:stdout:247	dbc8afef5bd60db41b087ada2c6f334b5999feccf765e45e38e1de4a7ec3193d	e3fd7bcb4f295de2d9ef373d0a3f032f2c2c0452205731daea5516803cf5d24c	crates/veln-stdlib/veln/http2/core_test.veln#test peer_stream_admission_rejects_non_increasing_stream_ids_without_next_state(
stdout	case.toml:stdout:248	bbc44766a85fe7387420a32a2e3a852f0de5a0fd13ddbed27c2a695ffd8b2c98	e3fd7bcb4f295de2d9ef373d0a3f032f2c2c0452205731daea5516803cf5d24c	crates/veln-stdlib/veln/http2/core_test.veln#test peer_stream_admission_rejects_non_increasing_stream_ids_without_next_state(
stdout	case.toml:stdout:249	d79ac84242b4333747ac0ec6d0b5e80f13c326e0d3eca857d3b1046cf4a93c34	e3fd7bcb4f295de2d9ef373d0a3f032f2c2c0452205731daea5516803cf5d24c	crates/veln-stdlib/veln/http2/core_test.veln#test peer_stream_admission_rejects_non_increasing_stream_ids_without_next_state(
stdout	case.toml:stdout:250	d69448e38a911ae4911763de5db7dd5ed72069c3050d3cd9e07196cccbbe71d3	e3fd7bcb4f295de2d9ef373d0a3f032f2c2c0452205731daea5516803cf5d24c	crates/veln-stdlib/veln/http2/core_test.veln#test peer_stream_admission_rejects_non_increasing_stream_ids_without_next_state(
stdout	case.toml:stdout:251	afc339f93d6814c4f96757656ff2c07f3a8286a110d9db05ad21e967b96c8e14	c9cdc2a6ac32b5b594efce5d43c3e1ce111e2526f8c76208d94dbb009754e7da	crates/veln-stdlib/veln/http2/core_test.veln#test outbound_request_headers_send_emits_hpack_bytes_and_creates_stream(
stdout	case.toml:stdout:252	d6bd82823daf74bfaa15a18406da4e38a3a95e72c1650fb91317458f7ee406d4	c9cdc2a6ac32b5b594efce5d43c3e1ce111e2526f8c76208d94dbb009754e7da	crates/veln-stdlib/veln/http2/core_test.veln#test outbound_request_headers_send_emits_hpack_bytes_and_creates_stream(
stdout	case.toml:stdout:253	dc1d8b4773aca26ff7f93a192fc866b99a5105723b64807e4b9c726d5b89c2c3	e3fd7bcb4f295de2d9ef373d0a3f032f2c2c0452205731daea5516803cf5d24c	crates/veln-stdlib/veln/http2/core_test.veln#test peer_stream_admission_rejects_non_increasing_stream_ids_without_next_state(
stdout	case.toml:stdout:254	86fb3849bff66f81ac9e5281ff400e8d259076d043149df0df002e953bf39678	e3fd7bcb4f295de2d9ef373d0a3f032f2c2c0452205731daea5516803cf5d24c	crates/veln-stdlib/veln/http2/core_test.veln#test peer_stream_admission_rejects_non_increasing_stream_ids_without_next_state(
stdout	case.toml:stdout:255	69cd8a8332efa58dc431647ca6eb640ebc49ad0a80a342be44f2598bed9fe753	e3fd7bcb4f295de2d9ef373d0a3f032f2c2c0452205731daea5516803cf5d24c	crates/veln-stdlib/veln/http2/core_test.veln#test peer_stream_admission_rejects_non_increasing_stream_ids_without_next_state(
stdout	case.toml:stdout:256	b6dd814db0ad9ef1d988a6692243fa73f8ada5d94ddb2790e407710d57ab20df	c9cdc2a6ac32b5b594efce5d43c3e1ce111e2526f8c76208d94dbb009754e7da	crates/veln-stdlib/veln/http2/core_test.veln#test outbound_request_headers_send_emits_hpack_bytes_and_creates_stream(
stdout	case.toml:stdout:257	13b5b98f75351a768d810d0259cd60468dffb3f14cafd87673dcabe1a0433e55	c9cdc2a6ac32b5b594efce5d43c3e1ce111e2526f8c76208d94dbb009754e7da	crates/veln-stdlib/veln/http2/core_test.veln#test outbound_request_headers_send_emits_hpack_bytes_and_creates_stream(
stdout	case.toml:stdout:258	c4fe5665e7662cae76eefbdbb96db87b7ad1dc2c5b1fd72704a0955299b93bec	e3fd7bcb4f295de2d9ef373d0a3f032f2c2c0452205731daea5516803cf5d24c	crates/veln-stdlib/veln/http2/core_test.veln#test peer_stream_admission_rejects_non_increasing_stream_ids_without_next_state(
stdout	case.toml:stdout:259	a8aecbcdfceb64e329e239a87eb9a24a31b5aecf8325cd7b8cd4383242f3d3ab	e3fd7bcb4f295de2d9ef373d0a3f032f2c2c0452205731daea5516803cf5d24c	crates/veln-stdlib/veln/http2/core_test.veln#test peer_stream_admission_rejects_non_increasing_stream_ids_without_next_state(
stdout	case.toml:stdout:260	c7f9649dc6f4728e4444e6a2f9af1304ae10468fb1b78097de06c5d2b20d6d88	c9cdc2a6ac32b5b594efce5d43c3e1ce111e2526f8c76208d94dbb009754e7da	crates/veln-stdlib/veln/http2/core_test.veln#test outbound_request_headers_send_emits_hpack_bytes_and_creates_stream(
stdout	case.toml:stdout:261	111ba8d2b27cefbdf376fbf6f0bdb17fedfad6838e32050bcc39cc04cc27a61d	c9cdc2a6ac32b5b594efce5d43c3e1ce111e2526f8c76208d94dbb009754e7da	crates/veln-stdlib/veln/http2/core_test.veln#test outbound_request_headers_send_emits_hpack_bytes_and_creates_stream(
stdout	case.toml:stdout:262	e8cd5298c332d4ec9b65b40c861babcb4c6173aa4caf17b010ef3919c1de7433	d5418e062cec915a0af7fa69f8ea17cbedb2bacd566283b2be19216a87d6c4e1	crates/veln-stdlib/veln/http2/hpack_test.veln#test header_block_decoder_preserves_order_octets_and_dynamic_transitions(
stdout	case.toml:stdout:263	965ada407a8e6b8818e730e7526745fd92aace209b311b43e465cdd5b7f3af76	e3fd7bcb4f295de2d9ef373d0a3f032f2c2c0452205731daea5516803cf5d24c	crates/veln-stdlib/veln/http2/core_test.veln#test peer_stream_admission_rejects_non_increasing_stream_ids_without_next_state(
stdout	case.toml:stdout:264	fb5b0c85350bed130dce346958929bc0f003c50229a57b46a5bf7a9aab1c068b	e3fd7bcb4f295de2d9ef373d0a3f032f2c2c0452205731daea5516803cf5d24c	crates/veln-stdlib/veln/http2/core_test.veln#test peer_stream_admission_rejects_non_increasing_stream_ids_without_next_state(
stdout	case.toml:stdout:265	6a2cd87acc4c66d66f348c552306719a30966156afad66eb31b7098670468336	e3fd7bcb4f295de2d9ef373d0a3f032f2c2c0452205731daea5516803cf5d24c	crates/veln-stdlib/veln/http2/core_test.veln#test peer_stream_admission_rejects_non_increasing_stream_ids_without_next_state(
stdout	case.toml:stdout:266	dd18781cc25d9b3b6adcbeb1f6e3cfeff8c981b73b2c5f83684d30e51ddb7f13	e3fd7bcb4f295de2d9ef373d0a3f032f2c2c0452205731daea5516803cf5d24c	crates/veln-stdlib/veln/http2/core_test.veln#test peer_stream_admission_rejects_non_increasing_stream_ids_without_next_state(
stdout	case.toml:stdout:267	cadc8262316bd178e67cf71613270bd26e04e68793408177a98e0abacdf10666	e3fd7bcb4f295de2d9ef373d0a3f032f2c2c0452205731daea5516803cf5d24c	crates/veln-stdlib/veln/http2/core_test.veln#test peer_stream_admission_rejects_non_increasing_stream_ids_without_next_state(
stdout	case.toml:stdout:268	493ef3f7f0bafaf8d0e7e50a0418546d94218b9c03911a9f42ac9338dad0698e	c9cdc2a6ac32b5b594efce5d43c3e1ce111e2526f8c76208d94dbb009754e7da	crates/veln-stdlib/veln/http2/core_test.veln#test outbound_request_headers_send_emits_hpack_bytes_and_creates_stream(
stdout	case.toml:stdout:269	4af9221882ec5cc9be6f5ca05762ba64b7db5129f9747e0a09137d77b77b7c59	c9cdc2a6ac32b5b594efce5d43c3e1ce111e2526f8c76208d94dbb009754e7da	crates/veln-stdlib/veln/http2/core_test.veln#test outbound_request_headers_send_emits_hpack_bytes_and_creates_stream(
stdout	case.toml:stdout:270	583b64cfa1b7184b8d04a4a84b196379752cb9ec6591b626481ecd0e6260c098	e3fd7bcb4f295de2d9ef373d0a3f032f2c2c0452205731daea5516803cf5d24c	crates/veln-stdlib/veln/http2/core_test.veln#test peer_stream_admission_rejects_non_increasing_stream_ids_without_next_state(
stdout	case.toml:stdout:271	f609893aaf2079afb277530d65b82d3eba35e3dc1d8f5a30343fc7604ee55c42	e3fd7bcb4f295de2d9ef373d0a3f032f2c2c0452205731daea5516803cf5d24c	crates/veln-stdlib/veln/http2/core_test.veln#test peer_stream_admission_rejects_non_increasing_stream_ids_without_next_state(
stdout	case.toml:stdout:272	1c5bbb1e1aa39d4008b84ce6897835e1ef4a1b8458feb35ad7be21b014a66610	e3fd7bcb4f295de2d9ef373d0a3f032f2c2c0452205731daea5516803cf5d24c	crates/veln-stdlib/veln/http2/core_test.veln#test peer_stream_admission_rejects_non_increasing_stream_ids_without_next_state(
stdout	case.toml:stdout:273	75dab8e899df1346226cfc5f579d8903ac933b9b32ce5f280c04dc4763820d4f	c9cdc2a6ac32b5b594efce5d43c3e1ce111e2526f8c76208d94dbb009754e7da	crates/veln-stdlib/veln/http2/core_test.veln#test outbound_request_headers_send_emits_hpack_bytes_and_creates_stream(
stdout	case.toml:stdout:274	6e431d4a65d43d6df806ca605cf7aefcfff23c4207167e097b773de07365b19c	c9cdc2a6ac32b5b594efce5d43c3e1ce111e2526f8c76208d94dbb009754e7da	crates/veln-stdlib/veln/http2/core_test.veln#test outbound_request_headers_send_emits_hpack_bytes_and_creates_stream(
stdout	case.toml:stdout:275	7eefc4c32ec0e99d0434a1b320dfa325eceb16446d2ae3e116718bafcb48a406	e3fd7bcb4f295de2d9ef373d0a3f032f2c2c0452205731daea5516803cf5d24c	crates/veln-stdlib/veln/http2/core_test.veln#test peer_stream_admission_rejects_non_increasing_stream_ids_without_next_state(
stdout	case.toml:stdout:276	6d7fca442294c1aad305af916eb8bbd3adfad99c533f859a6da0c04c6d9c3039	e3fd7bcb4f295de2d9ef373d0a3f032f2c2c0452205731daea5516803cf5d24c	crates/veln-stdlib/veln/http2/core_test.veln#test peer_stream_admission_rejects_non_increasing_stream_ids_without_next_state(
stdout	case.toml:stdout:277	608c94892b9ad32817fd94235b4f024640e57ca3e1365e9838a2c477a509b2c3	e3fd7bcb4f295de2d9ef373d0a3f032f2c2c0452205731daea5516803cf5d24c	crates/veln-stdlib/veln/http2/core_test.veln#test peer_stream_admission_rejects_non_increasing_stream_ids_without_next_state(
stdout	case.toml:stdout:278	1b8a7ccaebee9b8cbeaa692ac87ccba913d2ce0ac71a592d05670af3ab0dfa64	c9cdc2a6ac32b5b594efce5d43c3e1ce111e2526f8c76208d94dbb009754e7da	crates/veln-stdlib/veln/http2/core_test.veln#test outbound_request_headers_send_emits_hpack_bytes_and_creates_stream(
stdout	case.toml:stdout:279	b169de283d90929b847ef28655e247c1b2645c0768835ecd1ad7ce11cfc77312	c9cdc2a6ac32b5b594efce5d43c3e1ce111e2526f8c76208d94dbb009754e7da	crates/veln-stdlib/veln/http2/core_test.veln#test outbound_request_headers_send_emits_hpack_bytes_and_creates_stream(
stdout	case.toml:stdout:280	24638f1c38c6c6ee37681a48ff677f436337c4132846668c303975f104764aba	e3fd7bcb4f295de2d9ef373d0a3f032f2c2c0452205731daea5516803cf5d24c	crates/veln-stdlib/veln/http2/core_test.veln#test peer_stream_admission_rejects_non_increasing_stream_ids_without_next_state(
stdout	case.toml:stdout:281	d792c72789bcb0bb0d523bf64f740de3ec80d5bb897dcdbba373b0029c94e84f	e3fd7bcb4f295de2d9ef373d0a3f032f2c2c0452205731daea5516803cf5d24c	crates/veln-stdlib/veln/http2/core_test.veln#test peer_stream_admission_rejects_non_increasing_stream_ids_without_next_state(
stdout	case.toml:stdout:282	f9a2260a417726f2efebe83462c30bb03f8421627a2822677034534795390a70	e3fd7bcb4f295de2d9ef373d0a3f032f2c2c0452205731daea5516803cf5d24c	crates/veln-stdlib/veln/http2/core_test.veln#test peer_stream_admission_rejects_non_increasing_stream_ids_without_next_state(
stdout	case.toml:stdout:283	903dbebcd0a0a76f7740f3edc6a677759595de4e09f8c7d29e903de5a0912726	f085e6baa133463c58715773e83a0cf33793f1b823c95493d886244b7f0499dd	crates/veln-stdlib/veln/http2/core_test.veln#test receive_connection_boundary_consumes_preface_initial_settings_and_ping_chunks(
stdout	case.toml:stdout:284	bf3bd59cf9fd7b5b4bd489393f0a020c31ec11092a3baed5d31a27503da578aa	f085e6baa133463c58715773e83a0cf33793f1b823c95493d886244b7f0499dd	crates/veln-stdlib/veln/http2/core_test.veln#test receive_connection_boundary_consumes_preface_initial_settings_and_ping_chunks(
stdout	case.toml:stdout:285	aa7c4761c26c52955cd5454362e3d980012b1e15931aed7b934cb3624c215cbb	9b6559ad31d9c501f812485c5938b4ca902e4017bcaf1a0f74d42a9ff41ec425	crates/veln-stdlib/veln/http2/core_test.veln#test header_list_validation_reports_request_failures_with_context(
stdout	case.toml:stdout:286	8fbd9f02fdbb3020298227cf9db7fba552b8bd51a22f7af04bca71ae61ab65d0	d3cb0e051007e262aa0ee52158510db0d4d749fd6d3a3136a6df5b5327511eb8	crates/veln-stdlib/veln/http2/core_test.veln#test pending_header_block_completes_multi_frame_headers_in_wire_order(
stdout	case.toml:stdout:287	f06769f6e64122abf607df03e3586353634b6fe833d340a24c5c64b8f13a989d	d3cb0e051007e262aa0ee52158510db0d4d749fd6d3a3136a6df5b5327511eb8	crates/veln-stdlib/veln/http2/core_test.veln#test pending_header_block_completes_multi_frame_headers_in_wire_order(
stdout	case.toml:stdout:288	26ba8d8ac8dce60d17b170c30ec56ba93802f7109ed7265cadaa9bb7420d1d54	d5418e062cec915a0af7fa69f8ea17cbedb2bacd566283b2be19216a87d6c4e1	crates/veln-stdlib/veln/http2/hpack_test.veln#test header_block_decoder_preserves_order_octets_and_dynamic_transitions(
stdout	case.toml:stdout:289	8f20023b2d506d51339e97915baf2e2e435bcbed5ae72ae525bde8d31d02b34e	9b6559ad31d9c501f812485c5938b4ca902e4017bcaf1a0f74d42a9ff41ec425	crates/veln-stdlib/veln/http2/core_test.veln#test header_list_validation_reports_request_failures_with_context(
stdout	case.toml:stdout:290	960c6e49dbaf4fe571004611c550019aedccc4cb18e51116215c74d516d3dcd0	d3cb0e051007e262aa0ee52158510db0d4d749fd6d3a3136a6df5b5327511eb8	crates/veln-stdlib/veln/http2/core_test.veln#test pending_header_block_completes_multi_frame_headers_in_wire_order(
stdout	case.toml:stdout:291	16f882246955222a5f600c9a072e8a6b036b0d74a2943a4a81b0b83ee34f9761	d3cb0e051007e262aa0ee52158510db0d4d749fd6d3a3136a6df5b5327511eb8	crates/veln-stdlib/veln/http2/core_test.veln#test pending_header_block_completes_multi_frame_headers_in_wire_order(
stdout	case.toml:stdout:292	6ddc84f41fda5d33232e6d9d2f9b8b7782f7fda975af35d983b9cdfe7904176e	d5418e062cec915a0af7fa69f8ea17cbedb2bacd566283b2be19216a87d6c4e1	crates/veln-stdlib/veln/http2/hpack_test.veln#test header_block_decoder_preserves_order_octets_and_dynamic_transitions(
stdout	case.toml:stdout:293	e19dab0cbd52a5294552725ca05c08a89e49af579f543af04f264e1f67348acd	9b6559ad31d9c501f812485c5938b4ca902e4017bcaf1a0f74d42a9ff41ec425	crates/veln-stdlib/veln/http2/core_test.veln#test header_list_validation_reports_request_failures_with_context(
stdout	case.toml:stdout:294	79fe7e408e03792ec62200c76c3703a683f7ea2daa8d4ae25d6ad3c4da3b0c90	d3cb0e051007e262aa0ee52158510db0d4d749fd6d3a3136a6df5b5327511eb8	crates/veln-stdlib/veln/http2/core_test.veln#test pending_header_block_completes_multi_frame_headers_in_wire_order(
stdout	case.toml:stdout:295	2b834c5f0012af7b3ec024f031401ace2cc282a46ee32dfd510d32eb71ae85ac	d3cb0e051007e262aa0ee52158510db0d4d749fd6d3a3136a6df5b5327511eb8	crates/veln-stdlib/veln/http2/core_test.veln#test pending_header_block_completes_multi_frame_headers_in_wire_order(
stdout	case.toml:stdout:296	c8feca123b483b12a66aa68462865de3c2fe4fef22d729cd2e0b4dc2ab6b6012	d5418e062cec915a0af7fa69f8ea17cbedb2bacd566283b2be19216a87d6c4e1	crates/veln-stdlib/veln/http2/hpack_test.veln#test header_block_decoder_preserves_order_octets_and_dynamic_transitions(
stdout	case.toml:stdout:297	49a1d56c98b430314912138aac6e4510baefb611c25cd6aa916b0ce49a5ce4d3	9b6559ad31d9c501f812485c5938b4ca902e4017bcaf1a0f74d42a9ff41ec425	crates/veln-stdlib/veln/http2/core_test.veln#test header_list_validation_reports_request_failures_with_context(
stdout	case.toml:stdout:298	18313b27adebdeba5cb648e31465513f05d4a1ed60e2c26c439887666c22ab62	d3cb0e051007e262aa0ee52158510db0d4d749fd6d3a3136a6df5b5327511eb8	crates/veln-stdlib/veln/http2/core_test.veln#test pending_header_block_completes_multi_frame_headers_in_wire_order(
stdout	case.toml:stdout:299	f658a0a2d0d4fbcfd1290014b090575766859ffbef958f9ea600e2b50b7a6114	d3cb0e051007e262aa0ee52158510db0d4d749fd6d3a3136a6df5b5327511eb8	crates/veln-stdlib/veln/http2/core_test.veln#test pending_header_block_completes_multi_frame_headers_in_wire_order(
stdout	case.toml:stdout:300	b4491b3297d4377d97d9750c79dd0d89993e28e8417375285853228d8b81afd6	d5418e062cec915a0af7fa69f8ea17cbedb2bacd566283b2be19216a87d6c4e1	crates/veln-stdlib/veln/http2/hpack_test.veln#test header_block_decoder_preserves_order_octets_and_dynamic_transitions(
stdout	case.toml:stdout:301	f7e06244db5a0b00b0126b809857abc73fe93a435b71aad54e50627b4e0ed74e	9b6559ad31d9c501f812485c5938b4ca902e4017bcaf1a0f74d42a9ff41ec425	crates/veln-stdlib/veln/http2/core_test.veln#test header_list_validation_reports_request_failures_with_context(
stdout	case.toml:stdout:302	42632fff28ab0378139282e7792697223fdc1cc19f25f00e5b64e0b35aca739e	9b6559ad31d9c501f812485c5938b4ca902e4017bcaf1a0f74d42a9ff41ec425	crates/veln-stdlib/veln/http2/core_test.veln#test header_list_validation_reports_request_failures_with_context(
stdout	case.toml:stdout:303	2b443fbc8e993606f84a8ecdeb5f8b8e02818f917c863bd758f018408b0c4f6a	d3cb0e051007e262aa0ee52158510db0d4d749fd6d3a3136a6df5b5327511eb8	crates/veln-stdlib/veln/http2/core_test.veln#test pending_header_block_completes_multi_frame_headers_in_wire_order(
stdout	case.toml:stdout:304	8ad5d45919f04274f2fe8a3c22fbb5d13a2725cb077c1fa6de6ec87b9041ef14	d3cb0e051007e262aa0ee52158510db0d4d749fd6d3a3136a6df5b5327511eb8	crates/veln-stdlib/veln/http2/core_test.veln#test pending_header_block_completes_multi_frame_headers_in_wire_order(
stdout	case.toml:stdout:305	e6406094c1e6efca068ec57e156f3d50d2ca05485d0b7ee911a51dbb82921607	d5418e062cec915a0af7fa69f8ea17cbedb2bacd566283b2be19216a87d6c4e1	crates/veln-stdlib/veln/http2/hpack_test.veln#test header_block_decoder_preserves_order_octets_and_dynamic_transitions(
stdout	case.toml:stdout:306	44bddfda05dcd89f317242b1b6218cf77629436aad4de38656a5ef1e17fcaa1e	f889137ca4c7332975c589b07dc231e761a59155b21f4627e40d1c6489760719	examples/specification/run/http2-core-receive-frame-dispatch/case.toml#http2.protocol.invalid_request_header_list
stdout	case.toml:stdout:307	5083514009f037ecf759752e7cffbe331610138bf50174fb7169a9c5139a40be	f889137ca4c7332975c589b07dc231e761a59155b21f4627e40d1c6489760719	examples/specification/run/http2-core-receive-frame-dispatch/case.toml#http2.protocol.invalid_request_header_list
stdout	case.toml:stdout:308	83486fe09934cec2fceac4e5722e925183b4b57d7ee6c32ebd9c929e1bdcc903	f889137ca4c7332975c589b07dc231e761a59155b21f4627e40d1c6489760719	examples/specification/run/http2-core-receive-frame-dispatch/case.toml#http2.protocol.invalid_request_header_list
stdout	case.toml:stdout:309	1f12bb1ada91d611069e141a00f9171bf0d2a8f2638f1075adb1d1c17e45189d	9b6559ad31d9c501f812485c5938b4ca902e4017bcaf1a0f74d42a9ff41ec425	crates/veln-stdlib/veln/http2/core_test.veln#test header_list_validation_reports_request_failures_with_context(
stdout	case.toml:stdout:310	9c3f56b582e449c2e401112653923b79ae5c4adaaa001d46634b01bc15579081	f889137ca4c7332975c589b07dc231e761a59155b21f4627e40d1c6489760719	examples/specification/run/http2-core-receive-frame-dispatch/case.toml#http2.protocol.invalid_request_header_list
stdout	case.toml:stdout:311	c5958b0b1472d676fb51cdf4c9c5d32f60cb375b1ce24c8bc0289cc2e4587a0b	9b6559ad31d9c501f812485c5938b4ca902e4017bcaf1a0f74d42a9ff41ec425	crates/veln-stdlib/veln/http2/core_test.veln#test header_list_validation_reports_request_failures_with_context(
stdout	case.toml:stdout:312	dffedd799f5d8073531c5d6a8506b7fab025a58a19624a8882945f8a819dce6c	d3cb0e051007e262aa0ee52158510db0d4d749fd6d3a3136a6df5b5327511eb8	crates/veln-stdlib/veln/http2/core_test.veln#test pending_header_block_completes_multi_frame_headers_in_wire_order(
stdout	case.toml:stdout:313	04dff8317d86339e83b1886e72efb73466a8d34c17abc6858bde7a57a8aaba4f	d3cb0e051007e262aa0ee52158510db0d4d749fd6d3a3136a6df5b5327511eb8	crates/veln-stdlib/veln/http2/core_test.veln#test pending_header_block_completes_multi_frame_headers_in_wire_order(
stdout	case.toml:stdout:314	e7aabf5d89de91bf55f62704c6aeb125cb08eabc633a80f7738530e4df21ff3a	d5418e062cec915a0af7fa69f8ea17cbedb2bacd566283b2be19216a87d6c4e1	crates/veln-stdlib/veln/http2/hpack_test.veln#test header_block_decoder_preserves_order_octets_and_dynamic_transitions(
stdout	case.toml:stdout:315	1c21ebeeb0d61e3394d7930453c4b7434e6ca293c1bfbc66120e7773afb07900	9b6559ad31d9c501f812485c5938b4ca902e4017bcaf1a0f74d42a9ff41ec425	crates/veln-stdlib/veln/http2/core_test.veln#test header_list_validation_reports_request_failures_with_context(
stdout	case.toml:stdout:316	4e5324ca13dede0efe2d5d3d23f1c94e155c95590e27165802f6c8f9786a1dd6	9b6559ad31d9c501f812485c5938b4ca902e4017bcaf1a0f74d42a9ff41ec425	crates/veln-stdlib/veln/http2/core_test.veln#test header_list_validation_reports_request_failures_with_context(
stdout	case.toml:stdout:317	04d5e6316ae468c64a54afe169650cd7211a55c291251f6bf0341cccf9b5b170	d3cb0e051007e262aa0ee52158510db0d4d749fd6d3a3136a6df5b5327511eb8	crates/veln-stdlib/veln/http2/core_test.veln#test pending_header_block_completes_multi_frame_headers_in_wire_order(
stdout	case.toml:stdout:318	548b33f13b98d87338c49abe501cf4a0573ce1164843f3ddbd00b9c1d5a00ff4	d3cb0e051007e262aa0ee52158510db0d4d749fd6d3a3136a6df5b5327511eb8	crates/veln-stdlib/veln/http2/core_test.veln#test pending_header_block_completes_multi_frame_headers_in_wire_order(
stdout	case.toml:stdout:319	0e624f81557c25b80705d96e6a79734d8a023bbc10861d9776807a86f866d624	d5418e062cec915a0af7fa69f8ea17cbedb2bacd566283b2be19216a87d6c4e1	crates/veln-stdlib/veln/http2/hpack_test.veln#test header_block_decoder_preserves_order_octets_and_dynamic_transitions(
stdout	case.toml:stdout:320	393c6fd366434ad8f168073ab32ee0dce9a19d833462effd7e908f27feaf96f5	f889137ca4c7332975c589b07dc231e761a59155b21f4627e40d1c6489760719	examples/specification/run/http2-core-receive-frame-dispatch/case.toml#http2.protocol.invalid_request_header_list
stdout	case.toml:stdout:321	e5ebf34681c8e493ae242d50ec33d4199a8d790615699adf980f205d2e70c0ac	f889137ca4c7332975c589b07dc231e761a59155b21f4627e40d1c6489760719	examples/specification/run/http2-core-receive-frame-dispatch/case.toml#http2.protocol.invalid_request_header_list
stdout	case.toml:stdout:322	53d4ec058b878190f20b11dbf33a8a2183b1e675e945f4a0276a8ea2384c4958	f889137ca4c7332975c589b07dc231e761a59155b21f4627e40d1c6489760719	examples/specification/run/http2-core-receive-frame-dispatch/case.toml#http2.protocol.invalid_request_header_list
stdout	case.toml:stdout:323	e9863aa7747ecb3353b8981527cdd9d46bc7bb3d8fdc7d691b67fcd22d5ee3c6	f889137ca4c7332975c589b07dc231e761a59155b21f4627e40d1c6489760719	examples/specification/run/http2-core-receive-frame-dispatch/case.toml#http2.protocol.invalid_request_header_list
stdout	case.toml:stdout:324	b00851298a75a31115cb0f6e8df1288e3ec5a0f072a50964c4c0a3853d13149d	9b6559ad31d9c501f812485c5938b4ca902e4017bcaf1a0f74d42a9ff41ec425	crates/veln-stdlib/veln/http2/core_test.veln#test header_list_validation_reports_request_failures_with_context(
stdout	case.toml:stdout:325	5a99b9f65d4bbb3beafb6bce9df4a5ef37320f4dd598fd21f1d1f17b20062169	f889137ca4c7332975c589b07dc231e761a59155b21f4627e40d1c6489760719	examples/specification/run/http2-core-receive-frame-dispatch/case.toml#http2.protocol.invalid_request_header_list
stdout	case.toml:stdout:326	8527228a14d66e78cb897e45a730457d0fdf7d2d323ab43f1e1ea8427ecd3a9c	f889137ca4c7332975c589b07dc231e761a59155b21f4627e40d1c6489760719	examples/specification/run/http2-core-receive-frame-dispatch/case.toml#http2.protocol.invalid_request_header_list
stdout	case.toml:stdout:327	67d53ff8e90cd348266590b7569323aeec30bdbf8bc1814cf94dff4f509134fc	f889137ca4c7332975c589b07dc231e761a59155b21f4627e40d1c6489760719	examples/specification/run/http2-core-receive-frame-dispatch/case.toml#http2.protocol.invalid_request_header_list
stdout	case.toml:stdout:328	21e601e2ccbcbbab67854bc75e16b2766b0c32aa9d315d02dfe91eb70ce5745f	f889137ca4c7332975c589b07dc231e761a59155b21f4627e40d1c6489760719	examples/specification/run/http2-core-receive-frame-dispatch/case.toml#http2.protocol.invalid_request_header_list
stdout	case.toml:stdout:329	78eda17ce1289bb4fb337d1922392d0ef9ddfc2caec02e308740c4da153e3917	f889137ca4c7332975c589b07dc231e761a59155b21f4627e40d1c6489760719	examples/specification/run/http2-core-receive-frame-dispatch/case.toml#http2.protocol.invalid_request_header_list
stdout	case.toml:stdout:330	db858368795ecb31c6989b2a37a334b8be6f699f728e1062703aae430ae0001a	f889137ca4c7332975c589b07dc231e761a59155b21f4627e40d1c6489760719	examples/specification/run/http2-core-receive-frame-dispatch/case.toml#http2.protocol.invalid_request_header_list
stdout	case.toml:stdout:331	4988b83bb7aa918e144d8aa13a43b2634796a469a901cab7567cf4e1d8b37c71	79ff4fdfcc8be69fed67cd2969602bdd849b2a10295c51497217e14bf964ab2a	examples/specification/run/hpack-fixture-codec-human/case.toml#hpack.fixture.unsupported_header_block
stdout	case.toml:stdout:332	49b74eb401db517cf146ec5f36b7911a6204b5e6e3555f64652db9420841b344	f889137ca4c7332975c589b07dc231e761a59155b21f4627e40d1c6489760719	examples/specification/run/http2-core-receive-frame-dispatch/case.toml#http2.protocol.invalid_request_header_list
stdout	case.toml:stdout:333	f8d73f8563434d3a2a4b4aa6b595115098f5d46c6aebfe8e2b1b4032094b02af	f889137ca4c7332975c589b07dc231e761a59155b21f4627e40d1c6489760719	examples/specification/run/http2-core-receive-frame-dispatch/case.toml#http2.protocol.invalid_request_header_list
stdout	case.toml:stdout:334	005a700861ec2b756bc8106646f549c9c905ed526785912bc8b5409f20d52e48	f889137ca4c7332975c589b07dc231e761a59155b21f4627e40d1c6489760719	examples/specification/run/http2-core-receive-frame-dispatch/case.toml#http2.protocol.invalid_request_header_list
stdout	case.toml:stdout:335	8288385389f2678ce85859d6e34944bddca5b5e55fc1517ba36bcf6d13b2c32a	f889137ca4c7332975c589b07dc231e761a59155b21f4627e40d1c6489760719	examples/specification/run/http2-core-receive-frame-dispatch/case.toml#http2.protocol.invalid_request_header_list
stdout	case.toml:stdout:336	b4da52f3818a20524c5772d55b2ad523a92e4ca9c5838f38a59a36452996f6e8	9b6559ad31d9c501f812485c5938b4ca902e4017bcaf1a0f74d42a9ff41ec425	crates/veln-stdlib/veln/http2/core_test.veln#test header_list_validation_reports_request_failures_with_context(
stdout	case.toml:stdout:337	26cc9b4cdf6ddc90d07b740a28aea037b6fc2203c6950626daa7047ec551e67e	d3cb0e051007e262aa0ee52158510db0d4d749fd6d3a3136a6df5b5327511eb8	crates/veln-stdlib/veln/http2/core_test.veln#test pending_header_block_completes_multi_frame_headers_in_wire_order(
stdout	case.toml:stdout:338	a058b3f9f8000962cefede7b48fdd5f8e0dff59e8b4385b5766ae4502ca90ea8	d3cb0e051007e262aa0ee52158510db0d4d749fd6d3a3136a6df5b5327511eb8	crates/veln-stdlib/veln/http2/core_test.veln#test pending_header_block_completes_multi_frame_headers_in_wire_order(
stdout	case.toml:stdout:339	4448717de6c1fdf444adc9e58cdc830e20007e068793e1434e0588fb305e3ead	d5418e062cec915a0af7fa69f8ea17cbedb2bacd566283b2be19216a87d6c4e1	crates/veln-stdlib/veln/http2/hpack_test.veln#test header_block_decoder_preserves_order_octets_and_dynamic_transitions(
stdout	case.toml:stdout:340	c0bb3cefccc98c5856bd0eb03a90f717b9092adfe5a003e6d3ce7ac4ebf436a0	f889137ca4c7332975c589b07dc231e761a59155b21f4627e40d1c6489760719	examples/specification/run/http2-core-receive-frame-dispatch/case.toml#http2.protocol.invalid_request_header_list
stdout	case.toml:stdout:341	15d3976cd2234fec16b81bb189a6dc5fd008f7af2b3e96799a97f26d7429284a	9b6559ad31d9c501f812485c5938b4ca902e4017bcaf1a0f74d42a9ff41ec425	crates/veln-stdlib/veln/http2/core_test.veln#test header_list_validation_reports_request_failures_with_context(
stdout	case.toml:stdout:342	1d290b0d399fa18debdab366c1cf6b0f2defe241b8cb6929ed4890d84f183639	828fd5354b878d0f8400b13fce70511aa6096a289f4c142e2ff508fb089eb0c6	crates/veln-stdlib/veln/http2/core_test.veln#test outbound_data_send_emits_exact_bytes_and_updates_stream_state(
stdout	case.toml:stdout:343	316dd16ce527310520e9e86011a41b8ae966b58ac006049e3ff5013e80daf115	828fd5354b878d0f8400b13fce70511aa6096a289f4c142e2ff508fb089eb0c6	crates/veln-stdlib/veln/http2/core_test.veln#test outbound_data_send_emits_exact_bytes_and_updates_stream_state(
stdout	case.toml:stdout:344	16cff2a6827633f576b78f8197a8aa296a253f359fd2e006798bd0e09963701e	d5418e062cec915a0af7fa69f8ea17cbedb2bacd566283b2be19216a87d6c4e1	crates/veln-stdlib/veln/http2/hpack_test.veln#test header_block_decoder_preserves_order_octets_and_dynamic_transitions(
stdout	case.toml:stdout:345	cb3fcc8535f5eb4bae002ca6e09b5f23c2ceec87f78e1b905a21ee1543fd87e0	9b6559ad31d9c501f812485c5938b4ca902e4017bcaf1a0f74d42a9ff41ec425	crates/veln-stdlib/veln/http2/core_test.veln#test header_list_validation_reports_request_failures_with_context(
stdout	case.toml:stdout:346	59c5b7a4da7d158a6ba9f28b3008a53a320113be8b35f8c739bf4d417ab76147	9b6559ad31d9c501f812485c5938b4ca902e4017bcaf1a0f74d42a9ff41ec425	crates/veln-stdlib/veln/http2/core_test.veln#test header_list_validation_reports_request_failures_with_context(
stdout	case.toml:stdout:347	a3d1839382a8960867c1abda29e3fd55dbd5e099b003094ce7f059a4a5ca2303	9b6559ad31d9c501f812485c5938b4ca902e4017bcaf1a0f74d42a9ff41ec425	crates/veln-stdlib/veln/http2/core_test.veln#test header_list_validation_reports_request_failures_with_context(
stdout	case.toml:stdout:348	1d3295dbf3581fec3e3775f3086b11145e67d2ac345460a703459a59eedeac2a	9b6559ad31d9c501f812485c5938b4ca902e4017bcaf1a0f74d42a9ff41ec425	crates/veln-stdlib/veln/http2/core_test.veln#test header_list_validation_reports_request_failures_with_context(
stdout	case.toml:stdout:349	80a88bd2ad9ed256a7b66c12885dba27010e454596b54804e87f3969ecab9120	9b6559ad31d9c501f812485c5938b4ca902e4017bcaf1a0f74d42a9ff41ec425	crates/veln-stdlib/veln/http2/core_test.veln#test header_list_validation_reports_request_failures_with_context(
stdout	case.toml:stdout:350	3cef245d098036b4363a569d93b9a2d5e4e8c927709f3c863d994efa4f4e697d	828fd5354b878d0f8400b13fce70511aa6096a289f4c142e2ff508fb089eb0c6	crates/veln-stdlib/veln/http2/core_test.veln#test outbound_data_send_emits_exact_bytes_and_updates_stream_state(
stdout	case.toml:stdout:351	0a290441e1d72c787f9e032195a06b97c3b4d3ef6a2442652bcfcda948cd1b79	828fd5354b878d0f8400b13fce70511aa6096a289f4c142e2ff508fb089eb0c6	crates/veln-stdlib/veln/http2/core_test.veln#test outbound_data_send_emits_exact_bytes_and_updates_stream_state(
stdout	case.toml:stdout:352	d8bcf34e5c4aea38823d6c3ee859805b7ac81cbc7a500696747e507a82773f3d	d5418e062cec915a0af7fa69f8ea17cbedb2bacd566283b2be19216a87d6c4e1	crates/veln-stdlib/veln/http2/hpack_test.veln#test header_block_decoder_preserves_order_octets_and_dynamic_transitions(
stdout	case.toml:stdout:353	a82267b1a712e14f8d962312c319e9e9f8a30ed5ee21c51fd5f6c5f0863abd94	f889137ca4c7332975c589b07dc231e761a59155b21f4627e40d1c6489760719	examples/specification/run/http2-core-receive-frame-dispatch/case.toml#http2.protocol.invalid_request_header_list
stdout	case.toml:stdout:354	1b195efb6aadd5f0ef45a4082bf63134e4cfeae6a4b586f83791399d1d24eb40	f889137ca4c7332975c589b07dc231e761a59155b21f4627e40d1c6489760719	examples/specification/run/http2-core-receive-frame-dispatch/case.toml#http2.protocol.invalid_request_header_list
stdout	case.toml:stdout:355	3909785771225b657dfa9838562586fdbab40d8adacf17a694f47d780dd9e62a	f889137ca4c7332975c589b07dc231e761a59155b21f4627e40d1c6489760719	examples/specification/run/http2-core-receive-frame-dispatch/case.toml#http2.protocol.invalid_request_header_list
stdout	case.toml:stdout:356	e31bc624ebbecb1e1995e37286663239e81ec53cc72f8ec0e604648637b681e7	f889137ca4c7332975c589b07dc231e761a59155b21f4627e40d1c6489760719	examples/specification/run/http2-core-receive-frame-dispatch/case.toml#http2.protocol.invalid_request_header_list
stdout	case.toml:stdout:357	25f733d97b437f68c1bc248e9b21011f73e6cdcebf930b0bcdd0147009ed6d98	f889137ca4c7332975c589b07dc231e761a59155b21f4627e40d1c6489760719	examples/specification/run/http2-core-receive-frame-dispatch/case.toml#http2.protocol.invalid_request_header_list
stdout	case.toml:stdout:358	2a38846f386167022c891495f51af39cdd53cbb96ce57db122825a9e71481c8c	f889137ca4c7332975c589b07dc231e761a59155b21f4627e40d1c6489760719	examples/specification/run/http2-core-receive-frame-dispatch/case.toml#http2.protocol.invalid_request_header_list
stdout	case.toml:stdout:359	9574d17bdc0b0de73321d800edd7d7acf3bc9bcefd75e163cd0b637adfd903ec	6f0281bc7f27189bbed8bc4b29a0c3efd7236412ef25303ffdd5ad8ab562ff99	crates/veln-stdlib/veln/http2/core_test.veln#test header_list_validation_reports_response_and_trailer_failures(
stdout	case.toml:stdout:360	2557fb0553e130dd452f6a7bff31b6767d385e89ecafed8ee6bb11aec1614cea	d3cb0e051007e262aa0ee52158510db0d4d749fd6d3a3136a6df5b5327511eb8	crates/veln-stdlib/veln/http2/core_test.veln#test pending_header_block_completes_multi_frame_headers_in_wire_order(
stdout	case.toml:stdout:361	608f2bf3222c359c6f4cd8baafa8dc3cab38e8879f1b3c4efc301b93ac727281	d3cb0e051007e262aa0ee52158510db0d4d749fd6d3a3136a6df5b5327511eb8	crates/veln-stdlib/veln/http2/core_test.veln#test pending_header_block_completes_multi_frame_headers_in_wire_order(
stdout	case.toml:stdout:362	18d76009ce58bbe691ed376072de238c43cde984dbe443c6bc57bedbfd10aa3f	d5418e062cec915a0af7fa69f8ea17cbedb2bacd566283b2be19216a87d6c4e1	crates/veln-stdlib/veln/http2/hpack_test.veln#test header_block_decoder_preserves_order_octets_and_dynamic_transitions(
stdout	case.toml:stdout:363	1bf2c3bcbf41825f2273ecdfa437275c868e55bac61fbcc7ce38b9fac6aa44e6	6f0281bc7f27189bbed8bc4b29a0c3efd7236412ef25303ffdd5ad8ab562ff99	crates/veln-stdlib/veln/http2/core_test.veln#test header_list_validation_reports_response_and_trailer_failures(
stdout	case.toml:stdout:364	97cf34783d064f09cb54c815a69acc7f84d5826fadbe37f244b4e33115723d21	d3cb0e051007e262aa0ee52158510db0d4d749fd6d3a3136a6df5b5327511eb8	crates/veln-stdlib/veln/http2/core_test.veln#test pending_header_block_completes_multi_frame_headers_in_wire_order(
stdout	case.toml:stdout:365	6c40022080380bc324ba8b22071d819b07524203020390fca09e650c324b7d48	d3cb0e051007e262aa0ee52158510db0d4d749fd6d3a3136a6df5b5327511eb8	crates/veln-stdlib/veln/http2/core_test.veln#test pending_header_block_completes_multi_frame_headers_in_wire_order(
stdout	case.toml:stdout:366	64e1c5a455426abd753ecb0d0a5ab66d455ad60f65c25ec4d9c324ed717484bc	d5418e062cec915a0af7fa69f8ea17cbedb2bacd566283b2be19216a87d6c4e1	crates/veln-stdlib/veln/http2/hpack_test.veln#test header_block_decoder_preserves_order_octets_and_dynamic_transitions(
stdout	case.toml:stdout:367	75179a3d1662b90a272642bb72a38817cd161c0d3d8feb4085aaec5839a44628	6f0281bc7f27189bbed8bc4b29a0c3efd7236412ef25303ffdd5ad8ab562ff99	crates/veln-stdlib/veln/http2/core_test.veln#test header_list_validation_reports_response_and_trailer_failures(
stdout	case.toml:stdout:368	74d2357ef4cae5b42858e670b4282034d9bcb5953b6219f094818225447d570c	6f0281bc7f27189bbed8bc4b29a0c3efd7236412ef25303ffdd5ad8ab562ff99	crates/veln-stdlib/veln/http2/core_test.veln#test header_list_validation_reports_response_and_trailer_failures(
stdout	case.toml:stdout:369	319437efcfcd45790b7122065f9d59f28f9f8546f9a2cd1062a54b5057dc7ad8	d3cb0e051007e262aa0ee52158510db0d4d749fd6d3a3136a6df5b5327511eb8	crates/veln-stdlib/veln/http2/core_test.veln#test pending_header_block_completes_multi_frame_headers_in_wire_order(
stdout	case.toml:stdout:370	a78f7e4982f5bff6fa12441c4486601957735b378ac19ad782fdd237ad598ec0	d3cb0e051007e262aa0ee52158510db0d4d749fd6d3a3136a6df5b5327511eb8	crates/veln-stdlib/veln/http2/core_test.veln#test pending_header_block_completes_multi_frame_headers_in_wire_order(
stdout	case.toml:stdout:371	94667f89f45d82f73e9713e92b23e5cd70600194d8dd51ae2b37fd05c51e9948	d5418e062cec915a0af7fa69f8ea17cbedb2bacd566283b2be19216a87d6c4e1	crates/veln-stdlib/veln/http2/hpack_test.veln#test header_block_decoder_preserves_order_octets_and_dynamic_transitions(
stdout	case.toml:stdout:372	7d00c6d997df3812fb6abd3051259ccc1b1c72b460d9abc980f6682412a3154b	6f0281bc7f27189bbed8bc4b29a0c3efd7236412ef25303ffdd5ad8ab562ff99	crates/veln-stdlib/veln/http2/core_test.veln#test header_list_validation_reports_response_and_trailer_failures(
stdout	case.toml:stdout:373	2eecd747724719e78ccce907f9c59a76f775aac322a1ca98416e3dbb986c583a	d2252d98793ea19f1a6631ac8f14ef602037fa0c5b44cdaf3e1b6bff156da622	examples/specification/run/http2-protocol-core-informational-end-stream-human/case.toml#http2.protocol.invalid_response_header_list
stdout	case.toml:stdout:374	ed1e4a57e87301f0c2f1f32d3fe09bc55b259d99f6c4a34665cbb0598d6d5f6b	8e92c295b71b3d015afd66665e6bd27edfbdf32a5e816ea11bfb302c6585253a	examples/specification/run/http2-protocol-core-closed-human/case.toml#http2.protocol.closed_with_pending
stdout	case.toml:stdout:375	053ff49de3f9122141a27aa6e6b4b891495a5459efe47c625ff9fad17cb3b5af	d2252d98793ea19f1a6631ac8f14ef602037fa0c5b44cdaf3e1b6bff156da622	examples/specification/run/http2-protocol-core-informational-end-stream-human/case.toml#http2.protocol.invalid_response_header_list
stdout	case.toml:stdout:376	b2c7181130949fa324cabe317f953a38cb7fd879dec1d37850aa25d3b41bdfa6	d2252d98793ea19f1a6631ac8f14ef602037fa0c5b44cdaf3e1b6bff156da622	examples/specification/run/http2-protocol-core-informational-end-stream-human/case.toml#http2.protocol.invalid_response_header_list
stdout	case.toml:stdout:377	4eb1aa78a023dfc5c8c9710184653457a94b5ee5a50a38a08b7ef44748006a1d	d2252d98793ea19f1a6631ac8f14ef602037fa0c5b44cdaf3e1b6bff156da622	examples/specification/run/http2-protocol-core-informational-end-stream-human/case.toml#http2.protocol.invalid_response_header_list
stdout	case.toml:stdout:378	0953d0a923bccfab8b0088487f8917f3ab8da25fe7a54224bc11cb9379621826	d2252d98793ea19f1a6631ac8f14ef602037fa0c5b44cdaf3e1b6bff156da622	examples/specification/run/http2-protocol-core-informational-end-stream-human/case.toml#http2.protocol.invalid_response_header_list
stdout	case.toml:stdout:379	6ae13dc32bc4ce80b2a832fed653a1bb8c6f4d8f63e0aeabfe8e09d911f0db07	d2252d98793ea19f1a6631ac8f14ef602037fa0c5b44cdaf3e1b6bff156da622	examples/specification/run/http2-protocol-core-informational-end-stream-human/case.toml#http2.protocol.invalid_response_header_list
stdout	case.toml:stdout:380	03b9e2541346ffcc04abb74e2efe509ca34cc399c0714594df62b18a792db897	6f0281bc7f27189bbed8bc4b29a0c3efd7236412ef25303ffdd5ad8ab562ff99	crates/veln-stdlib/veln/http2/core_test.veln#test header_list_validation_reports_response_and_trailer_failures(
stdout	case.toml:stdout:381	0a98b6ee3e7d8d45f1cb77e5b93e53a87dbedfc525c6dda777deef8d863447ce	6f0281bc7f27189bbed8bc4b29a0c3efd7236412ef25303ffdd5ad8ab562ff99	crates/veln-stdlib/veln/http2/core_test.veln#test header_list_validation_reports_response_and_trailer_failures(
stdout	case.toml:stdout:382	39ea529fd4842ed969a413224daa3ef60c0bf59516e3f642b867b0e7a22c33a6	d3cb0e051007e262aa0ee52158510db0d4d749fd6d3a3136a6df5b5327511eb8	crates/veln-stdlib/veln/http2/core_test.veln#test pending_header_block_completes_multi_frame_headers_in_wire_order(
stdout	case.toml:stdout:383	053fa5f27f26f22adafda4c4dfcfbb44d073ff5758dafd5a5eac1ca795d58e7e	d3cb0e051007e262aa0ee52158510db0d4d749fd6d3a3136a6df5b5327511eb8	crates/veln-stdlib/veln/http2/core_test.veln#test pending_header_block_completes_multi_frame_headers_in_wire_order(
stdout	case.toml:stdout:384	a39577caa2a3f4297e1e605374ed79980516cc396a135946bbd7b6a449ddd614	d5418e062cec915a0af7fa69f8ea17cbedb2bacd566283b2be19216a87d6c4e1	crates/veln-stdlib/veln/http2/hpack_test.veln#test header_block_decoder_preserves_order_octets_and_dynamic_transitions(
stdout	case.toml:stdout:385	02ed6307202c5b2fd84e0373783c5237900e5427e9748931ec5c198b7e727375	d2252d98793ea19f1a6631ac8f14ef602037fa0c5b44cdaf3e1b6bff156da622	examples/specification/run/http2-protocol-core-informational-end-stream-human/case.toml#http2.protocol.invalid_response_header_list
stdout	case.toml:stdout:386	be3a432702510d6042e02aefb5826e5c2e6b345eb2c9433783b5c0a0c496b5b9	6f0281bc7f27189bbed8bc4b29a0c3efd7236412ef25303ffdd5ad8ab562ff99	crates/veln-stdlib/veln/http2/core_test.veln#test header_list_validation_reports_response_and_trailer_failures(
stdout	case.toml:stdout:387	9dfd3b56314f1365ca8600b9441ad98285f377c2ffdc125db4cbe589b2f1c6ae	828fd5354b878d0f8400b13fce70511aa6096a289f4c142e2ff508fb089eb0c6	crates/veln-stdlib/veln/http2/core_test.veln#test outbound_data_send_emits_exact_bytes_and_updates_stream_state(
stdout	case.toml:stdout:388	04f5a78483018f01ce2a83f1db90f14b5988f8b806bbec7733ce3fbd89bc5fab	828fd5354b878d0f8400b13fce70511aa6096a289f4c142e2ff508fb089eb0c6	crates/veln-stdlib/veln/http2/core_test.veln#test outbound_data_send_emits_exact_bytes_and_updates_stream_state(
stdout	case.toml:stdout:389	897d4cb4fb6a3d6e463ae263c22de6fd0a874aa47b48aeabbd39aff7d536258b	d5418e062cec915a0af7fa69f8ea17cbedb2bacd566283b2be19216a87d6c4e1	crates/veln-stdlib/veln/http2/hpack_test.veln#test header_block_decoder_preserves_order_octets_and_dynamic_transitions(
stdout	case.toml:stdout:390	adc6bc5f872dfe474e03891d9f8b1788e3aa59a4e24f68f3e446f848f8ce7570	6f0281bc7f27189bbed8bc4b29a0c3efd7236412ef25303ffdd5ad8ab562ff99	crates/veln-stdlib/veln/http2/core_test.veln#test header_list_validation_reports_response_and_trailer_failures(
stdout	case.toml:stdout:391	d8fd21bbcadff2efa15b74a422488984b9c90fa9bb6dabcf4f7f4d6c8f7ec150	828fd5354b878d0f8400b13fce70511aa6096a289f4c142e2ff508fb089eb0c6	crates/veln-stdlib/veln/http2/core_test.veln#test outbound_data_send_emits_exact_bytes_and_updates_stream_state(
stdout	case.toml:stdout:392	9c48a4a2ee2b65368f31eafecd820b55ac590a16865940704d431fca51add52e	828fd5354b878d0f8400b13fce70511aa6096a289f4c142e2ff508fb089eb0c6	crates/veln-stdlib/veln/http2/core_test.veln#test outbound_data_send_emits_exact_bytes_and_updates_stream_state(
stdout	case.toml:stdout:393	aeb111e0f2d85d9da0cd8849d12d31003d515340887abeafe570d8ef03fa5a19	d5418e062cec915a0af7fa69f8ea17cbedb2bacd566283b2be19216a87d6c4e1	crates/veln-stdlib/veln/http2/hpack_test.veln#test header_block_decoder_preserves_order_octets_and_dynamic_transitions(
stdout	case.toml:stdout:394	6bde1464c9972cf30071bf91be8b497a9fd380c57b00cf4afc7de2ae7cd1e2ad	d2252d98793ea19f1a6631ac8f14ef602037fa0c5b44cdaf3e1b6bff156da622	examples/specification/run/http2-protocol-core-informational-end-stream-human/case.toml#http2.protocol.invalid_response_header_list
stdout	case.toml:stdout:395	39d258802aeef520ee3a8664d395c54ff9b7aa9b6b68c05b33da4566d239cde6	d2252d98793ea19f1a6631ac8f14ef602037fa0c5b44cdaf3e1b6bff156da622	examples/specification/run/http2-protocol-core-informational-end-stream-human/case.toml#http2.protocol.invalid_response_header_list
stdout	case.toml:stdout:396	4d07ff71c963e9bb5f1dfee647d0b32af3a6c2a6ad7a821bfbefe5e05b43e5b2	8e92c295b71b3d015afd66665e6bd27edfbdf32a5e816ea11bfb302c6585253a	examples/specification/run/http2-protocol-core-closed-human/case.toml#http2.protocol.closed_with_pending
stdout	case.toml:stdout:397	229275fc808cfb53dc7bc876f720de32dcec3e1cb813b360c75130705a68faa9	8e92c295b71b3d015afd66665e6bd27edfbdf32a5e816ea11bfb302c6585253a	examples/specification/run/http2-protocol-core-closed-human/case.toml#http2.protocol.closed_with_pending
stdout	case.toml:stdout:398	1e1ee111cc2cb53f91ceb98ab8ac7bb133d089e3130610270c96e0848fca435b	d2252d98793ea19f1a6631ac8f14ef602037fa0c5b44cdaf3e1b6bff156da622	examples/specification/run/http2-protocol-core-informational-end-stream-human/case.toml#http2.protocol.invalid_response_header_list
stdout	case.toml:stdout:399	622cf62d93b603144a8e65dfd919563d2a68115625a6f31bd679b976c6d211b6	f889137ca4c7332975c589b07dc231e761a59155b21f4627e40d1c6489760719	examples/specification/run/http2-core-receive-frame-dispatch/case.toml#http2.protocol.invalid_request_header_list
stdout	case.toml:stdout:400	a4680ad9aebb386b4045c9c064e5f9aeb84b2914c814782b8de854653d942059	d2252d98793ea19f1a6631ac8f14ef602037fa0c5b44cdaf3e1b6bff156da622	examples/specification/run/http2-protocol-core-informational-end-stream-human/case.toml#http2.protocol.invalid_response_header_list
stdout	case.toml:stdout:401	a0bedcc3488a3f812402bbe1895280abea202baf0fbe9f3d6b0b1e31e19c5806	d2252d98793ea19f1a6631ac8f14ef602037fa0c5b44cdaf3e1b6bff156da622	examples/specification/run/http2-protocol-core-informational-end-stream-human/case.toml#http2.protocol.invalid_response_header_list
stdout	case.toml:stdout:402	d8c8aed07e6aa8f34c7f30dcfc01478ec9847b9c4ed137aa9ea23921fa3953b6	d2252d98793ea19f1a6631ac8f14ef602037fa0c5b44cdaf3e1b6bff156da622	examples/specification/run/http2-protocol-core-informational-end-stream-human/case.toml#http2.protocol.invalid_response_header_list
stdout	case.toml:stdout:403	4417703132821bd946f495d2833fec0c988b8403bf3a5984db69990eaca25da6	d2252d98793ea19f1a6631ac8f14ef602037fa0c5b44cdaf3e1b6bff156da622	examples/specification/run/http2-protocol-core-informational-end-stream-human/case.toml#http2.protocol.invalid_response_header_list
stdout	case.toml:stdout:404	bef88b638d1c55e2ebc18c3a0c0a36f3bc75a9b682fa704288c14a993fe5fbed	6f0281bc7f27189bbed8bc4b29a0c3efd7236412ef25303ffdd5ad8ab562ff99	crates/veln-stdlib/veln/http2/core_test.veln#test header_list_validation_reports_response_and_trailer_failures(
stdout	case.toml:stdout:405	d7a527408f9d76ca39a57d779d41e15f3ce85dedad3a4c21e408de8160450fde	d2252d98793ea19f1a6631ac8f14ef602037fa0c5b44cdaf3e1b6bff156da622	examples/specification/run/http2-protocol-core-informational-end-stream-human/case.toml#http2.protocol.invalid_response_header_list
stdout	case.toml:stdout:406	6d324a4c2466880971e562e9cc730927110992f84b00fb45fbd63971b3c6613b	6f0281bc7f27189bbed8bc4b29a0c3efd7236412ef25303ffdd5ad8ab562ff99	crates/veln-stdlib/veln/http2/core_test.veln#test header_list_validation_reports_response_and_trailer_failures(
stdout	case.toml:stdout:407	5aee0d52063d1de4a201cce30ec764b228c5113236db3679c0e16da75d8ebbd2	6f0281bc7f27189bbed8bc4b29a0c3efd7236412ef25303ffdd5ad8ab562ff99	crates/veln-stdlib/veln/http2/core_test.veln#test header_list_validation_reports_response_and_trailer_failures(
stdout	case.toml:stdout:408	81573e29778ea6e0ed6c5042c19007e9a4af941e15f823ff712d48864a9796d0	6f0281bc7f27189bbed8bc4b29a0c3efd7236412ef25303ffdd5ad8ab562ff99	crates/veln-stdlib/veln/http2/core_test.veln#test header_list_validation_reports_response_and_trailer_failures(
stdout	case.toml:stdout:409	acb6f50bf6d99331e0ec4f0a661d9af9d3291322017afdd9edb6ae747070e972	d3cb0e051007e262aa0ee52158510db0d4d749fd6d3a3136a6df5b5327511eb8	crates/veln-stdlib/veln/http2/core_test.veln#test pending_header_block_completes_multi_frame_headers_in_wire_order(
stdout	case.toml:stdout:410	d8e2fab8dbc6df70fbd4b815bf98793abb5f6a17c941f4dd7b0703edeb33c61c	d3cb0e051007e262aa0ee52158510db0d4d749fd6d3a3136a6df5b5327511eb8	crates/veln-stdlib/veln/http2/core_test.veln#test pending_header_block_completes_multi_frame_headers_in_wire_order(
stdout	case.toml:stdout:411	5a70fc8b4e4dab2232cbed1f6cbe60196a3f5a5635a14f0199bbfbede3f801a1	d5418e062cec915a0af7fa69f8ea17cbedb2bacd566283b2be19216a87d6c4e1	crates/veln-stdlib/veln/http2/hpack_test.veln#test header_block_decoder_preserves_order_octets_and_dynamic_transitions(
stdout	case.toml:stdout:412	b7443727315c2ee7d5b5c84b8de2272415808580f84a41937641c0d044706aee	6f0281bc7f27189bbed8bc4b29a0c3efd7236412ef25303ffdd5ad8ab562ff99	crates/veln-stdlib/veln/http2/core_test.veln#test header_list_validation_reports_response_and_trailer_failures(
stdout	case.toml:stdout:413	89af99214538a79f397fc1b0fdc6cc13363630cc4337727700f946bca6fd4744	8388bd156850d4cbdbfd1e5768b0ea690c5f266028b8e5327481779250aa7965	examples/specification/run/http2-core-outbound-stream-control/case.toml#http2.protocol.invalid_frame_kind
stdout	case.toml:stdout:414	db0909d32738a4d2042d794f021c36280c2d3a172da6a0ed1399efcf2676e224	8388bd156850d4cbdbfd1e5768b0ea690c5f266028b8e5327481779250aa7965	examples/specification/run/http2-core-outbound-stream-control/case.toml#http2.protocol.invalid_frame_kind
stdout	case.toml:stdout:415	30131f419b7c5f54f424c02b6063b392de3b0637ddc1fae714cd55ad10b5d83d	6f0281bc7f27189bbed8bc4b29a0c3efd7236412ef25303ffdd5ad8ab562ff99	crates/veln-stdlib/veln/http2/core_test.veln#test header_list_validation_reports_response_and_trailer_failures(
stdout	case.toml:stdout:416	5c23c5c6870ffa66d56d21addb267fa7d3f654668b40481b8762475a8c4f9430	6f0281bc7f27189bbed8bc4b29a0c3efd7236412ef25303ffdd5ad8ab562ff99	crates/veln-stdlib/veln/http2/core_test.veln#test header_list_validation_reports_response_and_trailer_failures(
stdout	case.toml:stdout:417	9126e989fc7a52c4fd4402f2d74baf27090fa74716e4686386b8b377d81f2d46	d3cb0e051007e262aa0ee52158510db0d4d749fd6d3a3136a6df5b5327511eb8	crates/veln-stdlib/veln/http2/core_test.veln#test pending_header_block_completes_multi_frame_headers_in_wire_order(
stdout	case.toml:stdout:418	12bb1a016d7d425f81747bfddf5a5614bfef9b841fc5ee81fdf0c5b8a5bca89c	d3cb0e051007e262aa0ee52158510db0d4d749fd6d3a3136a6df5b5327511eb8	crates/veln-stdlib/veln/http2/core_test.veln#test pending_header_block_completes_multi_frame_headers_in_wire_order(
stdout	case.toml:stdout:419	f2cb994346e0be8d43df6c95aebad838023c0e2c116297193015a8e50e7400b6	d5418e062cec915a0af7fa69f8ea17cbedb2bacd566283b2be19216a87d6c4e1	crates/veln-stdlib/veln/http2/hpack_test.veln#test header_block_decoder_preserves_order_octets_and_dynamic_transitions(
stdout	case.toml:stdout:420	fd884b1391b065b74f5a96e74b88b905ab74243fdcf0e1a00ebd0b2f901cc20b	6f0281bc7f27189bbed8bc4b29a0c3efd7236412ef25303ffdd5ad8ab562ff99	crates/veln-stdlib/veln/http2/core_test.veln#test header_list_validation_reports_response_and_trailer_failures(
stdout	case.toml:stdout:421	3c30d13231a148ad7355dae9086b986b17ab75a809a874824274c7627fa4241f	d2252d98793ea19f1a6631ac8f14ef602037fa0c5b44cdaf3e1b6bff156da622	examples/specification/run/http2-protocol-core-informational-end-stream-human/case.toml#http2.protocol.invalid_response_header_list
stdout	case.toml:stdout:422	335ec135b849d4d0bceb1272d413683c42da5b0a2f5c8dc9b776fa5677f2405d	d2252d98793ea19f1a6631ac8f14ef602037fa0c5b44cdaf3e1b6bff156da622	examples/specification/run/http2-protocol-core-informational-end-stream-human/case.toml#http2.protocol.invalid_response_header_list
stdout	case.toml:stdout:423	1802bce3a1241b605bbdd7a665343c315aeee7e61c1844dfb597024fae4b2f09	d2252d98793ea19f1a6631ac8f14ef602037fa0c5b44cdaf3e1b6bff156da622	examples/specification/run/http2-protocol-core-informational-end-stream-human/case.toml#http2.protocol.invalid_response_header_list
stdout	case.toml:stdout:424	c2bd02e5ddff72ac0643d201a00f1095718f793dbb31dd83c623ea7207644177	d2252d98793ea19f1a6631ac8f14ef602037fa0c5b44cdaf3e1b6bff156da622	examples/specification/run/http2-protocol-core-informational-end-stream-human/case.toml#http2.protocol.invalid_response_header_list
stdout	case.toml:stdout:425	5e1d76a678c0b46bd040a7783497deb49b026129b68985ced29f8b01b6d4800d	d2252d98793ea19f1a6631ac8f14ef602037fa0c5b44cdaf3e1b6bff156da622	examples/specification/run/http2-protocol-core-informational-end-stream-human/case.toml#http2.protocol.invalid_response_header_list
stdout	case.toml:stdout:426	8e0edec25d043b6a26a13241ed520898e11b996f5f00c3d4f3fac7a3df87ab6a	d5418e062cec915a0af7fa69f8ea17cbedb2bacd566283b2be19216a87d6c4e1	crates/veln-stdlib/veln/http2/hpack_test.veln#test header_block_decoder_preserves_order_octets_and_dynamic_transitions(
stdout	case.toml:stdout:427	c20308e627c1052064a234367b3727cb735b47d9f0c7c074d583cd198d2a8c04	d5418e062cec915a0af7fa69f8ea17cbedb2bacd566283b2be19216a87d6c4e1	crates/veln-stdlib/veln/http2/hpack_test.veln#test header_block_decoder_preserves_order_octets_and_dynamic_transitions(
stdout	case.toml:stdout:428	3a2a7a47efd6404742dc815502325f7e2eb5bceb93bcee31c1d71eb7c0b4ee32	d5418e062cec915a0af7fa69f8ea17cbedb2bacd566283b2be19216a87d6c4e1	crates/veln-stdlib/veln/http2/hpack_test.veln#test header_block_decoder_preserves_order_octets_and_dynamic_transitions(
stdout	case.toml:stdout:429	390697bead8284f8c41db8f5a3e2a4ba5f1b4cd9253ef50ab5d33da72a8c3a83	d5418e062cec915a0af7fa69f8ea17cbedb2bacd566283b2be19216a87d6c4e1	crates/veln-stdlib/veln/http2/hpack_test.veln#test header_block_decoder_preserves_order_octets_and_dynamic_transitions(
stdout	case.toml:stdout:430	d1a091be96e11190c36eda89f18ce6dd68f3fa3ea7d8956ec97e9bb89157e0b2	d5418e062cec915a0af7fa69f8ea17cbedb2bacd566283b2be19216a87d6c4e1	crates/veln-stdlib/veln/http2/hpack_test.veln#test header_block_decoder_preserves_order_octets_and_dynamic_transitions(
stdout	case.toml:stdout:431	dbc97d3d444dd2308e31076d519fca2e7b9525e34036337e679b8de7e8035b23	d5418e062cec915a0af7fa69f8ea17cbedb2bacd566283b2be19216a87d6c4e1	crates/veln-stdlib/veln/http2/hpack_test.veln#test header_block_decoder_preserves_order_octets_and_dynamic_transitions(
stdout	case.toml:stdout:432	a3a68e0e95aac56cd2025786204c1135f8d3f55a9a2c4c09c0fc89a9646d01f2	d5418e062cec915a0af7fa69f8ea17cbedb2bacd566283b2be19216a87d6c4e1	crates/veln-stdlib/veln/http2/hpack_test.veln#test header_block_decoder_preserves_order_octets_and_dynamic_transitions(
stdout	case.toml:stdout:433	102ffb9bb31310ee38089b0539ddcde12984e2e0590da9cdf71a582de47fa854	d5418e062cec915a0af7fa69f8ea17cbedb2bacd566283b2be19216a87d6c4e1	crates/veln-stdlib/veln/http2/hpack_test.veln#test header_block_decoder_preserves_order_octets_and_dynamic_transitions(
stdout	case.toml:stdout:434	9408d19651814e9ce39edcadcda13f0dc7c5a8400dada2d7aa8be00da7e04931	d5418e062cec915a0af7fa69f8ea17cbedb2bacd566283b2be19216a87d6c4e1	crates/veln-stdlib/veln/http2/hpack_test.veln#test header_block_decoder_preserves_order_octets_and_dynamic_transitions(
stdout	case.toml:stdout:435	ac27172bfe1d3d99b9bfafc835e2b651b85efcb6fd77ba1b183b9a090b7c6cd8	d5418e062cec915a0af7fa69f8ea17cbedb2bacd566283b2be19216a87d6c4e1	crates/veln-stdlib/veln/http2/hpack_test.veln#test header_block_decoder_preserves_order_octets_and_dynamic_transitions(
stdout	case.toml:stdout:436	727ecb9c6b602bf1ce3e5d6b6e928053d957dce041a5aaca4648d595dde2658a	d5418e062cec915a0af7fa69f8ea17cbedb2bacd566283b2be19216a87d6c4e1	crates/veln-stdlib/veln/http2/hpack_test.veln#test header_block_decoder_preserves_order_octets_and_dynamic_transitions(
stdout	case.toml:stdout:437	dc6ea67c00b431524efdad41fccef369c7ab0334585495259b2561002475b6c9	d5418e062cec915a0af7fa69f8ea17cbedb2bacd566283b2be19216a87d6c4e1	crates/veln-stdlib/veln/http2/hpack_test.veln#test header_block_decoder_preserves_order_octets_and_dynamic_transitions(
stdout	case.toml:stdout:438	51d0ef1b089601d4ffe5aeec2378e058e3993b15a02e40a8f8d8199c67f464d2	d5418e062cec915a0af7fa69f8ea17cbedb2bacd566283b2be19216a87d6c4e1	crates/veln-stdlib/veln/http2/hpack_test.veln#test header_block_decoder_preserves_order_octets_and_dynamic_transitions(
stdout	case.toml:stdout:439	bcf1448aa61950d9592c6a4aef0598f5321f3bfe03cb19ce8b3055b3f84cccc8	d5418e062cec915a0af7fa69f8ea17cbedb2bacd566283b2be19216a87d6c4e1	crates/veln-stdlib/veln/http2/hpack_test.veln#test header_block_decoder_preserves_order_octets_and_dynamic_transitions(
stdout	case.toml:stdout:440	9b9168fc6fd1ad0cd4a55dce6960c430757688d656c2f94f0939e942791c8f16	d5418e062cec915a0af7fa69f8ea17cbedb2bacd566283b2be19216a87d6c4e1	crates/veln-stdlib/veln/http2/hpack_test.veln#test header_block_decoder_preserves_order_octets_and_dynamic_transitions(
stdout	case.toml:stdout:441	fddd3003fb006cc58d698c70a4710296253281c1a9f1b6effe2e6e7e85f26845	d5418e062cec915a0af7fa69f8ea17cbedb2bacd566283b2be19216a87d6c4e1	crates/veln-stdlib/veln/http2/hpack_test.veln#test header_block_decoder_preserves_order_octets_and_dynamic_transitions(
stdout	case.toml:stdout:442	21dd234bbdc5c52d31c51a74143c696f8ce5461aa35158d75098f3b4118d79ad	d5418e062cec915a0af7fa69f8ea17cbedb2bacd566283b2be19216a87d6c4e1	crates/veln-stdlib/veln/http2/hpack_test.veln#test header_block_decoder_preserves_order_octets_and_dynamic_transitions(
stdout	case.toml:stdout:443	6c4931eab59e3638f2b03d039bf1a3d47fb9c4ce02f712ca9552e0723be8d93d	d5418e062cec915a0af7fa69f8ea17cbedb2bacd566283b2be19216a87d6c4e1	crates/veln-stdlib/veln/http2/hpack_test.veln#test header_block_decoder_preserves_order_octets_and_dynamic_transitions(
stdout	case.toml:stdout:444	7417ae707b1b180d3173a882a6cd19d17565e203ad364f4dddbbae7a0eaca636	d5418e062cec915a0af7fa69f8ea17cbedb2bacd566283b2be19216a87d6c4e1	crates/veln-stdlib/veln/http2/hpack_test.veln#test header_block_decoder_preserves_order_octets_and_dynamic_transitions(
stdout	case.toml:stdout:445	7060878b6db60484f6e37c95d30c31bfd1fd942aa8a910577e6d793a4b8494d0	d5418e062cec915a0af7fa69f8ea17cbedb2bacd566283b2be19216a87d6c4e1	crates/veln-stdlib/veln/http2/hpack_test.veln#test header_block_decoder_preserves_order_octets_and_dynamic_transitions(
stdout	case.toml:stdout:446	b05a5138cc7b62d8371a941e0ae106206d43c53be787b3b29a89d702692d7f53	d5418e062cec915a0af7fa69f8ea17cbedb2bacd566283b2be19216a87d6c4e1	crates/veln-stdlib/veln/http2/hpack_test.veln#test header_block_decoder_preserves_order_octets_and_dynamic_transitions(
stdout	case.toml:stdout:447	1ca84d6203d7fb05dd6b22767e520b1f8b124398792ba9906387a7bfd2de82c6	d5418e062cec915a0af7fa69f8ea17cbedb2bacd566283b2be19216a87d6c4e1	crates/veln-stdlib/veln/http2/hpack_test.veln#test header_block_decoder_preserves_order_octets_and_dynamic_transitions(
stdout	case.toml:stdout:448	0fdf83bbc65884eb6953d261f8186019f9193179009a31f4277c75304c993fb9	d5418e062cec915a0af7fa69f8ea17cbedb2bacd566283b2be19216a87d6c4e1	crates/veln-stdlib/veln/http2/hpack_test.veln#test header_block_decoder_preserves_order_octets_and_dynamic_transitions(
stdout	case.toml:stdout:449	b7bc4ecafff2a5bdde7e677f3ddccf493189dde6dc8a6a10070b6450f550cb99	d5418e062cec915a0af7fa69f8ea17cbedb2bacd566283b2be19216a87d6c4e1	crates/veln-stdlib/veln/http2/hpack_test.veln#test header_block_decoder_preserves_order_octets_and_dynamic_transitions(
stdout	case.toml:stdout:450	b4e2e944a782f09993291146642f1b551c46161454c0ec8d5f593a8eb2b35e68	d5418e062cec915a0af7fa69f8ea17cbedb2bacd566283b2be19216a87d6c4e1	crates/veln-stdlib/veln/http2/hpack_test.veln#test header_block_decoder_preserves_order_octets_and_dynamic_transitions(
stdout	case.toml:stdout:451	76dbcd47818f68165a51917c79a018ca33b5b5edd22de55b9b9429d54ad9bb70	d5418e062cec915a0af7fa69f8ea17cbedb2bacd566283b2be19216a87d6c4e1	crates/veln-stdlib/veln/http2/hpack_test.veln#test header_block_decoder_preserves_order_octets_and_dynamic_transitions(
stdout	case.toml:stdout:452	523feb209f2acef049f9c4da19ac903067df30dcdfcd5922b764f2f1400b4c5b	d5418e062cec915a0af7fa69f8ea17cbedb2bacd566283b2be19216a87d6c4e1	crates/veln-stdlib/veln/http2/hpack_test.veln#test header_block_decoder_preserves_order_octets_and_dynamic_transitions(
stdout	case.toml:stdout:453	24a06b0eca91fb3a63053210f9091561aec11b9500e1c5ef3f61c6441255569a	d5418e062cec915a0af7fa69f8ea17cbedb2bacd566283b2be19216a87d6c4e1	crates/veln-stdlib/veln/http2/hpack_test.veln#test header_block_decoder_preserves_order_octets_and_dynamic_transitions(
stdout	case.toml:stdout:454	96ea1ae632c9a5e1cbe9985a1a988bd0a4f733b2c4015cd32cd0188316636d9e	d5418e062cec915a0af7fa69f8ea17cbedb2bacd566283b2be19216a87d6c4e1	crates/veln-stdlib/veln/http2/hpack_test.veln#test header_block_decoder_preserves_order_octets_and_dynamic_transitions(
stdout	case.toml:stdout:455	0b6865361fef9635b7fef3b5aa500c23c05e7388274d3fb77d40d446405b08b8	d5418e062cec915a0af7fa69f8ea17cbedb2bacd566283b2be19216a87d6c4e1	crates/veln-stdlib/veln/http2/hpack_test.veln#test header_block_decoder_preserves_order_octets_and_dynamic_transitions(
stdout	case.toml:stdout:456	522b694570b041f9215cb2414e76be5f18b0ed427e8b4fc3ab96d2c04211678d	d5418e062cec915a0af7fa69f8ea17cbedb2bacd566283b2be19216a87d6c4e1	crates/veln-stdlib/veln/http2/hpack_test.veln#test header_block_decoder_preserves_order_octets_and_dynamic_transitions(
stdout	case.toml:stdout:457	09f62f4f3d79ac462f95102287de92df3005a773baa177070cefcd8f9cba581d	d5418e062cec915a0af7fa69f8ea17cbedb2bacd566283b2be19216a87d6c4e1	crates/veln-stdlib/veln/http2/hpack_test.veln#test header_block_decoder_preserves_order_octets_and_dynamic_transitions(
stdout	case.toml:stdout:458	c0a3101c0102c0e5ee54dabac53b0c63dedf70af618d7b43e46f733495868b93	d5418e062cec915a0af7fa69f8ea17cbedb2bacd566283b2be19216a87d6c4e1	crates/veln-stdlib/veln/http2/hpack_test.veln#test header_block_decoder_preserves_order_octets_and_dynamic_transitions(
stdout	case.toml:stdout:459	7f1ab7bf4ce439b16e03f041615015eabafe24a2ceee356a48e206ec428b00e4	d5418e062cec915a0af7fa69f8ea17cbedb2bacd566283b2be19216a87d6c4e1	crates/veln-stdlib/veln/http2/hpack_test.veln#test header_block_decoder_preserves_order_octets_and_dynamic_transitions(
stdout	case.toml:stdout:460	15a3d80c71d60fc893fcd5fdb9779a01e1dd3b86dfc1f6e3c40ec8c4bba2d686	d5418e062cec915a0af7fa69f8ea17cbedb2bacd566283b2be19216a87d6c4e1	crates/veln-stdlib/veln/http2/hpack_test.veln#test header_block_decoder_preserves_order_octets_and_dynamic_transitions(
stdout	case.toml:stdout:461	4f6f7722428f6c6bc8a9840bbb7c3c54672efd16a81c0603ae54bc99820738c2	d5418e062cec915a0af7fa69f8ea17cbedb2bacd566283b2be19216a87d6c4e1	crates/veln-stdlib/veln/http2/hpack_test.veln#test header_block_decoder_preserves_order_octets_and_dynamic_transitions(
stdout	case.toml:stdout:462	c88a48fc699f4936d6c5df540ddf65d2631485bb2da752e1eb6af0f801947948	d5418e062cec915a0af7fa69f8ea17cbedb2bacd566283b2be19216a87d6c4e1	crates/veln-stdlib/veln/http2/hpack_test.veln#test header_block_decoder_preserves_order_octets_and_dynamic_transitions(
stdout	case.toml:stdout:463	8fddedf21796a89d580e6d8ea29e6b971e1fe2f526cf70eea2cd80f1afa155e0	d5418e062cec915a0af7fa69f8ea17cbedb2bacd566283b2be19216a87d6c4e1	crates/veln-stdlib/veln/http2/hpack_test.veln#test header_block_decoder_preserves_order_octets_and_dynamic_transitions(
stdout	case.toml:stdout:464	92e791b4622e4bade0bf487f07753a1e5be0308583afeded3ab7a1e8a45cc062	d5418e062cec915a0af7fa69f8ea17cbedb2bacd566283b2be19216a87d6c4e1	crates/veln-stdlib/veln/http2/hpack_test.veln#test header_block_decoder_preserves_order_octets_and_dynamic_transitions(
stdout	case.toml:stdout:465	1357131327f956822c21652d75f55a2193096c02418d6eb1137f28a414b6ea1b	d5418e062cec915a0af7fa69f8ea17cbedb2bacd566283b2be19216a87d6c4e1	crates/veln-stdlib/veln/http2/hpack_test.veln#test header_block_decoder_preserves_order_octets_and_dynamic_transitions(
stdout	case.toml:stdout:466	37f2b5c13fadff1a518f5ef1b5aa6f0c2898a94103803f1232ac8acfc4f9faa6	d5418e062cec915a0af7fa69f8ea17cbedb2bacd566283b2be19216a87d6c4e1	crates/veln-stdlib/veln/http2/hpack_test.veln#test header_block_decoder_preserves_order_octets_and_dynamic_transitions(
stdout	case.toml:stdout:467	92be4b5b6ba9d4aa921aa28e256d5af38dece8f2da6a6a603bdc405b7c402efb	d5418e062cec915a0af7fa69f8ea17cbedb2bacd566283b2be19216a87d6c4e1	crates/veln-stdlib/veln/http2/hpack_test.veln#test header_block_decoder_preserves_order_octets_and_dynamic_transitions(
stdout	case.toml:stdout:468	785feabd7da556672c7792b6a99fe30d84c8445f442f90e72c8fa856d478cbc9	d5418e062cec915a0af7fa69f8ea17cbedb2bacd566283b2be19216a87d6c4e1	crates/veln-stdlib/veln/http2/hpack_test.veln#test header_block_decoder_preserves_order_octets_and_dynamic_transitions(
stdout	case.toml:stdout:469	c854c69b7e9a7697dd7b50792a942a013ac9805c3b4431c468a6c06fe98d200a	d5418e062cec915a0af7fa69f8ea17cbedb2bacd566283b2be19216a87d6c4e1	crates/veln-stdlib/veln/http2/hpack_test.veln#test header_block_decoder_preserves_order_octets_and_dynamic_transitions(
stdout	case.toml:stdout:470	0eb025726f2f08d90a5fb89454340b59c1c733fff65ce9a04b5fc7975de62b67	d5418e062cec915a0af7fa69f8ea17cbedb2bacd566283b2be19216a87d6c4e1	crates/veln-stdlib/veln/http2/hpack_test.veln#test header_block_decoder_preserves_order_octets_and_dynamic_transitions(
stdout	case.toml:stdout:471	aa7f606a3552c5e31c982e86b7a60685d9b508e238708519972bb2dbf0237625	d5418e062cec915a0af7fa69f8ea17cbedb2bacd566283b2be19216a87d6c4e1	crates/veln-stdlib/veln/http2/hpack_test.veln#test header_block_decoder_preserves_order_octets_and_dynamic_transitions(
stdout	case.toml:stdout:472	128e14645c668008f95ebffeb8cb062fd0086c202dcceb5381924fd2b37502e4	d5418e062cec915a0af7fa69f8ea17cbedb2bacd566283b2be19216a87d6c4e1	crates/veln-stdlib/veln/http2/hpack_test.veln#test header_block_decoder_preserves_order_octets_and_dynamic_transitions(
stdout	case.toml:stdout:473	15d7ada128eed7d4cb904a299fcb60a2c3218073bd981b65752b49bdb5ab3c42	d5418e062cec915a0af7fa69f8ea17cbedb2bacd566283b2be19216a87d6c4e1	crates/veln-stdlib/veln/http2/hpack_test.veln#test header_block_decoder_preserves_order_octets_and_dynamic_transitions(
stdout	case.toml:stdout:474	cef61743c6d037a00a67af6e1801d2b0326a3e577577efb0f61cdf400e64e040	d5418e062cec915a0af7fa69f8ea17cbedb2bacd566283b2be19216a87d6c4e1	crates/veln-stdlib/veln/http2/hpack_test.veln#test header_block_decoder_preserves_order_octets_and_dynamic_transitions(
stdout	case.toml:stdout:475	def0c6c4a8537e9b08d7eadbc003dce5bc98576327cf1f6e744d0bd46edd4774	d5418e062cec915a0af7fa69f8ea17cbedb2bacd566283b2be19216a87d6c4e1	crates/veln-stdlib/veln/http2/hpack_test.veln#test header_block_decoder_preserves_order_octets_and_dynamic_transitions(
stdout	case.toml:stdout:476	7107b2b36cd08d5a41a25c2b95392f6b84c841ac77ea05fd6c6710cd81914608	d5418e062cec915a0af7fa69f8ea17cbedb2bacd566283b2be19216a87d6c4e1	crates/veln-stdlib/veln/http2/hpack_test.veln#test header_block_decoder_preserves_order_octets_and_dynamic_transitions(
stdout	case.toml:stdout:477	6287da53a20cbbf3aa046e29d7b83c7f82082b5f068902718714f7fe30e7a769	d5418e062cec915a0af7fa69f8ea17cbedb2bacd566283b2be19216a87d6c4e1	crates/veln-stdlib/veln/http2/hpack_test.veln#test header_block_decoder_preserves_order_octets_and_dynamic_transitions(
stdout	case.toml:stdout:478	5617329a5e72b79ae5dd26ba9e8d59ffa58d9ca1a215eb33a9d2841e78662f72	d5418e062cec915a0af7fa69f8ea17cbedb2bacd566283b2be19216a87d6c4e1	crates/veln-stdlib/veln/http2/hpack_test.veln#test header_block_decoder_preserves_order_octets_and_dynamic_transitions(
stdout	case.toml:stdout:479	fe321dbd68c010a5a11cba5fdc963b501fa0e7d082def06d3b723856d42a25a8	d5418e062cec915a0af7fa69f8ea17cbedb2bacd566283b2be19216a87d6c4e1	crates/veln-stdlib/veln/http2/hpack_test.veln#test header_block_decoder_preserves_order_octets_and_dynamic_transitions(
stdout	case.toml:stdout:480	436192fe4bf1e83a7a464753d3098a20086d355da757784a02d3bb3327dfdc56	d5418e062cec915a0af7fa69f8ea17cbedb2bacd566283b2be19216a87d6c4e1	crates/veln-stdlib/veln/http2/hpack_test.veln#test header_block_decoder_preserves_order_octets_and_dynamic_transitions(
stdout	case.toml:stdout:481	ce22d0777dedb0a97cbe6008d4bc3290c391def3f65d785f2b32b5d70e804af7	d5418e062cec915a0af7fa69f8ea17cbedb2bacd566283b2be19216a87d6c4e1	crates/veln-stdlib/veln/http2/hpack_test.veln#test header_block_decoder_preserves_order_octets_and_dynamic_transitions(
stdout	case.toml:stdout:482	495ba9a4f407d50ed7fe6459df4773d9775b3790367363be10c136d40c357f10	d5418e062cec915a0af7fa69f8ea17cbedb2bacd566283b2be19216a87d6c4e1	crates/veln-stdlib/veln/http2/hpack_test.veln#test header_block_decoder_preserves_order_octets_and_dynamic_transitions(
stdout	case.toml:stdout:483	f00cc4f778eca31858d6bb478cbe0554400f5a563f8df68e2b3a7a33b97f056b	d5418e062cec915a0af7fa69f8ea17cbedb2bacd566283b2be19216a87d6c4e1	crates/veln-stdlib/veln/http2/hpack_test.veln#test header_block_decoder_preserves_order_octets_and_dynamic_transitions(
stdout	case.toml:stdout:484	8e643356d950491e20447d3050e5ca8d424212beae2128379b9cad0efabc72c7	d5418e062cec915a0af7fa69f8ea17cbedb2bacd566283b2be19216a87d6c4e1	crates/veln-stdlib/veln/http2/hpack_test.veln#test header_block_decoder_preserves_order_octets_and_dynamic_transitions(
stdout	case.toml:stdout:485	1b8bf74319421306f4357d1092aefe0ad819adc7dad3f2b737abc678be5b3e80	d5418e062cec915a0af7fa69f8ea17cbedb2bacd566283b2be19216a87d6c4e1	crates/veln-stdlib/veln/http2/hpack_test.veln#test header_block_decoder_preserves_order_octets_and_dynamic_transitions(
stdout	case.toml:stdout:486	9d5029074aee0fa767f2a71248d823bef8689049d50dc2cbafa08e24cf662a31	d5418e062cec915a0af7fa69f8ea17cbedb2bacd566283b2be19216a87d6c4e1	crates/veln-stdlib/veln/http2/hpack_test.veln#test header_block_decoder_preserves_order_octets_and_dynamic_transitions(
stdout	case.toml:stdout:487	f2c6365d40c5d2304e3dbe73625cb3c206a6aa78a16ecb62d765d109157d8063	d5418e062cec915a0af7fa69f8ea17cbedb2bacd566283b2be19216a87d6c4e1	crates/veln-stdlib/veln/http2/hpack_test.veln#test header_block_decoder_preserves_order_octets_and_dynamic_transitions(
stdout	case.toml:stdout:488	b34a387c04241b52a8ff4fc5b64b942f370802bfc2356070bf95ef83691a4f9b	d5418e062cec915a0af7fa69f8ea17cbedb2bacd566283b2be19216a87d6c4e1	crates/veln-stdlib/veln/http2/hpack_test.veln#test header_block_decoder_preserves_order_octets_and_dynamic_transitions(
stdout	case.toml:stdout:489	68f1a8def5d52d8f79f9d442bfc77b8ce89e9ab0222d8053bb20118f5c8793f8	d5418e062cec915a0af7fa69f8ea17cbedb2bacd566283b2be19216a87d6c4e1	crates/veln-stdlib/veln/http2/hpack_test.veln#test header_block_decoder_preserves_order_octets_and_dynamic_transitions(
stdout	case.toml:stdout:490	20fe60733b4bda0af8da48c2dd2814b41641526580cad4837b60f344a289b067	d5418e062cec915a0af7fa69f8ea17cbedb2bacd566283b2be19216a87d6c4e1	crates/veln-stdlib/veln/http2/hpack_test.veln#test header_block_decoder_preserves_order_octets_and_dynamic_transitions(
stdout	case.toml:stdout:491	d7a4acf49ff193b6ade3a869142ee3d16ff75a245618a02d934dac5995a724c8	d5418e062cec915a0af7fa69f8ea17cbedb2bacd566283b2be19216a87d6c4e1	crates/veln-stdlib/veln/http2/hpack_test.veln#test header_block_decoder_preserves_order_octets_and_dynamic_transitions(
stdout	case.toml:stdout:492	0fb8f51040d4c4b6f6c2082929286cf05c58a5af68ef16fa1fb04ac38819041b	d5418e062cec915a0af7fa69f8ea17cbedb2bacd566283b2be19216a87d6c4e1	crates/veln-stdlib/veln/http2/hpack_test.veln#test header_block_decoder_preserves_order_octets_and_dynamic_transitions(
stdout	case.toml:stdout:493	e404881358a161711b1c99bbbc5e0453ade7973f2f1db595e69bcf47c0fcc419	d5418e062cec915a0af7fa69f8ea17cbedb2bacd566283b2be19216a87d6c4e1	crates/veln-stdlib/veln/http2/hpack_test.veln#test header_block_decoder_preserves_order_octets_and_dynamic_transitions(
stdout	case.toml:stdout:494	9f854cefc4019311cffe74ebefd6c8231ad315e869b12aa64524b1fe3561d402	d5418e062cec915a0af7fa69f8ea17cbedb2bacd566283b2be19216a87d6c4e1	crates/veln-stdlib/veln/http2/hpack_test.veln#test header_block_decoder_preserves_order_octets_and_dynamic_transitions(
stdout	case.toml:stdout:495	7216b18ab7374cc28f5388a0bfdfc0b9fdcce9334480a5d1258f1f222c428b8e	d5418e062cec915a0af7fa69f8ea17cbedb2bacd566283b2be19216a87d6c4e1	crates/veln-stdlib/veln/http2/hpack_test.veln#test header_block_decoder_preserves_order_octets_and_dynamic_transitions(
stdout	case.toml:stdout:496	be2407a94078cac177a270e9b3bda5ebe5d1e0cb502d6c7c09a0ea03d612d521	d5418e062cec915a0af7fa69f8ea17cbedb2bacd566283b2be19216a87d6c4e1	crates/veln-stdlib/veln/http2/hpack_test.veln#test header_block_decoder_preserves_order_octets_and_dynamic_transitions(
stdout	case.toml:stdout:497	54251b377050f1cf4678431b75450c5f6d97a5d90241394b38f6482927c3b560	d5418e062cec915a0af7fa69f8ea17cbedb2bacd566283b2be19216a87d6c4e1	crates/veln-stdlib/veln/http2/hpack_test.veln#test header_block_decoder_preserves_order_octets_and_dynamic_transitions(
stdout	case.toml:stdout:498	d4c808a03756931dd1b879f23bbae8036a0c36a1e6e51f88784165c5b3e73784	d5418e062cec915a0af7fa69f8ea17cbedb2bacd566283b2be19216a87d6c4e1	crates/veln-stdlib/veln/http2/hpack_test.veln#test header_block_decoder_preserves_order_octets_and_dynamic_transitions(
stdout	case.toml:stdout:499	9fffcbc4b1c0989cc4e16c4628b2880bd3b9df448cc418ebcedb76c6db1458a2	d5418e062cec915a0af7fa69f8ea17cbedb2bacd566283b2be19216a87d6c4e1	crates/veln-stdlib/veln/http2/hpack_test.veln#test header_block_decoder_preserves_order_octets_and_dynamic_transitions(
stdout	case.toml:stdout:500	21c04f7ffaf137128ec98db87f9775a1c8a094ca911b3455ca1a843fdcffdf88	d5418e062cec915a0af7fa69f8ea17cbedb2bacd566283b2be19216a87d6c4e1	crates/veln-stdlib/veln/http2/hpack_test.veln#test header_block_decoder_preserves_order_octets_and_dynamic_transitions(
stdout	case.toml:stdout:501	9b99381f33d5119cd194374b177efb81327eecc8a2ea9f172929735eb8d0ab44	d5418e062cec915a0af7fa69f8ea17cbedb2bacd566283b2be19216a87d6c4e1	crates/veln-stdlib/veln/http2/hpack_test.veln#test header_block_decoder_preserves_order_octets_and_dynamic_transitions(
stdout	case.toml:stdout:502	ced7a656232c98425f4eec408e8d710c8360120219fd77842a0317c095c6e4b4	d5418e062cec915a0af7fa69f8ea17cbedb2bacd566283b2be19216a87d6c4e1	crates/veln-stdlib/veln/http2/hpack_test.veln#test header_block_decoder_preserves_order_octets_and_dynamic_transitions(
stdout	case.toml:stdout:503	4f2728a18aa150d428a3c66b206bba9ce6fedfa14bb74991aba619073bfeaf96	d5418e062cec915a0af7fa69f8ea17cbedb2bacd566283b2be19216a87d6c4e1	crates/veln-stdlib/veln/http2/hpack_test.veln#test header_block_decoder_preserves_order_octets_and_dynamic_transitions(
stdout	case.toml:stdout:504	d0daa8ccd796e9b06de922267c53d0aa229fe30d19a0837bb2d0e47b17e28f3e	d5418e062cec915a0af7fa69f8ea17cbedb2bacd566283b2be19216a87d6c4e1	crates/veln-stdlib/veln/http2/hpack_test.veln#test header_block_decoder_preserves_order_octets_and_dynamic_transitions(
stdout	case.toml:stdout:505	fa1ba2f92c3aaf6868342afbcc22c57d7cb38f35f8f7585a011a6ea24d470403	d5418e062cec915a0af7fa69f8ea17cbedb2bacd566283b2be19216a87d6c4e1	crates/veln-stdlib/veln/http2/hpack_test.veln#test header_block_decoder_preserves_order_octets_and_dynamic_transitions(
stdout	case.toml:stdout:506	482fa0e0b5a264862d59afed135493bede53d007ba482823fa5f537128366e81	d5418e062cec915a0af7fa69f8ea17cbedb2bacd566283b2be19216a87d6c4e1	crates/veln-stdlib/veln/http2/hpack_test.veln#test header_block_decoder_preserves_order_octets_and_dynamic_transitions(
stdout	case.toml:stdout:507	54d660902f3f0c5085ca111c69d8f39a2e8b6d0cc211bccd48ea9aa6834611e0	d5418e062cec915a0af7fa69f8ea17cbedb2bacd566283b2be19216a87d6c4e1	crates/veln-stdlib/veln/http2/hpack_test.veln#test header_block_decoder_preserves_order_octets_and_dynamic_transitions(
stdout	case.toml:stdout:508	515bffd8d36bc81d88c68773918e938d3445d19eb92bdc06ba8f6c276b81ff48	d5418e062cec915a0af7fa69f8ea17cbedb2bacd566283b2be19216a87d6c4e1	crates/veln-stdlib/veln/http2/hpack_test.veln#test header_block_decoder_preserves_order_octets_and_dynamic_transitions(
stdout	case.toml:stdout:509	9576fc717ceb5566ccf1297218bfc7b3f913c4393306c3c48444e446aaeaf91e	d5418e062cec915a0af7fa69f8ea17cbedb2bacd566283b2be19216a87d6c4e1	crates/veln-stdlib/veln/http2/hpack_test.veln#test header_block_decoder_preserves_order_octets_and_dynamic_transitions(
stdout	case.toml:stdout:510	5b0bb9f007f0d71fe91913fdcee18429681674cbed380c214455d3021e4abc91	d5418e062cec915a0af7fa69f8ea17cbedb2bacd566283b2be19216a87d6c4e1	crates/veln-stdlib/veln/http2/hpack_test.veln#test header_block_decoder_preserves_order_octets_and_dynamic_transitions(
stdout	case.toml:stdout:511	765d768f548028f2854ed871f43b0dca98d6e77f34cc15c9318a8d5068648c37	d5418e062cec915a0af7fa69f8ea17cbedb2bacd566283b2be19216a87d6c4e1	crates/veln-stdlib/veln/http2/hpack_test.veln#test header_block_decoder_preserves_order_octets_and_dynamic_transitions(
stdout	case.toml:stdout:512	441ad13f824bee81024c58e077700458b03e4a6b32879b845bb2cb4c5a16667f	d5418e062cec915a0af7fa69f8ea17cbedb2bacd566283b2be19216a87d6c4e1	crates/veln-stdlib/veln/http2/hpack_test.veln#test header_block_decoder_preserves_order_octets_and_dynamic_transitions(
stdout	case.toml:stdout:513	f201d51a01b6cab8c158f933d3dac30291a8629ab11eb1b86ba43df708fdc4e6	d5418e062cec915a0af7fa69f8ea17cbedb2bacd566283b2be19216a87d6c4e1	crates/veln-stdlib/veln/http2/hpack_test.veln#test header_block_decoder_preserves_order_octets_and_dynamic_transitions(
stdout	case.toml:stdout:514	06f88594b26a40fee9071770aaa2321ec71fc392f2e2b6abb6e2a445f593c656	d5418e062cec915a0af7fa69f8ea17cbedb2bacd566283b2be19216a87d6c4e1	crates/veln-stdlib/veln/http2/hpack_test.veln#test header_block_decoder_preserves_order_octets_and_dynamic_transitions(
stdout	case.toml:stdout:515	51b6bee1db821a3faab4dfb2155ccf36ea82ba0a23aa9efe4bde66c72019fd13	d5418e062cec915a0af7fa69f8ea17cbedb2bacd566283b2be19216a87d6c4e1	crates/veln-stdlib/veln/http2/hpack_test.veln#test header_block_decoder_preserves_order_octets_and_dynamic_transitions(
stdout	case.toml:stdout:516	51d691b3f2abfcc4b63e7f0deac9421553fddb543722a104bcfa5a6f25e5bfac	d5418e062cec915a0af7fa69f8ea17cbedb2bacd566283b2be19216a87d6c4e1	crates/veln-stdlib/veln/http2/hpack_test.veln#test header_block_decoder_preserves_order_octets_and_dynamic_transitions(
stdout	case.toml:stdout:517	a65c10ae352c7e4d95a9b09bbb7bb3c8e21224a60312050d723915723831cf7e	d5418e062cec915a0af7fa69f8ea17cbedb2bacd566283b2be19216a87d6c4e1	crates/veln-stdlib/veln/http2/hpack_test.veln#test header_block_decoder_preserves_order_octets_and_dynamic_transitions(
stdout	case.toml:stdout:518	54d07d6f3de9f5a555d6f8eada885678ff94b955bf18c804168f31f64b4ad6c0	d5418e062cec915a0af7fa69f8ea17cbedb2bacd566283b2be19216a87d6c4e1	crates/veln-stdlib/veln/http2/hpack_test.veln#test header_block_decoder_preserves_order_octets_and_dynamic_transitions(
stdout	case.toml:stdout:519	ff70cc64118d1a625c57d214af02a15ba110a76df4958a0b233beef239009b11	d5418e062cec915a0af7fa69f8ea17cbedb2bacd566283b2be19216a87d6c4e1	crates/veln-stdlib/veln/http2/hpack_test.veln#test header_block_decoder_preserves_order_octets_and_dynamic_transitions(
stdout	case.toml:stdout:520	ab3b2aa500820685ff457bdbe48308286ec967b6cf696c8df09a40f329485a17	d5418e062cec915a0af7fa69f8ea17cbedb2bacd566283b2be19216a87d6c4e1	crates/veln-stdlib/veln/http2/hpack_test.veln#test header_block_decoder_preserves_order_octets_and_dynamic_transitions(
stdout	case.toml:stdout:521	1127a28ac6719155384d9cbbc42d6bc9bc7716f3f0c8d816e8d670f6ab38c9b2	d5418e062cec915a0af7fa69f8ea17cbedb2bacd566283b2be19216a87d6c4e1	crates/veln-stdlib/veln/http2/hpack_test.veln#test header_block_decoder_preserves_order_octets_and_dynamic_transitions(
stdout	case.toml:stdout:522	08ebb7cde985bf004ae7b19d8a3a19afc8409d8323e1c21b9927ef731f2e6186	d5418e062cec915a0af7fa69f8ea17cbedb2bacd566283b2be19216a87d6c4e1	crates/veln-stdlib/veln/http2/hpack_test.veln#test header_block_decoder_preserves_order_octets_and_dynamic_transitions(
stdout	case.toml:stdout:523	ffc3ab8772ef529705231fe6fd3046171a563a7306a0aa4c143ea7dcf59ba5e3	d5418e062cec915a0af7fa69f8ea17cbedb2bacd566283b2be19216a87d6c4e1	crates/veln-stdlib/veln/http2/hpack_test.veln#test header_block_decoder_preserves_order_octets_and_dynamic_transitions(
stdout	case.toml:stdout:524	89ebea7c90fd784f92b3f3d3f47b31661e19a7d5ae3db8a8dcfe78307919db67	d5418e062cec915a0af7fa69f8ea17cbedb2bacd566283b2be19216a87d6c4e1	crates/veln-stdlib/veln/http2/hpack_test.veln#test header_block_decoder_preserves_order_octets_and_dynamic_transitions(
stdout	case.toml:stdout:525	722dd3fcf634a908415fd3bc4ef597f5b66ffc2c01461b0f53e16b2942279ca2	d5418e062cec915a0af7fa69f8ea17cbedb2bacd566283b2be19216a87d6c4e1	crates/veln-stdlib/veln/http2/hpack_test.veln#test header_block_decoder_preserves_order_octets_and_dynamic_transitions(
stdout	case.toml:stdout:526	c2006da7c433c8f2c5b7711f49ef54ac72fa46d2f82d5664fe33416cdbcd4a8b	d5418e062cec915a0af7fa69f8ea17cbedb2bacd566283b2be19216a87d6c4e1	crates/veln-stdlib/veln/http2/hpack_test.veln#test header_block_decoder_preserves_order_octets_and_dynamic_transitions(
stdout	case.toml:stdout:527	bd57290b53db6ad65fbab12c17541999e6a789e9cf15ef0b9fd9c878fbdb0373	d5418e062cec915a0af7fa69f8ea17cbedb2bacd566283b2be19216a87d6c4e1	crates/veln-stdlib/veln/http2/hpack_test.veln#test header_block_decoder_preserves_order_octets_and_dynamic_transitions(
stdout	case.toml:stdout:528	ae768af91328c38c09313d48354c229872d11439009cb749e10913dd3fd79291	d5418e062cec915a0af7fa69f8ea17cbedb2bacd566283b2be19216a87d6c4e1	crates/veln-stdlib/veln/http2/hpack_test.veln#test header_block_decoder_preserves_order_octets_and_dynamic_transitions(
stdout	case.toml:stdout:529	74c04c1e6ce89c90108b1c9f83fc327990f607dd864e48b91f9d435f044a407d	d5418e062cec915a0af7fa69f8ea17cbedb2bacd566283b2be19216a87d6c4e1	crates/veln-stdlib/veln/http2/hpack_test.veln#test header_block_decoder_preserves_order_octets_and_dynamic_transitions(
stdout	case.toml:stdout:530	caa0446d6687af9c65e2f58d479e366b2b9469556e80b60361ab2bf0afe16c26	d5418e062cec915a0af7fa69f8ea17cbedb2bacd566283b2be19216a87d6c4e1	crates/veln-stdlib/veln/http2/hpack_test.veln#test header_block_decoder_preserves_order_octets_and_dynamic_transitions(
stdout	case.toml:stdout:531	bbd6c1e460be343dc03ca994ad4705c97f55c7cdd0a8fe8f47bb9a2b5e2bb718	d5418e062cec915a0af7fa69f8ea17cbedb2bacd566283b2be19216a87d6c4e1	crates/veln-stdlib/veln/http2/hpack_test.veln#test header_block_decoder_preserves_order_octets_and_dynamic_transitions(
stdout	case.toml:stdout:532	5c2c93f54e68f54e880332b2663ba82d9afca257bdeed1190df06fa3991c9cd0	d5418e062cec915a0af7fa69f8ea17cbedb2bacd566283b2be19216a87d6c4e1	crates/veln-stdlib/veln/http2/hpack_test.veln#test header_block_decoder_preserves_order_octets_and_dynamic_transitions(
stdout	case.toml:stdout:533	8df2147efdb8559e71dcbdc11182ea52fc49ef02ca65428092aebc79c1f4e3ed	d5418e062cec915a0af7fa69f8ea17cbedb2bacd566283b2be19216a87d6c4e1	crates/veln-stdlib/veln/http2/hpack_test.veln#test header_block_decoder_preserves_order_octets_and_dynamic_transitions(
stdout	case.toml:stdout:534	223b515b7fda34cad10272dd5095cdcaf74137e23d08ee9c84d86ed74b459385	d5418e062cec915a0af7fa69f8ea17cbedb2bacd566283b2be19216a87d6c4e1	crates/veln-stdlib/veln/http2/hpack_test.veln#test header_block_decoder_preserves_order_octets_and_dynamic_transitions(
stdout	case.toml:stdout:535	3c6866e70bb6e341e6e2307b9da4164cde98b03d9c5323d40fd7c0075973461a	d5418e062cec915a0af7fa69f8ea17cbedb2bacd566283b2be19216a87d6c4e1	crates/veln-stdlib/veln/http2/hpack_test.veln#test header_block_decoder_preserves_order_octets_and_dynamic_transitions(
stdout	case.toml:stdout:536	5609fc76e7fdee72b73fc27bd834c5a8a059345acb8548a7b67d68b71c0e4d68	d5418e062cec915a0af7fa69f8ea17cbedb2bacd566283b2be19216a87d6c4e1	crates/veln-stdlib/veln/http2/hpack_test.veln#test header_block_decoder_preserves_order_octets_and_dynamic_transitions(
stdout	case.toml:stdout:537	37fcaac7edf68562f2468023c48c684033ddb4f6a0b4c5aa2474eab4ac49dd95	d5418e062cec915a0af7fa69f8ea17cbedb2bacd566283b2be19216a87d6c4e1	crates/veln-stdlib/veln/http2/hpack_test.veln#test header_block_decoder_preserves_order_octets_and_dynamic_transitions(
stdout	case.toml:stdout:538	917af87ceb14a56840b80ba3c48e88937425854da3b8ad7f0e2a7f2787ddfda4	d5418e062cec915a0af7fa69f8ea17cbedb2bacd566283b2be19216a87d6c4e1	crates/veln-stdlib/veln/http2/hpack_test.veln#test header_block_decoder_preserves_order_octets_and_dynamic_transitions(
stdout	case.toml:stdout:539	cfe79d107056484707c7d39a6d4343a932482ae416554408a39333e32bc8ff5f	d5418e062cec915a0af7fa69f8ea17cbedb2bacd566283b2be19216a87d6c4e1	crates/veln-stdlib/veln/http2/hpack_test.veln#test header_block_decoder_preserves_order_octets_and_dynamic_transitions(
stdout	case.toml:stdout:540	ba1e2a0e73564a2fe80b980bf62838c5d742eb2d3f4acff019af8497a4724cc5	d5418e062cec915a0af7fa69f8ea17cbedb2bacd566283b2be19216a87d6c4e1	crates/veln-stdlib/veln/http2/hpack_test.veln#test header_block_decoder_preserves_order_octets_and_dynamic_transitions(
stdout	case.toml:stdout:541	5bad8d37e8ce4686a3fa583d4bbc163ea4de5fef9a1c5e773dcb2e9ac62419a9	d5418e062cec915a0af7fa69f8ea17cbedb2bacd566283b2be19216a87d6c4e1	crates/veln-stdlib/veln/http2/hpack_test.veln#test header_block_decoder_preserves_order_octets_and_dynamic_transitions(
stdout	case.toml:stdout:542	396a21a5ba81c5c271edbc0fc6dd60d20028f217c3b8e1129c8b834ff0142470	d5418e062cec915a0af7fa69f8ea17cbedb2bacd566283b2be19216a87d6c4e1	crates/veln-stdlib/veln/http2/hpack_test.veln#test header_block_decoder_preserves_order_octets_and_dynamic_transitions(
stdout	case.toml:stdout:543	b58f8c0ab828d124551a16c3fdf1a303262d6a104a6eaa0dcfc9c89e8d7b998e	d5418e062cec915a0af7fa69f8ea17cbedb2bacd566283b2be19216a87d6c4e1	crates/veln-stdlib/veln/http2/hpack_test.veln#test header_block_decoder_preserves_order_octets_and_dynamic_transitions(
stdout	case.toml:stdout:544	0fae683474e6dfc4180296ec4b467e444dd9d27b204f1c5f774f1d6b3fb51f92	d5418e062cec915a0af7fa69f8ea17cbedb2bacd566283b2be19216a87d6c4e1	crates/veln-stdlib/veln/http2/hpack_test.veln#test header_block_decoder_preserves_order_octets_and_dynamic_transitions(
stdout	case.toml:stdout:545	ec80aee0c4a761db0a963d78c660b7e72be05d3fc213911f55136419cd8bc698	d5418e062cec915a0af7fa69f8ea17cbedb2bacd566283b2be19216a87d6c4e1	crates/veln-stdlib/veln/http2/hpack_test.veln#test header_block_decoder_preserves_order_octets_and_dynamic_transitions(
stdout	case.toml:stdout:546	164593a80ded209a8cbbccb21a7361a1adbac697d43c3b5dc201ade5a9779a98	d5418e062cec915a0af7fa69f8ea17cbedb2bacd566283b2be19216a87d6c4e1	crates/veln-stdlib/veln/http2/hpack_test.veln#test header_block_decoder_preserves_order_octets_and_dynamic_transitions(
stdout	case.toml:stdout:547	fde921a613348e75a32a72ee92c9da0399ceaec16ee340120a9f586085424b67	d5418e062cec915a0af7fa69f8ea17cbedb2bacd566283b2be19216a87d6c4e1	crates/veln-stdlib/veln/http2/hpack_test.veln#test header_block_decoder_preserves_order_octets_and_dynamic_transitions(
stdout	case.toml:stdout:548	faf48b8551ba974edc04b62b931e1c2430ecf6cda9917ab4748973dfd22adaac	d5418e062cec915a0af7fa69f8ea17cbedb2bacd566283b2be19216a87d6c4e1	crates/veln-stdlib/veln/http2/hpack_test.veln#test header_block_decoder_preserves_order_octets_and_dynamic_transitions(
stdout	case.toml:stdout:549	eef5524a29d0bcc67d8ffb40a00c5dd78cd5c4cf99b9be642b5c8337ad1fc7c2	d5418e062cec915a0af7fa69f8ea17cbedb2bacd566283b2be19216a87d6c4e1	crates/veln-stdlib/veln/http2/hpack_test.veln#test header_block_decoder_preserves_order_octets_and_dynamic_transitions(
stdout	case.toml:stdout:550	5a67071c5367eb2182a2bd9db2a910b385e5b1af1fc73db4887cf80a25c199d4	d5418e062cec915a0af7fa69f8ea17cbedb2bacd566283b2be19216a87d6c4e1	crates/veln-stdlib/veln/http2/hpack_test.veln#test header_block_decoder_preserves_order_octets_and_dynamic_transitions(
stdout	case.toml:stdout:551	589b9e303590eaa72f142209ad832ab6d6bf4903fcc1a7057255cd4b3a3fd361	d5418e062cec915a0af7fa69f8ea17cbedb2bacd566283b2be19216a87d6c4e1	crates/veln-stdlib/veln/http2/hpack_test.veln#test header_block_decoder_preserves_order_octets_and_dynamic_transitions(
stdout	case.toml:stdout:552	e7c16e1660e3398af0f86cb6a9a656e14a5bc957c5fbb10b264e3219acafae08	d5418e062cec915a0af7fa69f8ea17cbedb2bacd566283b2be19216a87d6c4e1	crates/veln-stdlib/veln/http2/hpack_test.veln#test header_block_decoder_preserves_order_octets_and_dynamic_transitions(
stdout	case.toml:stdout:553	98da4f9c92eec4d4c4bc7517f9a4cab46b544b698123530a81a9bc9ae73ffaff	d5418e062cec915a0af7fa69f8ea17cbedb2bacd566283b2be19216a87d6c4e1	crates/veln-stdlib/veln/http2/hpack_test.veln#test header_block_decoder_preserves_order_octets_and_dynamic_transitions(
stdout	case.toml:stdout:554	1f3b93282d41920791a3ff4552e2da45f92774722a1d942f5aca9b07d09b7216	d5418e062cec915a0af7fa69f8ea17cbedb2bacd566283b2be19216a87d6c4e1	crates/veln-stdlib/veln/http2/hpack_test.veln#test header_block_decoder_preserves_order_octets_and_dynamic_transitions(
stdout	case.toml:stdout:555	7939cc0abbb229185648f1dd062ed7a2e758d681595c1b2d7e84483c50dfb97f	d5418e062cec915a0af7fa69f8ea17cbedb2bacd566283b2be19216a87d6c4e1	crates/veln-stdlib/veln/http2/hpack_test.veln#test header_block_decoder_preserves_order_octets_and_dynamic_transitions(
stdout	case.toml:stdout:556	bf4e5c5fa2b4d4f7bd183c2ef6c94b144bc3c830e22efa2c24d7bfe41857d873	d5418e062cec915a0af7fa69f8ea17cbedb2bacd566283b2be19216a87d6c4e1	crates/veln-stdlib/veln/http2/hpack_test.veln#test header_block_decoder_preserves_order_octets_and_dynamic_transitions(
stdout	case.toml:stdout:557	07b088ff1c6d0fd93bc8d604ed4ed3c32689f1c04b4c61a1ed2fbabd88d23991	d5418e062cec915a0af7fa69f8ea17cbedb2bacd566283b2be19216a87d6c4e1	crates/veln-stdlib/veln/http2/hpack_test.veln#test header_block_decoder_preserves_order_octets_and_dynamic_transitions(
stdout	case.toml:stdout:558	4b3fcfe8e2a0ea9729bf27feb30ec5fd91bdd9a8976eb0a4e25b788ba6bb9a8e	d5418e062cec915a0af7fa69f8ea17cbedb2bacd566283b2be19216a87d6c4e1	crates/veln-stdlib/veln/http2/hpack_test.veln#test header_block_decoder_preserves_order_octets_and_dynamic_transitions(
stdout	case.toml:stdout:559	cac5b398ced61a62c15be610f9f3e729d6ffbcd5505b5f6c4bb17c430bc8e795	d5418e062cec915a0af7fa69f8ea17cbedb2bacd566283b2be19216a87d6c4e1	crates/veln-stdlib/veln/http2/hpack_test.veln#test header_block_decoder_preserves_order_octets_and_dynamic_transitions(
stdout	case.toml:stdout:560	1d5a16f1928e07925cc7585620c2ba72bf236c25d8384a545ea2d2de7d5409a4	6f773725f80ceed94145a40b332b934f42fa3a38dd621d6393653caaa23b5e65	examples/specification/run/http2-protocol-core-header-list-human/case.toml#http2.peer_limit.header_list_size_exceeded
stdout	case.toml:stdout:561	d75b85509e0c24679f39770f99bb108c6f5af152db6b2c90a9ce86752e4058e9	d5418e062cec915a0af7fa69f8ea17cbedb2bacd566283b2be19216a87d6c4e1	crates/veln-stdlib/veln/http2/hpack_test.veln#test header_block_decoder_preserves_order_octets_and_dynamic_transitions(
stdout	case.toml:stdout:562	b9c19f26cbdc15f28dfa935b78db663d5c485e7d7209f6344379b6adb3435f15	d5418e062cec915a0af7fa69f8ea17cbedb2bacd566283b2be19216a87d6c4e1	crates/veln-stdlib/veln/http2/hpack_test.veln#test header_block_decoder_preserves_order_octets_and_dynamic_transitions(
stdout	case.toml:stdout:563	8c34b02779ab401c54d094fa5543c367402b5b6a8d8aa431e0639621f9e081c8	d5418e062cec915a0af7fa69f8ea17cbedb2bacd566283b2be19216a87d6c4e1	crates/veln-stdlib/veln/http2/hpack_test.veln#test header_block_decoder_preserves_order_octets_and_dynamic_transitions(
stdout	case.toml:stdout:564	1d95f81177d060e5739eeb4f289cdc83e795fe44c6dcce23b165874cc6a88657	d5418e062cec915a0af7fa69f8ea17cbedb2bacd566283b2be19216a87d6c4e1	crates/veln-stdlib/veln/http2/hpack_test.veln#test header_block_decoder_preserves_order_octets_and_dynamic_transitions(
stdout	case.toml:stdout:565	ad421a0a06726873d9c518c6f0d3ff9bc9dd3a8fbc27a8187a8901b68305f0e9	6f773725f80ceed94145a40b332b934f42fa3a38dd621d6393653caaa23b5e65	examples/specification/run/http2-protocol-core-header-list-human/case.toml#http2.peer_limit.header_list_size_exceeded
stdout	case.toml:stdout:566	cee7613345f86c93b6bd87fae506b3e6421bf5c4f0fb1f385d29d7b6e0f10d27	d5418e062cec915a0af7fa69f8ea17cbedb2bacd566283b2be19216a87d6c4e1	crates/veln-stdlib/veln/http2/hpack_test.veln#test header_block_decoder_preserves_order_octets_and_dynamic_transitions(
stdout	case.toml:stdout:567	e409ef6e91e0995151f1ea40c875f769cc057417e89e6eeff70604b6982b3436	6f773725f80ceed94145a40b332b934f42fa3a38dd621d6393653caaa23b5e65	examples/specification/run/http2-protocol-core-header-list-human/case.toml#http2.peer_limit.header_list_size_exceeded
stdout	case.toml:stdout:568	28257b8492afef22b9ea4723c8a32a43f3815026e8543a734a65ef84b29e2ae7	778af943c2b5d690cdaf55d7a112d387314b2a451395535ee64985d63b4d13d4	examples/specification/run/http2-protocol-core-hpack-string-length-human/case.toml#hpack.fixture.malformed_string_length
stdout	case.toml:stdout:569	dc66bb6b204586dc9efbd33b0cb7cc1bb68ad8f084515db3f4befe2b07ea75fe	d5418e062cec915a0af7fa69f8ea17cbedb2bacd566283b2be19216a87d6c4e1	crates/veln-stdlib/veln/http2/hpack_test.veln#test header_block_decoder_preserves_order_octets_and_dynamic_transitions(
stdout	case.toml:stdout:570	7df913a180596d5297d83ed3f11304e7aecd4a144a8a4d5dd9251ae8eae4d72f	d5418e062cec915a0af7fa69f8ea17cbedb2bacd566283b2be19216a87d6c4e1	crates/veln-stdlib/veln/http2/hpack_test.veln#test header_block_decoder_preserves_order_octets_and_dynamic_transitions(
stdout	case.toml:stdout:571	79810eaea2978aacecaafff8ee32c6d22040b53bfe9f8a6dafd7e08a21ca7731	d5418e062cec915a0af7fa69f8ea17cbedb2bacd566283b2be19216a87d6c4e1	crates/veln-stdlib/veln/http2/hpack_test.veln#test header_block_decoder_preserves_order_octets_and_dynamic_transitions(
stdout	case.toml:stdout:572	e362516c17ac99d61b342296bb34e595ae7bbd32b536422a646cc074826a2f4f	d5418e062cec915a0af7fa69f8ea17cbedb2bacd566283b2be19216a87d6c4e1	crates/veln-stdlib/veln/http2/hpack_test.veln#test header_block_decoder_preserves_order_octets_and_dynamic_transitions(
stdout	case.toml:stdout:573	22d48ce61183fa8731f2235472502e2efa21bfd5c5bfb78106daeb8fa078f157	d5418e062cec915a0af7fa69f8ea17cbedb2bacd566283b2be19216a87d6c4e1	crates/veln-stdlib/veln/http2/hpack_test.veln#test header_block_decoder_preserves_order_octets_and_dynamic_transitions(
stdout	case.toml:stdout:574	6e97b48b56d06298dfc64db898eb27f6ea6748f0606df3c5b51adca5b5721b02	d5418e062cec915a0af7fa69f8ea17cbedb2bacd566283b2be19216a87d6c4e1	crates/veln-stdlib/veln/http2/hpack_test.veln#test header_block_decoder_preserves_order_octets_and_dynamic_transitions(
stdout	case.toml:stdout:575	d42418506ee4c44f9e0490fa4b288c3542f941a756967223326af1e35dc842b6	d5418e062cec915a0af7fa69f8ea17cbedb2bacd566283b2be19216a87d6c4e1	crates/veln-stdlib/veln/http2/hpack_test.veln#test header_block_decoder_preserves_order_octets_and_dynamic_transitions(
stdout	case.toml:stdout:576	3f1e78609c9d0facfd30b5b2d2f1094349f12e0cf6b53589f6718766aa894f66	d5418e062cec915a0af7fa69f8ea17cbedb2bacd566283b2be19216a87d6c4e1	crates/veln-stdlib/veln/http2/hpack_test.veln#test header_block_decoder_preserves_order_octets_and_dynamic_transitions(
stdout	case.toml:stdout:577	4fbef7431a2d3e54c256e32f6490096a0e0b71c5bece689e47ce8cacd1d07984	d5418e062cec915a0af7fa69f8ea17cbedb2bacd566283b2be19216a87d6c4e1	crates/veln-stdlib/veln/http2/hpack_test.veln#test header_block_decoder_preserves_order_octets_and_dynamic_transitions(
stdout	case.toml:stdout:578	ecbd89c05a7e108a57cc9a3cd568fb56c83ec1d3c8f1509e00db385a6bf94f07	d5418e062cec915a0af7fa69f8ea17cbedb2bacd566283b2be19216a87d6c4e1	crates/veln-stdlib/veln/http2/hpack_test.veln#test header_block_decoder_preserves_order_octets_and_dynamic_transitions(
stdout	case.toml:stdout:579	e02b1bf51d79f18e6232748013f7198dd4ff00e5e6fa7ff0f1601c9d4fa9506b	d5418e062cec915a0af7fa69f8ea17cbedb2bacd566283b2be19216a87d6c4e1	crates/veln-stdlib/veln/http2/hpack_test.veln#test header_block_decoder_preserves_order_octets_and_dynamic_transitions(
stdout	case.toml:stdout:580	529f8c2a14eb6139eb2be7377281da0e081dbdb75e61c17ea83301c5f81897e3	d5418e062cec915a0af7fa69f8ea17cbedb2bacd566283b2be19216a87d6c4e1	crates/veln-stdlib/veln/http2/hpack_test.veln#test header_block_decoder_preserves_order_octets_and_dynamic_transitions(
stdout	case.toml:stdout:581	065a8f06df22ffb61ec4a022ddc0ed2cc41949f9fd03f8966d45b63fa3c3c1c3	d5418e062cec915a0af7fa69f8ea17cbedb2bacd566283b2be19216a87d6c4e1	crates/veln-stdlib/veln/http2/hpack_test.veln#test header_block_decoder_preserves_order_octets_and_dynamic_transitions(
stdout	case.toml:stdout:582	e12837ec49ce25e60c4d90bfa4e06b49c4641c64c3c75d4c8a7c36570fe56cda	d5418e062cec915a0af7fa69f8ea17cbedb2bacd566283b2be19216a87d6c4e1	crates/veln-stdlib/veln/http2/hpack_test.veln#test header_block_decoder_preserves_order_octets_and_dynamic_transitions(
stdout	case.toml:stdout:583	c1b0ddf1c8c8d32cd2abbffa6abea791a71cdec471047cd98c0a6aa640b89dba	d5418e062cec915a0af7fa69f8ea17cbedb2bacd566283b2be19216a87d6c4e1	crates/veln-stdlib/veln/http2/hpack_test.veln#test header_block_decoder_preserves_order_octets_and_dynamic_transitions(
stdout	case.toml:stdout:584	22779782b7f4b040fcf226ba54bfeb8f71059fbae3e3cd169d9aff53ff2d4a25	d5418e062cec915a0af7fa69f8ea17cbedb2bacd566283b2be19216a87d6c4e1	crates/veln-stdlib/veln/http2/hpack_test.veln#test header_block_decoder_preserves_order_octets_and_dynamic_transitions(
stdout	case.toml:stdout:585	0c3762eb1d6da3698633f980f81ef1fe42aa83c11cf3723fc7e9872aca2c6b1d	d5418e062cec915a0af7fa69f8ea17cbedb2bacd566283b2be19216a87d6c4e1	crates/veln-stdlib/veln/http2/hpack_test.veln#test header_block_decoder_preserves_order_octets_and_dynamic_transitions(
stdout	case.toml:stdout:586	19255a1726bfb6a689e289d633c2d869b9f8c35575f3550aa89724fcc23f6929	d5418e062cec915a0af7fa69f8ea17cbedb2bacd566283b2be19216a87d6c4e1	crates/veln-stdlib/veln/http2/hpack_test.veln#test header_block_decoder_preserves_order_octets_and_dynamic_transitions(
stdout	case.toml:stdout:587	2895e2024083dfcf30c457c774529c7430f50ea0773633cba42527030105eef0	d5418e062cec915a0af7fa69f8ea17cbedb2bacd566283b2be19216a87d6c4e1	crates/veln-stdlib/veln/http2/hpack_test.veln#test header_block_decoder_preserves_order_octets_and_dynamic_transitions(
stdout	case.toml:stdout:588	30a33509487718d8d69475725b09880ebc0e90caf939f26a57a3fc199b926d8d	d5418e062cec915a0af7fa69f8ea17cbedb2bacd566283b2be19216a87d6c4e1	crates/veln-stdlib/veln/http2/hpack_test.veln#test header_block_decoder_preserves_order_octets_and_dynamic_transitions(
stdout	case.toml:stdout:589	a955b4c4d05e6a817fb681410970b05fe4eeb5d13baae845133f611ca7a86428	d5418e062cec915a0af7fa69f8ea17cbedb2bacd566283b2be19216a87d6c4e1	crates/veln-stdlib/veln/http2/hpack_test.veln#test header_block_decoder_preserves_order_octets_and_dynamic_transitions(
stdout	case.toml:stdout:590	039fe04725c2e86a253e5e5e21b063f82f05c53487e507b0cd6c982fd52d6eb0	d5418e062cec915a0af7fa69f8ea17cbedb2bacd566283b2be19216a87d6c4e1	crates/veln-stdlib/veln/http2/hpack_test.veln#test header_block_decoder_preserves_order_octets_and_dynamic_transitions(
stdout	case.toml:stdout:591	f9fa7e7950d34b7a89eddad4d3d16e42d97e8214f384c29df0fd7d64c45d41de	d5418e062cec915a0af7fa69f8ea17cbedb2bacd566283b2be19216a87d6c4e1	crates/veln-stdlib/veln/http2/hpack_test.veln#test header_block_decoder_preserves_order_octets_and_dynamic_transitions(
stdout	case.toml:stdout:592	54e51fc7bd57fef856be9fe1b1362c6376f8115fa9c81ef96d22b081ed0607d9	d5418e062cec915a0af7fa69f8ea17cbedb2bacd566283b2be19216a87d6c4e1	crates/veln-stdlib/veln/http2/hpack_test.veln#test header_block_decoder_preserves_order_octets_and_dynamic_transitions(
stdout	case.toml:stdout:593	40a70fe7b50997d6164b4f8f98535ada51f2174e0b0fae795b9fbf04a719fab4	d5418e062cec915a0af7fa69f8ea17cbedb2bacd566283b2be19216a87d6c4e1	crates/veln-stdlib/veln/http2/hpack_test.veln#test header_block_decoder_preserves_order_octets_and_dynamic_transitions(
stdout	case.toml:stdout:594	c494ec79b98b51bf641aede683677c32dda0b8d0297934a8181ead73c4a659df	d5418e062cec915a0af7fa69f8ea17cbedb2bacd566283b2be19216a87d6c4e1	crates/veln-stdlib/veln/http2/hpack_test.veln#test header_block_decoder_preserves_order_octets_and_dynamic_transitions(
stdout	case.toml:stdout:595	fb9adc32a9d4f5869b41d3c8ac0f0acada7d35156361abed2e3918dc03a9a7ec	d5418e062cec915a0af7fa69f8ea17cbedb2bacd566283b2be19216a87d6c4e1	crates/veln-stdlib/veln/http2/hpack_test.veln#test header_block_decoder_preserves_order_octets_and_dynamic_transitions(
stdout	case.toml:stdout:596	6756e24bde137d53f8a2a7f2c3c39d232460870bea431a0b412fffec6c76698e	d5418e062cec915a0af7fa69f8ea17cbedb2bacd566283b2be19216a87d6c4e1	crates/veln-stdlib/veln/http2/hpack_test.veln#test header_block_decoder_preserves_order_octets_and_dynamic_transitions(
stdout	case.toml:stdout:597	54cbb465a95df3a8df27f562c683b995e999b9bbd79c173214b0d945163cd23f	d5418e062cec915a0af7fa69f8ea17cbedb2bacd566283b2be19216a87d6c4e1	crates/veln-stdlib/veln/http2/hpack_test.veln#test header_block_decoder_preserves_order_octets_and_dynamic_transitions(
stdout	case.toml:stdout:598	90a19ec65e41ef0d04916dbee83396298f6162a08bef8da7b68c8d98590187f7	d5418e062cec915a0af7fa69f8ea17cbedb2bacd566283b2be19216a87d6c4e1	crates/veln-stdlib/veln/http2/hpack_test.veln#test header_block_decoder_preserves_order_octets_and_dynamic_transitions(
stdout	case.toml:stdout:599	11a8e3327538efcf9d126892c0235cbe0f768917391362f5dde3a37f3da2ff87	d5418e062cec915a0af7fa69f8ea17cbedb2bacd566283b2be19216a87d6c4e1	crates/veln-stdlib/veln/http2/hpack_test.veln#test header_block_decoder_preserves_order_octets_and_dynamic_transitions(
stdout	case.toml:stdout:600	8ad0fc3403ec31a00c76457aa2cb6dafd62bc202c83aefe4af94d0b3e5b617cf	d5418e062cec915a0af7fa69f8ea17cbedb2bacd566283b2be19216a87d6c4e1	crates/veln-stdlib/veln/http2/hpack_test.veln#test header_block_decoder_preserves_order_octets_and_dynamic_transitions(
stdout	case.toml:stdout:601	aca97444baf7dac52559eaa77462c973c81a7a0c3c3041976444671340b0eb9a	d5418e062cec915a0af7fa69f8ea17cbedb2bacd566283b2be19216a87d6c4e1	crates/veln-stdlib/veln/http2/hpack_test.veln#test header_block_decoder_preserves_order_octets_and_dynamic_transitions(
stdout	case.toml:stdout:602	398d29c22df5116b49b938c5e6234ba244d2bd2b8dc84968b935e1310be2bb61	d5418e062cec915a0af7fa69f8ea17cbedb2bacd566283b2be19216a87d6c4e1	crates/veln-stdlib/veln/http2/hpack_test.veln#test header_block_decoder_preserves_order_octets_and_dynamic_transitions(
stdout	case.toml:stdout:603	571953d58ee7733c87adc2ba71a283120e5a8b8e3ea1747f7ca55d85c9818a0a	d5418e062cec915a0af7fa69f8ea17cbedb2bacd566283b2be19216a87d6c4e1	crates/veln-stdlib/veln/http2/hpack_test.veln#test header_block_decoder_preserves_order_octets_and_dynamic_transitions(
stdout	case.toml:stdout:604	649be9a534335226ffe06a7881fde03ce04b4177b430fe7a024fe03ea48f45f0	d5418e062cec915a0af7fa69f8ea17cbedb2bacd566283b2be19216a87d6c4e1	crates/veln-stdlib/veln/http2/hpack_test.veln#test header_block_decoder_preserves_order_octets_and_dynamic_transitions(
stdout	case.toml:stdout:605	59800244b526f8f142fc66ce014ae2a3741ed04c8355fb95290f0e59979be6e1	d5418e062cec915a0af7fa69f8ea17cbedb2bacd566283b2be19216a87d6c4e1	crates/veln-stdlib/veln/http2/hpack_test.veln#test header_block_decoder_preserves_order_octets_and_dynamic_transitions(
stdout	case.toml:stdout:606	5aabcba55a4e115a05ff6de86ca22dce7534a02f11f6374f64e3567c31706f5d	d5418e062cec915a0af7fa69f8ea17cbedb2bacd566283b2be19216a87d6c4e1	crates/veln-stdlib/veln/http2/hpack_test.veln#test header_block_decoder_preserves_order_octets_and_dynamic_transitions(
stdout	case.toml:stdout:607	7bf42634613ca8487ae4ab3368cfe4be6a0adcb63c3e3d531871c5f7bebca9f1	d5418e062cec915a0af7fa69f8ea17cbedb2bacd566283b2be19216a87d6c4e1	crates/veln-stdlib/veln/http2/hpack_test.veln#test header_block_decoder_preserves_order_octets_and_dynamic_transitions(
stdout	case.toml:stdout:608	4a6ef5865cf711d51da111286719aed9c842a845e100b2e287311239a90a9c55	d5418e062cec915a0af7fa69f8ea17cbedb2bacd566283b2be19216a87d6c4e1	crates/veln-stdlib/veln/http2/hpack_test.veln#test header_block_decoder_preserves_order_octets_and_dynamic_transitions(
stdout	case.toml:stdout:609	6bfa249c4a41d9117e6f12968aa32d8793a98613005587156f45b0b766f03b05	d5418e062cec915a0af7fa69f8ea17cbedb2bacd566283b2be19216a87d6c4e1	crates/veln-stdlib/veln/http2/hpack_test.veln#test header_block_decoder_preserves_order_octets_and_dynamic_transitions(
stdout	case.toml:stdout:610	ac49f360af8e04e38549b597d84ec6f3e858458efd27bcd0daba3fae6f4f759c	d5418e062cec915a0af7fa69f8ea17cbedb2bacd566283b2be19216a87d6c4e1	crates/veln-stdlib/veln/http2/hpack_test.veln#test header_block_decoder_preserves_order_octets_and_dynamic_transitions(
stdout	case.toml:stdout:611	48283e698a0c2004e04115f6018c7d4134b29c733e712493b2ea5d04b0fc3a0b	d5418e062cec915a0af7fa69f8ea17cbedb2bacd566283b2be19216a87d6c4e1	crates/veln-stdlib/veln/http2/hpack_test.veln#test header_block_decoder_preserves_order_octets_and_dynamic_transitions(
stdout	case.toml:stdout:612	79f5cd0a35763cf079c11bbeb6b2c3967a556e91cde702e01663c458d2e69a31	d5418e062cec915a0af7fa69f8ea17cbedb2bacd566283b2be19216a87d6c4e1	crates/veln-stdlib/veln/http2/hpack_test.veln#test header_block_decoder_preserves_order_octets_and_dynamic_transitions(
stdout	case.toml:stdout:613	28d9cc6eea53d60574333ad0e86a991b64baa2c26a7d5f8aa336ea3195a6d653	d5418e062cec915a0af7fa69f8ea17cbedb2bacd566283b2be19216a87d6c4e1	crates/veln-stdlib/veln/http2/hpack_test.veln#test header_block_decoder_preserves_order_octets_and_dynamic_transitions(
stdout	case.toml:stdout:614	8772722f7f3e638537deee281f068c8dcc4b590fbb78897316457781386061d7	d5418e062cec915a0af7fa69f8ea17cbedb2bacd566283b2be19216a87d6c4e1	crates/veln-stdlib/veln/http2/hpack_test.veln#test header_block_decoder_preserves_order_octets_and_dynamic_transitions(
stdout	case.toml:stdout:615	956177ab82bb3b4ca65ca45d1dccb504022f69e02f1ff4e8bf7f07f4c852865c	d5418e062cec915a0af7fa69f8ea17cbedb2bacd566283b2be19216a87d6c4e1	crates/veln-stdlib/veln/http2/hpack_test.veln#test header_block_decoder_preserves_order_octets_and_dynamic_transitions(
stdout	case.toml:stdout:616	74156fc8a3cf5f396439c6abfdeb628d1e4f5e9113473fc4adeb529f58b44b82	d5418e062cec915a0af7fa69f8ea17cbedb2bacd566283b2be19216a87d6c4e1	crates/veln-stdlib/veln/http2/hpack_test.veln#test header_block_decoder_preserves_order_octets_and_dynamic_transitions(
stdout	case.toml:stdout:617	7470c9bcc92cb4968dd83c0c8857faac3ffe0c901d01d2d3fa5956298c16893d	d5418e062cec915a0af7fa69f8ea17cbedb2bacd566283b2be19216a87d6c4e1	crates/veln-stdlib/veln/http2/hpack_test.veln#test header_block_decoder_preserves_order_octets_and_dynamic_transitions(
stdout	case.toml:stdout:618	14af856602fe80e6c0762ff5edd4c0ea9922bef773f4e6a23e84051c4d348aa3	d5418e062cec915a0af7fa69f8ea17cbedb2bacd566283b2be19216a87d6c4e1	crates/veln-stdlib/veln/http2/hpack_test.veln#test header_block_decoder_preserves_order_octets_and_dynamic_transitions(
stdout	case.toml:stdout:619	a9e43f9dfdd60d10f61c03851f00914ac3645202d3f65cebfd61d08f1e79e67f	d5418e062cec915a0af7fa69f8ea17cbedb2bacd566283b2be19216a87d6c4e1	crates/veln-stdlib/veln/http2/hpack_test.veln#test header_block_decoder_preserves_order_octets_and_dynamic_transitions(
stdout	case.toml:stdout:620	2a823a4af6285c0789b318bb9e6df9fbafbf953747f072a9175bd5d8bc58c849	d5418e062cec915a0af7fa69f8ea17cbedb2bacd566283b2be19216a87d6c4e1	crates/veln-stdlib/veln/http2/hpack_test.veln#test header_block_decoder_preserves_order_octets_and_dynamic_transitions(
stdout	case.toml:stdout:621	97141b05ab027424de41ca45a46becc061abfe2c2d25a59a6d5bdc50e55e6ae8	d5418e062cec915a0af7fa69f8ea17cbedb2bacd566283b2be19216a87d6c4e1	crates/veln-stdlib/veln/http2/hpack_test.veln#test header_block_decoder_preserves_order_octets_and_dynamic_transitions(
stdout	case.toml:stdout:622	01eb31a91012096a56aa3615cfa4047115cdb343fe38377102e33ee10becb1ca	d5418e062cec915a0af7fa69f8ea17cbedb2bacd566283b2be19216a87d6c4e1	crates/veln-stdlib/veln/http2/hpack_test.veln#test header_block_decoder_preserves_order_octets_and_dynamic_transitions(
stdout	case.toml:stdout:623	c3168847456678b94ba68bc7c3aa3b05ff1527abd3b009e3b00e70d1a4dd6d75	d5418e062cec915a0af7fa69f8ea17cbedb2bacd566283b2be19216a87d6c4e1	crates/veln-stdlib/veln/http2/hpack_test.veln#test header_block_decoder_preserves_order_octets_and_dynamic_transitions(
stdout	case.toml:stdout:624	1fd1de06e2067fd3eceb6260f116c4bbdfa9c09fabf5b52e5f0dd69ec1d68656	d5418e062cec915a0af7fa69f8ea17cbedb2bacd566283b2be19216a87d6c4e1	crates/veln-stdlib/veln/http2/hpack_test.veln#test header_block_decoder_preserves_order_octets_and_dynamic_transitions(
stdout	case.toml:stdout:625	d3a2fb3bcf77a4356c2082480ce3885dd65c8091eea7ffe5d11b2f1033c9c6e7	d5418e062cec915a0af7fa69f8ea17cbedb2bacd566283b2be19216a87d6c4e1	crates/veln-stdlib/veln/http2/hpack_test.veln#test header_block_decoder_preserves_order_octets_and_dynamic_transitions(
stdout	case.toml:stdout:626	2a6a992bb177e94fcd8e7649f38a9cba6075ddffe5845851f95d2f33893b02b6	d5418e062cec915a0af7fa69f8ea17cbedb2bacd566283b2be19216a87d6c4e1	crates/veln-stdlib/veln/http2/hpack_test.veln#test header_block_decoder_preserves_order_octets_and_dynamic_transitions(
stdout	case.toml:stdout:627	29f2667d5924428c9e429c6a33565dc959313e6d6eedade6ae249632bc21e1ae	d5418e062cec915a0af7fa69f8ea17cbedb2bacd566283b2be19216a87d6c4e1	crates/veln-stdlib/veln/http2/hpack_test.veln#test header_block_decoder_preserves_order_octets_and_dynamic_transitions(
stdout	case.toml:stdout:628	46bfb685c259d1c1959a4fb8aee405377049a22e90733a0b89fd9fd398928d2c	d5418e062cec915a0af7fa69f8ea17cbedb2bacd566283b2be19216a87d6c4e1	crates/veln-stdlib/veln/http2/hpack_test.veln#test header_block_decoder_preserves_order_octets_and_dynamic_transitions(
stdout	case.toml:stdout:629	3872efc71e69e24c410aec1098b468b2885b41545d09e3dc00e8b35b976b01ff	d5418e062cec915a0af7fa69f8ea17cbedb2bacd566283b2be19216a87d6c4e1	crates/veln-stdlib/veln/http2/hpack_test.veln#test header_block_decoder_preserves_order_octets_and_dynamic_transitions(
stdout	case.toml:stdout:630	f0986421efb7aa60c7e69a9fa8d506975b0cc30c4c617c3e9562202fc31a2610	d5418e062cec915a0af7fa69f8ea17cbedb2bacd566283b2be19216a87d6c4e1	crates/veln-stdlib/veln/http2/hpack_test.veln#test header_block_decoder_preserves_order_octets_and_dynamic_transitions(
stdout	case.toml:stdout:631	27503b164539e9c598215c8a47b1a43ad47fd9ef2c970a5f1d4c7eb3e9227881	d5418e062cec915a0af7fa69f8ea17cbedb2bacd566283b2be19216a87d6c4e1	crates/veln-stdlib/veln/http2/hpack_test.veln#test header_block_decoder_preserves_order_octets_and_dynamic_transitions(
stdout	case.toml:stdout:632	cb9a24e91326152c05d65960404001b5fa515ae1f322e6e2156085191b8f0800	d5418e062cec915a0af7fa69f8ea17cbedb2bacd566283b2be19216a87d6c4e1	crates/veln-stdlib/veln/http2/hpack_test.veln#test header_block_decoder_preserves_order_octets_and_dynamic_transitions(
stdout	case.toml:stdout:633	0dbac556eb8445f4bf3686ed095a56ce070da2e4f1b086b2bf2ed7bc593939f8	d5418e062cec915a0af7fa69f8ea17cbedb2bacd566283b2be19216a87d6c4e1	crates/veln-stdlib/veln/http2/hpack_test.veln#test header_block_decoder_preserves_order_octets_and_dynamic_transitions(
stdout	case.toml:stdout:634	f4a6d77de234fb1da0a046a56255bfd110d0cde9e1132a7e143ed2171d68adf1	d5418e062cec915a0af7fa69f8ea17cbedb2bacd566283b2be19216a87d6c4e1	crates/veln-stdlib/veln/http2/hpack_test.veln#test header_block_decoder_preserves_order_octets_and_dynamic_transitions(
stdout	case.toml:stdout:635	4fb64885120ae2dbd2579b464df2a663c7c0e3dd8b9d38e0a05a77247aaeac8c	d5418e062cec915a0af7fa69f8ea17cbedb2bacd566283b2be19216a87d6c4e1	crates/veln-stdlib/veln/http2/hpack_test.veln#test header_block_decoder_preserves_order_octets_and_dynamic_transitions(
stdout	case.toml:stdout:636	9abb2a762c5778dbd26c915e47e710c73f16fec95f864d1591abb6c8e7cc1119	d5418e062cec915a0af7fa69f8ea17cbedb2bacd566283b2be19216a87d6c4e1	crates/veln-stdlib/veln/http2/hpack_test.veln#test header_block_decoder_preserves_order_octets_and_dynamic_transitions(
stdout	case.toml:stdout:637	f6e104cbb648c485c16a57cd09509262b6b8ee4fb41b6ba2bb7323ecf91f8900	d5418e062cec915a0af7fa69f8ea17cbedb2bacd566283b2be19216a87d6c4e1	crates/veln-stdlib/veln/http2/hpack_test.veln#test header_block_decoder_preserves_order_octets_and_dynamic_transitions(
stdout	case.toml:stdout:638	1a00740bf9138db2a6f452e2a1d88ac0104401876db63b1403615ad5f1e9c300	d5418e062cec915a0af7fa69f8ea17cbedb2bacd566283b2be19216a87d6c4e1	crates/veln-stdlib/veln/http2/hpack_test.veln#test header_block_decoder_preserves_order_octets_and_dynamic_transitions(
stdout	case.toml:stdout:639	9d106c94bc088c22bb48fa394ba1ffbb353c387198e4e9dbd94f441ae9918864	d5418e062cec915a0af7fa69f8ea17cbedb2bacd566283b2be19216a87d6c4e1	crates/veln-stdlib/veln/http2/hpack_test.veln#test header_block_decoder_preserves_order_octets_and_dynamic_transitions(
stdout	case.toml:stdout:640	4769944249d89a7873134f4e6b9ff4f76b56f57165b844981e84a8dda8e82f81	d5418e062cec915a0af7fa69f8ea17cbedb2bacd566283b2be19216a87d6c4e1	crates/veln-stdlib/veln/http2/hpack_test.veln#test header_block_decoder_preserves_order_octets_and_dynamic_transitions(
stdout	case.toml:stdout:641	8452e3e9555182e7f6444dc7be74a64037cbd423b14984b005f614f9c8827768	d5418e062cec915a0af7fa69f8ea17cbedb2bacd566283b2be19216a87d6c4e1	crates/veln-stdlib/veln/http2/hpack_test.veln#test header_block_decoder_preserves_order_octets_and_dynamic_transitions(
stdout	case.toml:stdout:642	96bc7d38a906a769d1ca44325d4d46d3706c69d678cc9efe3602099742479978	d5418e062cec915a0af7fa69f8ea17cbedb2bacd566283b2be19216a87d6c4e1	crates/veln-stdlib/veln/http2/hpack_test.veln#test header_block_decoder_preserves_order_octets_and_dynamic_transitions(
stdout	case.toml:stdout:643	b3a82d729147a052da6b8db9bba5a9f8f4c078935221edcd001766911ff528fb	d5418e062cec915a0af7fa69f8ea17cbedb2bacd566283b2be19216a87d6c4e1	crates/veln-stdlib/veln/http2/hpack_test.veln#test header_block_decoder_preserves_order_octets_and_dynamic_transitions(
stdout	case.toml:stdout:644	f4d5616d103c36dc361a6ac7b4fd1a2db4beb7304347747fff9c904e9ac61cbb	d5418e062cec915a0af7fa69f8ea17cbedb2bacd566283b2be19216a87d6c4e1	crates/veln-stdlib/veln/http2/hpack_test.veln#test header_block_decoder_preserves_order_octets_and_dynamic_transitions(
stdout	case.toml:stdout:645	bd2a66279e903bef48a0310b511203abe61c15334b4b94db93004f4abca33a2c	d5418e062cec915a0af7fa69f8ea17cbedb2bacd566283b2be19216a87d6c4e1	crates/veln-stdlib/veln/http2/hpack_test.veln#test header_block_decoder_preserves_order_octets_and_dynamic_transitions(
stdout	case.toml:stdout:646	e3f7a795d5858987459133c0c6d64cd76acd888513430099a416ad244aa73d4f	d5418e062cec915a0af7fa69f8ea17cbedb2bacd566283b2be19216a87d6c4e1	crates/veln-stdlib/veln/http2/hpack_test.veln#test header_block_decoder_preserves_order_octets_and_dynamic_transitions(
stdout	case.toml:stdout:647	7e933a4f417219b55b2da0cc070698ea1a04431a130e469fd015ca4cf3a4ae7f	d5418e062cec915a0af7fa69f8ea17cbedb2bacd566283b2be19216a87d6c4e1	crates/veln-stdlib/veln/http2/hpack_test.veln#test header_block_decoder_preserves_order_octets_and_dynamic_transitions(
stdout	case.toml:stdout:648	2c6f96f1e766ff99f2493184d6ddda3c63d4107132fb839e841901cc103da3c3	d5418e062cec915a0af7fa69f8ea17cbedb2bacd566283b2be19216a87d6c4e1	crates/veln-stdlib/veln/http2/hpack_test.veln#test header_block_decoder_preserves_order_octets_and_dynamic_transitions(
stdout	case.toml:stdout:649	f4cfbb7fdee34df63ef5306c5d65a4687869982f8b3eed633d7f0c80ee4457f1	d5418e062cec915a0af7fa69f8ea17cbedb2bacd566283b2be19216a87d6c4e1	crates/veln-stdlib/veln/http2/hpack_test.veln#test header_block_decoder_preserves_order_octets_and_dynamic_transitions(
stdout	case.toml:stdout:650	24efc3949927b70ea38fce481b3ef3c030ff2ced8e399839eb30c9fb690f8199	d5418e062cec915a0af7fa69f8ea17cbedb2bacd566283b2be19216a87d6c4e1	crates/veln-stdlib/veln/http2/hpack_test.veln#test header_block_decoder_preserves_order_octets_and_dynamic_transitions(
stdout	case.toml:stdout:651	5759895d00ec1062afc94971c522dbcb3f5a4124f39f436ce8d5b0bf33df25d8	d5418e062cec915a0af7fa69f8ea17cbedb2bacd566283b2be19216a87d6c4e1	crates/veln-stdlib/veln/http2/hpack_test.veln#test header_block_decoder_preserves_order_octets_and_dynamic_transitions(
stdout	case.toml:stdout:652	a8b35a27a5933f04c8df1eef1505df9eecc91ca3d09d80c4a912a3e6fa0cc187	d5418e062cec915a0af7fa69f8ea17cbedb2bacd566283b2be19216a87d6c4e1	crates/veln-stdlib/veln/http2/hpack_test.veln#test header_block_decoder_preserves_order_octets_and_dynamic_transitions(
stdout	case.toml:stdout:653	9b4149c36eb762dffb456d6a6833bad000d9bbf8d11b3d3cd429ea089e41f499	d5418e062cec915a0af7fa69f8ea17cbedb2bacd566283b2be19216a87d6c4e1	crates/veln-stdlib/veln/http2/hpack_test.veln#test header_block_decoder_preserves_order_octets_and_dynamic_transitions(
stdout	case.toml:stdout:654	08d4a6e158ba2744bed51e87364c28af5cee77c15dfd5352fed32bea22b0be2d	d5418e062cec915a0af7fa69f8ea17cbedb2bacd566283b2be19216a87d6c4e1	crates/veln-stdlib/veln/http2/hpack_test.veln#test header_block_decoder_preserves_order_octets_and_dynamic_transitions(
stdout	case.toml:stdout:655	a8e3f6afbd9c8650401c783a59694105f8e6a96a98b0f01fc31db122bdf0bc73	d5418e062cec915a0af7fa69f8ea17cbedb2bacd566283b2be19216a87d6c4e1	crates/veln-stdlib/veln/http2/hpack_test.veln#test header_block_decoder_preserves_order_octets_and_dynamic_transitions(
stdout	case.toml:stdout:656	1661d17e23848de775111e9402148ec6cffd076ca88e1a4cd689d3852a54648f	d5418e062cec915a0af7fa69f8ea17cbedb2bacd566283b2be19216a87d6c4e1	crates/veln-stdlib/veln/http2/hpack_test.veln#test header_block_decoder_preserves_order_octets_and_dynamic_transitions(
stdout	case.toml:stdout:657	f50f9265732124c23382ab5c4ffa26fb4d6da1ebe8ea7c42ea01332c033efd01	d5418e062cec915a0af7fa69f8ea17cbedb2bacd566283b2be19216a87d6c4e1	crates/veln-stdlib/veln/http2/hpack_test.veln#test header_block_decoder_preserves_order_octets_and_dynamic_transitions(
stdout	case.toml:stdout:658	5cbfbe5d16bb825ccdfd9b9dff82083947e26e94319f15ca7e0d7aff7e7b57b3	d5418e062cec915a0af7fa69f8ea17cbedb2bacd566283b2be19216a87d6c4e1	crates/veln-stdlib/veln/http2/hpack_test.veln#test header_block_decoder_preserves_order_octets_and_dynamic_transitions(
stdout	case.toml:stdout:659	792cf09564e59ba19371ef0fa0185e1444db7adc4b2595a481c58d4fe849180d	d5418e062cec915a0af7fa69f8ea17cbedb2bacd566283b2be19216a87d6c4e1	crates/veln-stdlib/veln/http2/hpack_test.veln#test header_block_decoder_preserves_order_octets_and_dynamic_transitions(
stdout	case.toml:stdout:660	9370bb98d0fb9541b97ec087a389f91b1a9609d9b3f72157bddd01d46c4563dc	d5418e062cec915a0af7fa69f8ea17cbedb2bacd566283b2be19216a87d6c4e1	crates/veln-stdlib/veln/http2/hpack_test.veln#test header_block_decoder_preserves_order_octets_and_dynamic_transitions(
stdout	case.toml:stdout:661	554fa1c6f79e2f02b25c7431147a20da5e175f17f6f512d7457a162b27619d5f	d5418e062cec915a0af7fa69f8ea17cbedb2bacd566283b2be19216a87d6c4e1	crates/veln-stdlib/veln/http2/hpack_test.veln#test header_block_decoder_preserves_order_octets_and_dynamic_transitions(
stdout	case.toml:stdout:662	1cd4abdb1464e2b7f81a39f2b1e8d9238a44c8e41f6da7b0009a4122aa30c85c	d5418e062cec915a0af7fa69f8ea17cbedb2bacd566283b2be19216a87d6c4e1	crates/veln-stdlib/veln/http2/hpack_test.veln#test header_block_decoder_preserves_order_octets_and_dynamic_transitions(
stdout	case.toml:stdout:663	8df190a30c006968fee5db601359ce65f29b55ed628933b2cb4c6217036c65b4	d5418e062cec915a0af7fa69f8ea17cbedb2bacd566283b2be19216a87d6c4e1	crates/veln-stdlib/veln/http2/hpack_test.veln#test header_block_decoder_preserves_order_octets_and_dynamic_transitions(
stdout	case.toml:stdout:664	f59007e2f1de6b10a3a3ed66e55ecf3073f5e00668100a9d8a4e72fa1845d8a6	82bc4feae8b46209347ff48afea732b640671e79aef81bd7c1ac54947e1283f7	examples/specification/run/hpack-fixture-codec-boundary/case.toml#hpack.fixture.dynamic_index_out_of_range
stdout	case.toml:stdout:665	f38395e37d7ab7735e84b4f8f64ddb92fd3ea0292054c4518bf8e88b62fb5892	d5418e062cec915a0af7fa69f8ea17cbedb2bacd566283b2be19216a87d6c4e1	crates/veln-stdlib/veln/http2/hpack_test.veln#test header_block_decoder_preserves_order_octets_and_dynamic_transitions(
stdout	case.toml:stdout:666	57adc64f7285d8141958c173f7f375b6211c4166e2361a75fa0c850e447e8ec2	d5418e062cec915a0af7fa69f8ea17cbedb2bacd566283b2be19216a87d6c4e1	crates/veln-stdlib/veln/http2/hpack_test.veln#test header_block_decoder_preserves_order_octets_and_dynamic_transitions(
stdout	case.toml:stdout:667	fc70d09e2b54af74c8f37588e8cf7590b1fa15165ee5fdef2de22157e4b0e931	d5418e062cec915a0af7fa69f8ea17cbedb2bacd566283b2be19216a87d6c4e1	crates/veln-stdlib/veln/http2/hpack_test.veln#test header_block_decoder_preserves_order_octets_and_dynamic_transitions(
stdout	case.toml:stdout:668	8ef648638c2f97c014d1490897b35e43347a785efeba6dc2b5f7821e8b3a4bb2	d5418e062cec915a0af7fa69f8ea17cbedb2bacd566283b2be19216a87d6c4e1	crates/veln-stdlib/veln/http2/hpack_test.veln#test header_block_decoder_preserves_order_octets_and_dynamic_transitions(
stdout	case.toml:stdout:669	ca94d87fd386232e122b445e34ded6ad5d905e5b3780b32886162c4771248288	d5418e062cec915a0af7fa69f8ea17cbedb2bacd566283b2be19216a87d6c4e1	crates/veln-stdlib/veln/http2/hpack_test.veln#test header_block_decoder_preserves_order_octets_and_dynamic_transitions(
stdout	case.toml:stdout:670	b4e788efa1065f67c21f697e1033395cee91031049517e036868ec3e664279b2	d5418e062cec915a0af7fa69f8ea17cbedb2bacd566283b2be19216a87d6c4e1	crates/veln-stdlib/veln/http2/hpack_test.veln#test header_block_decoder_preserves_order_octets_and_dynamic_transitions(
stdout	case.toml:stdout:671	60c480955dffc6b3d412e9f8a0f1c2ceeda8f6f12887343d2d591ee97846019f	82bc4feae8b46209347ff48afea732b640671e79aef81bd7c1ac54947e1283f7	examples/specification/run/hpack-fixture-codec-boundary/case.toml#hpack.fixture.dynamic_index_out_of_range
stdout	case.toml:stdout:672	790a0d03677a237b4c0ff438932a8370f397023e9a3ceebae828544a1144a09c	d5418e062cec915a0af7fa69f8ea17cbedb2bacd566283b2be19216a87d6c4e1	crates/veln-stdlib/veln/http2/hpack_test.veln#test header_block_decoder_preserves_order_octets_and_dynamic_transitions(
stdout	case.toml:stdout:673	5f8ef0f2d6ac826eaee25f9a8cf8e4645ae0a06a89637498cc67482cd0eed86d	d5418e062cec915a0af7fa69f8ea17cbedb2bacd566283b2be19216a87d6c4e1	crates/veln-stdlib/veln/http2/hpack_test.veln#test header_block_decoder_preserves_order_octets_and_dynamic_transitions(
stdout	case.toml:stdout:674	a0fed23eab082e040b0856535b81708d77ae7da5e1036dc05508f791753dfc9a	d5418e062cec915a0af7fa69f8ea17cbedb2bacd566283b2be19216a87d6c4e1	crates/veln-stdlib/veln/http2/hpack_test.veln#test header_block_decoder_preserves_order_octets_and_dynamic_transitions(
stdout	case.toml:stdout:675	287c8b22e14e09eb869db294e1168e42890a67f043f4d895a1a7f410ee0c4a25	d5418e062cec915a0af7fa69f8ea17cbedb2bacd566283b2be19216a87d6c4e1	crates/veln-stdlib/veln/http2/hpack_test.veln#test header_block_decoder_preserves_order_octets_and_dynamic_transitions(
stdout	case.toml:stdout:676	eb6f1056e4dfb2bb370bda73ab56864905fa0a55f1b2df5dd86a6290381e6e4a	d5418e062cec915a0af7fa69f8ea17cbedb2bacd566283b2be19216a87d6c4e1	crates/veln-stdlib/veln/http2/hpack_test.veln#test header_block_decoder_preserves_order_octets_and_dynamic_transitions(
stdout	case.toml:stdout:677	3520e56855f047c4ff1d27e338e8f9697842db0eed4f69c17c563f5eb1c6ed3f	82bc4feae8b46209347ff48afea732b640671e79aef81bd7c1ac54947e1283f7	examples/specification/run/hpack-fixture-codec-boundary/case.toml#hpack.fixture.dynamic_index_out_of_range
stdout	case.toml:stdout:678	c7694464b3494e784b991228d7c26b18bc4caeed6e7b08d32decee45119bae42	d5418e062cec915a0af7fa69f8ea17cbedb2bacd566283b2be19216a87d6c4e1	crates/veln-stdlib/veln/http2/hpack_test.veln#test header_block_decoder_preserves_order_octets_and_dynamic_transitions(
stdout	case.toml:stdout:679	21bb9aee5756d7dc91707cdbc036e1668a0e481de51a787d73d510b2c81e0341	d5418e062cec915a0af7fa69f8ea17cbedb2bacd566283b2be19216a87d6c4e1	crates/veln-stdlib/veln/http2/hpack_test.veln#test header_block_decoder_preserves_order_octets_and_dynamic_transitions(
stdout	case.toml:stdout:680	216e72ec54a0ebfdc9188628c037cbc294c1e06148d861b51d93d34e5fe9ae91	d5418e062cec915a0af7fa69f8ea17cbedb2bacd566283b2be19216a87d6c4e1	crates/veln-stdlib/veln/http2/hpack_test.veln#test header_block_decoder_preserves_order_octets_and_dynamic_transitions(
stdout	case.toml:stdout:681	6010c29fc35b11ad3341062a91ab1c9144696dce71004e77e6b1f25202f668cc	d5418e062cec915a0af7fa69f8ea17cbedb2bacd566283b2be19216a87d6c4e1	crates/veln-stdlib/veln/http2/hpack_test.veln#test header_block_decoder_preserves_order_octets_and_dynamic_transitions(
stdout	case.toml:stdout:682	570c150d0bc41a79a0022ced6f459f5dd4da2df9092d9cb4368d566080e38a10	d5418e062cec915a0af7fa69f8ea17cbedb2bacd566283b2be19216a87d6c4e1	crates/veln-stdlib/veln/http2/hpack_test.veln#test header_block_decoder_preserves_order_octets_and_dynamic_transitions(
stdout	case.toml:stdout:683	33d6480e2c4466a6de23ce7d990c545ee949cf66646e13fe6d1c6f8717335444	d5418e062cec915a0af7fa69f8ea17cbedb2bacd566283b2be19216a87d6c4e1	crates/veln-stdlib/veln/http2/hpack_test.veln#test header_block_decoder_preserves_order_octets_and_dynamic_transitions(
stdout	case.toml:stdout:684	56b7f6178061b0ed5cdfb7895935fe5c62caa2b4df8c97bbca04cb861f33689f	d5418e062cec915a0af7fa69f8ea17cbedb2bacd566283b2be19216a87d6c4e1	crates/veln-stdlib/veln/http2/hpack_test.veln#test header_block_decoder_preserves_order_octets_and_dynamic_transitions(
stdout	case.toml:stdout:685	7bb19bd702e0c6027ee8944626a542c02cc1609d27fb36e968a5db073ee2cfb5	82bc4feae8b46209347ff48afea732b640671e79aef81bd7c1ac54947e1283f7	examples/specification/run/hpack-fixture-codec-boundary/case.toml#hpack.fixture.dynamic_index_out_of_range
stdout	case.toml:stdout:686	b992f8b9291ea2a5d13f83ca575f5958c663752afcaaab60bb0376be97a91be2	d5418e062cec915a0af7fa69f8ea17cbedb2bacd566283b2be19216a87d6c4e1	crates/veln-stdlib/veln/http2/hpack_test.veln#test header_block_decoder_preserves_order_octets_and_dynamic_transitions(
stdout	case.toml:stdout:687	779bdae5168b08020ef72aaae224f330d49a2c8fc5f1d9846602ef8d5ddb82f1	d5418e062cec915a0af7fa69f8ea17cbedb2bacd566283b2be19216a87d6c4e1	crates/veln-stdlib/veln/http2/hpack_test.veln#test header_block_decoder_preserves_order_octets_and_dynamic_transitions(
stdout	case.toml:stdout:688	19a9b45c52443de5eabf94eb311f04d1fd93d16ab84b54a8e8ed8506f6c50ee1	d5418e062cec915a0af7fa69f8ea17cbedb2bacd566283b2be19216a87d6c4e1	crates/veln-stdlib/veln/http2/hpack_test.veln#test header_block_decoder_preserves_order_octets_and_dynamic_transitions(
stdout	case.toml:stdout:689	923f63317a892a383b1c0a4beb8358c70466a662a17a8d9b67780f584ec0a8c5	d5418e062cec915a0af7fa69f8ea17cbedb2bacd566283b2be19216a87d6c4e1	crates/veln-stdlib/veln/http2/hpack_test.veln#test header_block_decoder_preserves_order_octets_and_dynamic_transitions(
stdout	case.toml:stdout:690	6591bd0ab098ec57de0f8fb5362bc3b716d52dc1adcc3e5063b745c99ea44cd1	d5418e062cec915a0af7fa69f8ea17cbedb2bacd566283b2be19216a87d6c4e1	crates/veln-stdlib/veln/http2/hpack_test.veln#test header_block_decoder_preserves_order_octets_and_dynamic_transitions(
stdout	case.toml:stdout:691	fba9e126a63273b5a63624048ebf4c35ccddcc7f91b4f783a6da36cbc05534eb	d5418e062cec915a0af7fa69f8ea17cbedb2bacd566283b2be19216a87d6c4e1	crates/veln-stdlib/veln/http2/hpack_test.veln#test header_block_decoder_preserves_order_octets_and_dynamic_transitions(
stdout	case.toml:stdout:692	3d10f9263cb9698f3b8f9cc6fa6376617e86a7e87f8c705c853939d2ad5ef892	d5418e062cec915a0af7fa69f8ea17cbedb2bacd566283b2be19216a87d6c4e1	crates/veln-stdlib/veln/http2/hpack_test.veln#test header_block_decoder_preserves_order_octets_and_dynamic_transitions(
stdout	case.toml:stdout:693	5c4508c0090d5cb183a1306370a806d1f60759cd05975c62cd51f32a020cd42d	d5418e062cec915a0af7fa69f8ea17cbedb2bacd566283b2be19216a87d6c4e1	crates/veln-stdlib/veln/http2/hpack_test.veln#test header_block_decoder_preserves_order_octets_and_dynamic_transitions(
stdout	case.toml:stdout:694	839531fe12a018d5a876741442df3562ef30ea5d324e0670ebf446abe5774df8	d5418e062cec915a0af7fa69f8ea17cbedb2bacd566283b2be19216a87d6c4e1	crates/veln-stdlib/veln/http2/hpack_test.veln#test header_block_decoder_preserves_order_octets_and_dynamic_transitions(
stdout	case.toml:stdout:695	3b8adcfbc92b0179519ce7398fe56ff73df9c40553c1a08cea46b5499e3ba46b	82bc4feae8b46209347ff48afea732b640671e79aef81bd7c1ac54947e1283f7	examples/specification/run/hpack-fixture-codec-boundary/case.toml#hpack.fixture.dynamic_index_out_of_range
stdout	case.toml:stdout:696	bce05571a14a46c44cd29eb6097c8b62a49285ba1990a85bc4cc5c0f7c45b248	d5418e062cec915a0af7fa69f8ea17cbedb2bacd566283b2be19216a87d6c4e1	crates/veln-stdlib/veln/http2/hpack_test.veln#test header_block_decoder_preserves_order_octets_and_dynamic_transitions(
stdout	case.toml:stdout:697	f58dedc2e9c84338ec41effb033a33b218a919a6d4671d4101f584c7c9c58a9d	d5418e062cec915a0af7fa69f8ea17cbedb2bacd566283b2be19216a87d6c4e1	crates/veln-stdlib/veln/http2/hpack_test.veln#test header_block_decoder_preserves_order_octets_and_dynamic_transitions(
stdout	case.toml:stdout:698	e8d73dfc9911efe2d4f80facac79f4e02ba6951110deb1688bfafddef7e1e509	d5418e062cec915a0af7fa69f8ea17cbedb2bacd566283b2be19216a87d6c4e1	crates/veln-stdlib/veln/http2/hpack_test.veln#test header_block_decoder_preserves_order_octets_and_dynamic_transitions(
stdout	case.toml:stdout:699	c3d4af8147ac72b0223be53a1d08aa7dc8b35370a62c116b557e04874e5391ab	d5418e062cec915a0af7fa69f8ea17cbedb2bacd566283b2be19216a87d6c4e1	crates/veln-stdlib/veln/http2/hpack_test.veln#test header_block_decoder_preserves_order_octets_and_dynamic_transitions(
stdout	case.toml:stdout:700	4ab3587cedd8335ed3b38870940ca1e7329b84e3fe73a81ca543b3102a389d76	d5418e062cec915a0af7fa69f8ea17cbedb2bacd566283b2be19216a87d6c4e1	crates/veln-stdlib/veln/http2/hpack_test.veln#test header_block_decoder_preserves_order_octets_and_dynamic_transitions(
stdout	case.toml:stdout:701	c508f74a5829caf7ef59b8db3ccd18cc6d164321ca4c9eddf45ce72f0b81de3d	d5418e062cec915a0af7fa69f8ea17cbedb2bacd566283b2be19216a87d6c4e1	crates/veln-stdlib/veln/http2/hpack_test.veln#test header_block_decoder_preserves_order_octets_and_dynamic_transitions(
stdout	case.toml:stdout:702	00c0949ceb1d1c1de114b3596d830f0d2716e1340968735f902fdeb9d2a45df7	d5418e062cec915a0af7fa69f8ea17cbedb2bacd566283b2be19216a87d6c4e1	crates/veln-stdlib/veln/http2/hpack_test.veln#test header_block_decoder_preserves_order_octets_and_dynamic_transitions(
stdout	case.toml:stdout:703	a14c678c682efd33b78100f65c3096bcffec3ce7b2ca0b484f822e99b1d48487	d5418e062cec915a0af7fa69f8ea17cbedb2bacd566283b2be19216a87d6c4e1	crates/veln-stdlib/veln/http2/hpack_test.veln#test header_block_decoder_preserves_order_octets_and_dynamic_transitions(
stdout	case.toml:stdout:704	309fdc1afbea7c1e6edd1daf55cc00ece7918b27fe59145f0d3892b76acb1ef4	d5418e062cec915a0af7fa69f8ea17cbedb2bacd566283b2be19216a87d6c4e1	crates/veln-stdlib/veln/http2/hpack_test.veln#test header_block_decoder_preserves_order_octets_and_dynamic_transitions(
stdout	case.toml:stdout:705	19be76579365e85adcf960d6eb996bafe1474677dcf171f29c9ac6be39b1f92c	d5418e062cec915a0af7fa69f8ea17cbedb2bacd566283b2be19216a87d6c4e1	crates/veln-stdlib/veln/http2/hpack_test.veln#test header_block_decoder_preserves_order_octets_and_dynamic_transitions(
stdout	case.toml:stdout:706	d9cd00231fb7a7c8d0c8b17d4354443868fbaffcc408a456934142aae2c5a38c	d5418e062cec915a0af7fa69f8ea17cbedb2bacd566283b2be19216a87d6c4e1	crates/veln-stdlib/veln/http2/hpack_test.veln#test header_block_decoder_preserves_order_octets_and_dynamic_transitions(
stdout	case.toml:stdout:707	82bfc4d4ddffe366919981544747bbcee45719ec4a8d703848c999dc75078ae3	d5418e062cec915a0af7fa69f8ea17cbedb2bacd566283b2be19216a87d6c4e1	crates/veln-stdlib/veln/http2/hpack_test.veln#test header_block_decoder_preserves_order_octets_and_dynamic_transitions(
stdout	case.toml:stdout:708	d14ed5491edf619b8e01542b46328266aa84b7ea82bc907a2098e2c72779fed5	d5418e062cec915a0af7fa69f8ea17cbedb2bacd566283b2be19216a87d6c4e1	crates/veln-stdlib/veln/http2/hpack_test.veln#test header_block_decoder_preserves_order_octets_and_dynamic_transitions(
stdout	case.toml:stdout:709	7c68ae152784538dbb35a10b01251ce8808e38984ce3b87c012178ea1f14a378	d5418e062cec915a0af7fa69f8ea17cbedb2bacd566283b2be19216a87d6c4e1	crates/veln-stdlib/veln/http2/hpack_test.veln#test header_block_decoder_preserves_order_octets_and_dynamic_transitions(
stdout	case.toml:stdout:710	75b8cef11f2120336b1b3d17c20e1d32c51d48a5e1fed4af3f75b2d77891cca5	d5418e062cec915a0af7fa69f8ea17cbedb2bacd566283b2be19216a87d6c4e1	crates/veln-stdlib/veln/http2/hpack_test.veln#test header_block_decoder_preserves_order_octets_and_dynamic_transitions(
stdout	case.toml:stdout:711	d9e7ab784c4ab189c08c6fb704ca4c23960b19f0900b19c8c0c249a57a97b703	d5418e062cec915a0af7fa69f8ea17cbedb2bacd566283b2be19216a87d6c4e1	crates/veln-stdlib/veln/http2/hpack_test.veln#test header_block_decoder_preserves_order_octets_and_dynamic_transitions(
stdout	case.toml:stdout:712	19347e29c9e6c08a2212a4657a42b349e00e105420a250a25a7bbd62440a4444	d5418e062cec915a0af7fa69f8ea17cbedb2bacd566283b2be19216a87d6c4e1	crates/veln-stdlib/veln/http2/hpack_test.veln#test header_block_decoder_preserves_order_octets_and_dynamic_transitions(
stdout	case.toml:stdout:713	a50f1bfcc017feb2cd51c1d2ac13915e2b655a37da3b68412029ff4a839da391	d5418e062cec915a0af7fa69f8ea17cbedb2bacd566283b2be19216a87d6c4e1	crates/veln-stdlib/veln/http2/hpack_test.veln#test header_block_decoder_preserves_order_octets_and_dynamic_transitions(
stdout	case.toml:stdout:714	00e543cafd3bac4eea7935e564a4763a57437a4e77c7aa6408ac14508f4ac2b0	d5418e062cec915a0af7fa69f8ea17cbedb2bacd566283b2be19216a87d6c4e1	crates/veln-stdlib/veln/http2/hpack_test.veln#test header_block_decoder_preserves_order_octets_and_dynamic_transitions(
stdout	case.toml:stdout:715	7529a1dddc25f75bf1b79bbc20c1765543df4abb514e25d49d160a40dd675c14	d5418e062cec915a0af7fa69f8ea17cbedb2bacd566283b2be19216a87d6c4e1	crates/veln-stdlib/veln/http2/hpack_test.veln#test header_block_decoder_preserves_order_octets_and_dynamic_transitions(
stdout	case.toml:stdout:716	d87258bad84a575afd6c2306ec153aae0298927064d97b420f18e1b84df6f98f	d5418e062cec915a0af7fa69f8ea17cbedb2bacd566283b2be19216a87d6c4e1	crates/veln-stdlib/veln/http2/hpack_test.veln#test header_block_decoder_preserves_order_octets_and_dynamic_transitions(
stdout	case.toml:stdout:717	e75fe8ba202d8fd2c5ff46acc5b028e73e09779c8345766ae6c337a8390875ca	d5418e062cec915a0af7fa69f8ea17cbedb2bacd566283b2be19216a87d6c4e1	crates/veln-stdlib/veln/http2/hpack_test.veln#test header_block_decoder_preserves_order_octets_and_dynamic_transitions(
stdout	case.toml:stdout:718	4092401fe04f4128b5977635b09d9c775111c156ffd990a207f9a2c3cdbd75c4	d5418e062cec915a0af7fa69f8ea17cbedb2bacd566283b2be19216a87d6c4e1	crates/veln-stdlib/veln/http2/hpack_test.veln#test header_block_decoder_preserves_order_octets_and_dynamic_transitions(
stdout	case.toml:stdout:719	320a4723e3f73c845688143b4ccef0eb686b178813708826410fe4cddf6718d5	d5418e062cec915a0af7fa69f8ea17cbedb2bacd566283b2be19216a87d6c4e1	crates/veln-stdlib/veln/http2/hpack_test.veln#test header_block_decoder_preserves_order_octets_and_dynamic_transitions(
stdout	case.toml:stdout:720	b0979026fabffe2344b3bfd166159e22ce9fadf9c275d1f07fb57bf2e9c0a2e1	d5418e062cec915a0af7fa69f8ea17cbedb2bacd566283b2be19216a87d6c4e1	crates/veln-stdlib/veln/http2/hpack_test.veln#test header_block_decoder_preserves_order_octets_and_dynamic_transitions(
stdout	case.toml:stdout:721	24d0d1778b0fb03df416b9171ee688dc47fea2596f2e45f0214f62648f9b65ff	d5418e062cec915a0af7fa69f8ea17cbedb2bacd566283b2be19216a87d6c4e1	crates/veln-stdlib/veln/http2/hpack_test.veln#test header_block_decoder_preserves_order_octets_and_dynamic_transitions(
stdout	case.toml:stdout:722	3d336d1071fd134aa1faf30f8d4dacda4835429ed7405ac42b3b041c644a9bc8	d5418e062cec915a0af7fa69f8ea17cbedb2bacd566283b2be19216a87d6c4e1	crates/veln-stdlib/veln/http2/hpack_test.veln#test header_block_decoder_preserves_order_octets_and_dynamic_transitions(
stdout	case.toml:stdout:723	036ab64e29211848e7995671b091e630fd70aa079f3deb81a1c04ca58c76cf61	d5418e062cec915a0af7fa69f8ea17cbedb2bacd566283b2be19216a87d6c4e1	crates/veln-stdlib/veln/http2/hpack_test.veln#test header_block_decoder_preserves_order_octets_and_dynamic_transitions(
stdout	case.toml:stdout:724	1719d043a30eda29dc5bfa59e4abb067e79ef4ea0f31d704f18fe04ec95b3d68	d5418e062cec915a0af7fa69f8ea17cbedb2bacd566283b2be19216a87d6c4e1	crates/veln-stdlib/veln/http2/hpack_test.veln#test header_block_decoder_preserves_order_octets_and_dynamic_transitions(
stdout	case.toml:stdout:725	2fe8d0d50c0025773c3cb36db4e6b74174692d42151960b810839a4837184402	d5418e062cec915a0af7fa69f8ea17cbedb2bacd566283b2be19216a87d6c4e1	crates/veln-stdlib/veln/http2/hpack_test.veln#test header_block_decoder_preserves_order_octets_and_dynamic_transitions(
stdout	case.toml:stdout:726	351c3bef240d07fc35d25ae9d8e99cbd093eaf54064a5fd2c3c6cc185838b2b6	d5418e062cec915a0af7fa69f8ea17cbedb2bacd566283b2be19216a87d6c4e1	crates/veln-stdlib/veln/http2/hpack_test.veln#test header_block_decoder_preserves_order_octets_and_dynamic_transitions(
stdout	case.toml:stdout:727	00f33bd34eab150673b009df74e7ef81f68f2fe0f69238e5d3413600c4c97140	d5418e062cec915a0af7fa69f8ea17cbedb2bacd566283b2be19216a87d6c4e1	crates/veln-stdlib/veln/http2/hpack_test.veln#test header_block_decoder_preserves_order_octets_and_dynamic_transitions(
stdout	case.toml:stdout:728	d1350b00307e48d027f3b8ab773d9837e288719143cb206b5723e2fa10cccd16	d5418e062cec915a0af7fa69f8ea17cbedb2bacd566283b2be19216a87d6c4e1	crates/veln-stdlib/veln/http2/hpack_test.veln#test header_block_decoder_preserves_order_octets_and_dynamic_transitions(
stdout	case.toml:stdout:729	d1773324a5612f4165283d4df7cfdb144481435d88aeb383b2834a48dae9e0e0	d5418e062cec915a0af7fa69f8ea17cbedb2bacd566283b2be19216a87d6c4e1	crates/veln-stdlib/veln/http2/hpack_test.veln#test header_block_decoder_preserves_order_octets_and_dynamic_transitions(
stdout	case.toml:stdout:730	1af218877ce655cd0efc2c96ac41f0d2e1d0d26efeb4bf3bd949e8a948321f31	d5418e062cec915a0af7fa69f8ea17cbedb2bacd566283b2be19216a87d6c4e1	crates/veln-stdlib/veln/http2/hpack_test.veln#test header_block_decoder_preserves_order_octets_and_dynamic_transitions(
stdout	case.toml:stdout:731	741befac3d0c04e5af1f9dfe2ba7fba28906c04a52f958c0f9ca636ec93716f9	d5418e062cec915a0af7fa69f8ea17cbedb2bacd566283b2be19216a87d6c4e1	crates/veln-stdlib/veln/http2/hpack_test.veln#test header_block_decoder_preserves_order_octets_and_dynamic_transitions(
stdout	case.toml:stdout:732	d31c6ca8fd5b41ae51d7e511e74d7f4809f4aeb1b4918059ef093a0f61d93d2e	d5418e062cec915a0af7fa69f8ea17cbedb2bacd566283b2be19216a87d6c4e1	crates/veln-stdlib/veln/http2/hpack_test.veln#test header_block_decoder_preserves_order_octets_and_dynamic_transitions(
stdout	case.toml:stdout:733	fc09559dcd0d8d9223465e540eb3413be53440f24e69e3e435fb3747eabc1709	82bc4feae8b46209347ff48afea732b640671e79aef81bd7c1ac54947e1283f7	examples/specification/run/hpack-fixture-codec-boundary/case.toml#hpack.fixture.dynamic_index_out_of_range
stdout	case.toml:stdout:734	37aa033b6627a4189475842f976a4e930d3ddf8b8d33db4a7e286850b2370a33	d5418e062cec915a0af7fa69f8ea17cbedb2bacd566283b2be19216a87d6c4e1	crates/veln-stdlib/veln/http2/hpack_test.veln#test header_block_decoder_preserves_order_octets_and_dynamic_transitions(
stdout	case.toml:stdout:735	b22f7e740fc70a42bf10f9d34144907dc12e7d401c335c7c5e8e41dfe80a2e01	d5418e062cec915a0af7fa69f8ea17cbedb2bacd566283b2be19216a87d6c4e1	crates/veln-stdlib/veln/http2/hpack_test.veln#test header_block_decoder_preserves_order_octets_and_dynamic_transitions(
stdout	case.toml:stdout:736	ba49a8208d14baedc82df17a5e8078d923c06bcf40812654211506696d5981e6	d5418e062cec915a0af7fa69f8ea17cbedb2bacd566283b2be19216a87d6c4e1	crates/veln-stdlib/veln/http2/hpack_test.veln#test header_block_decoder_preserves_order_octets_and_dynamic_transitions(
stdout	case.toml:stdout:737	d787efd46c41c9146a52ec02887adfad3dc6b08affb3e0a23fb0b06f27591c02	d5418e062cec915a0af7fa69f8ea17cbedb2bacd566283b2be19216a87d6c4e1	crates/veln-stdlib/veln/http2/hpack_test.veln#test header_block_decoder_preserves_order_octets_and_dynamic_transitions(
stdout	case.toml:stdout:738	7abc2aab777af9d8430d082f325f122eb39172974a8bc760bcf6f157206c6f1c	d5418e062cec915a0af7fa69f8ea17cbedb2bacd566283b2be19216a87d6c4e1	crates/veln-stdlib/veln/http2/hpack_test.veln#test header_block_decoder_preserves_order_octets_and_dynamic_transitions(
stdout	case.toml:stdout:739	40a07ca66b182ab720788f4edf304eddd5f6c8dfa9c93d7e99734e1d746d5b34	d5418e062cec915a0af7fa69f8ea17cbedb2bacd566283b2be19216a87d6c4e1	crates/veln-stdlib/veln/http2/hpack_test.veln#test header_block_decoder_preserves_order_octets_and_dynamic_transitions(
stdout	case.toml:stdout:740	875d48442e93d5ae6041bba5a4e31d934cbf2bebf5d8e4c7586ba92ec6d89a7b	d5418e062cec915a0af7fa69f8ea17cbedb2bacd566283b2be19216a87d6c4e1	crates/veln-stdlib/veln/http2/hpack_test.veln#test header_block_decoder_preserves_order_octets_and_dynamic_transitions(
stdout	case.toml:stdout:741	7a789e648b36dec0a15c126a65c8f9f218cd37772adf4b39d5ceec0c04a448a1	d5418e062cec915a0af7fa69f8ea17cbedb2bacd566283b2be19216a87d6c4e1	crates/veln-stdlib/veln/http2/hpack_test.veln#test header_block_decoder_preserves_order_octets_and_dynamic_transitions(
stdout	case.toml:stdout:742	182dd703320a6b19adf3decd8b3961e6cc7658baac0a7f8ab1df7c0046cac153	d5418e062cec915a0af7fa69f8ea17cbedb2bacd566283b2be19216a87d6c4e1	crates/veln-stdlib/veln/http2/hpack_test.veln#test header_block_decoder_preserves_order_octets_and_dynamic_transitions(
stdout	case.toml:stdout:743	6faa1eb4749853e86b93ee0c1447e62a640a67e640ce28013837e687b240ce5d	d5418e062cec915a0af7fa69f8ea17cbedb2bacd566283b2be19216a87d6c4e1	crates/veln-stdlib/veln/http2/hpack_test.veln#test header_block_decoder_preserves_order_octets_and_dynamic_transitions(
stdout	case.toml:stdout:744	983b54e0a11189a41c8e3d3dffc8551b6b6072acf32d3419a3159d84ad0ee5ef	82bc4feae8b46209347ff48afea732b640671e79aef81bd7c1ac54947e1283f7	examples/specification/run/hpack-fixture-codec-boundary/case.toml#hpack.fixture.dynamic_index_out_of_range
stdout	case.toml:stdout:745	fb21d7944e12f34ba551433a35ef4ef6630b1a5912d1366880789fe367c8faea	d5418e062cec915a0af7fa69f8ea17cbedb2bacd566283b2be19216a87d6c4e1	crates/veln-stdlib/veln/http2/hpack_test.veln#test header_block_decoder_preserves_order_octets_and_dynamic_transitions(
stdout	case.toml:stdout:746	f542a6237b6dc4c7c2f7a1e776323176518ffe42f57837c5adc51815607e74fc	d5418e062cec915a0af7fa69f8ea17cbedb2bacd566283b2be19216a87d6c4e1	crates/veln-stdlib/veln/http2/hpack_test.veln#test header_block_decoder_preserves_order_octets_and_dynamic_transitions(
stdout	case.toml:stdout:747	1c11b59c3086b1f5ce97658082eeb3b979d8788e970f25c8a21a992faa6e5382	d5418e062cec915a0af7fa69f8ea17cbedb2bacd566283b2be19216a87d6c4e1	crates/veln-stdlib/veln/http2/hpack_test.veln#test header_block_decoder_preserves_order_octets_and_dynamic_transitions(
stdout	case.toml:stdout:748	bd08bcac7a9a6518b542f48ce44b0bfea20f70815c7758334a58c52d365d7e4d	d5418e062cec915a0af7fa69f8ea17cbedb2bacd566283b2be19216a87d6c4e1	crates/veln-stdlib/veln/http2/hpack_test.veln#test header_block_decoder_preserves_order_octets_and_dynamic_transitions(
stdout	case.toml:stdout:749	172b002fd7929f0f4abdade9a473bfb6219945222102bbd2da0f84a1d63135a7	d5418e062cec915a0af7fa69f8ea17cbedb2bacd566283b2be19216a87d6c4e1	crates/veln-stdlib/veln/http2/hpack_test.veln#test header_block_decoder_preserves_order_octets_and_dynamic_transitions(
stdout	case.toml:stdout:750	fe689f630d998012a46a610f0c12e87d59a5e4e6dcc38341eb0db32125bc0022	d5418e062cec915a0af7fa69f8ea17cbedb2bacd566283b2be19216a87d6c4e1	crates/veln-stdlib/veln/http2/hpack_test.veln#test header_block_decoder_preserves_order_octets_and_dynamic_transitions(
stdout	case.toml:stdout:751	568f4bdec1eb37b6ac0ddac4f345ce3d32ba96ac2b8bad5a99acc797e5e42398	d5418e062cec915a0af7fa69f8ea17cbedb2bacd566283b2be19216a87d6c4e1	crates/veln-stdlib/veln/http2/hpack_test.veln#test header_block_decoder_preserves_order_octets_and_dynamic_transitions(
stdout	case.toml:stdout:752	4b2d30feb4bb2d343e0d6b5ec0d0b001eda1b896e94f7c2f144a97e640ad8a52	d5418e062cec915a0af7fa69f8ea17cbedb2bacd566283b2be19216a87d6c4e1	crates/veln-stdlib/veln/http2/hpack_test.veln#test header_block_decoder_preserves_order_octets_and_dynamic_transitions(
stdout	case.toml:stdout:753	9fdcd22f9407a31417fb0cbf5473b543704ca8ea73842ff00b36aaca381755f2	d5418e062cec915a0af7fa69f8ea17cbedb2bacd566283b2be19216a87d6c4e1	crates/veln-stdlib/veln/http2/hpack_test.veln#test header_block_decoder_preserves_order_octets_and_dynamic_transitions(
stdout	case.toml:stdout:754	ccc401251dff0c060992dbe89edb0c9c85eca0aa95e3f22323ec9168c06c703f	d5418e062cec915a0af7fa69f8ea17cbedb2bacd566283b2be19216a87d6c4e1	crates/veln-stdlib/veln/http2/hpack_test.veln#test header_block_decoder_preserves_order_octets_and_dynamic_transitions(
stdout	case.toml:stdout:755	762eeb9fa4763c4b02928e8562b26b13c9fc16839a13040c3cdf40f085b5d403	d5418e062cec915a0af7fa69f8ea17cbedb2bacd566283b2be19216a87d6c4e1	crates/veln-stdlib/veln/http2/hpack_test.veln#test header_block_decoder_preserves_order_octets_and_dynamic_transitions(
stdout	case.toml:stdout:756	25ff8a9a2c0b5b88d145c3e1fabe882a911d85eeaf349c97a79390bc9700327e	d5418e062cec915a0af7fa69f8ea17cbedb2bacd566283b2be19216a87d6c4e1	crates/veln-stdlib/veln/http2/hpack_test.veln#test header_block_decoder_preserves_order_octets_and_dynamic_transitions(
stdout	case.toml:stdout:757	6684948e8a22ae45226f6599cf7288f6120eb06f7b3eef68e711f61902a7719e	d5418e062cec915a0af7fa69f8ea17cbedb2bacd566283b2be19216a87d6c4e1	crates/veln-stdlib/veln/http2/hpack_test.veln#test header_block_decoder_preserves_order_octets_and_dynamic_transitions(
stdout	case.toml:stdout:758	efb6f6d7e891ee39b0bf6d5771f57e577b81f3934c3b767776fc6445a433a3ef	d5418e062cec915a0af7fa69f8ea17cbedb2bacd566283b2be19216a87d6c4e1	crates/veln-stdlib/veln/http2/hpack_test.veln#test header_block_decoder_preserves_order_octets_and_dynamic_transitions(
stdout	case.toml:stdout:759	bc9a6dfc903cb6b64a225d0891232f9c1c23153cc110d3a6fdf2815adac1cbf4	d5418e062cec915a0af7fa69f8ea17cbedb2bacd566283b2be19216a87d6c4e1	crates/veln-stdlib/veln/http2/hpack_test.veln#test header_block_decoder_preserves_order_octets_and_dynamic_transitions(
stdout	case.toml:stdout:760	fddba2f1324480da35798af49c3244b50db05d39bf6a7a0a18424d2d33a07c64	d5418e062cec915a0af7fa69f8ea17cbedb2bacd566283b2be19216a87d6c4e1	crates/veln-stdlib/veln/http2/hpack_test.veln#test header_block_decoder_preserves_order_octets_and_dynamic_transitions(
stdout	case.toml:stdout:761	2607e566a39b3edba1742def0bdc6576732fd8bbb384b439a0832a6f7f6dd42e	d5418e062cec915a0af7fa69f8ea17cbedb2bacd566283b2be19216a87d6c4e1	crates/veln-stdlib/veln/http2/hpack_test.veln#test header_block_decoder_preserves_order_octets_and_dynamic_transitions(
stdout	case.toml:stdout:762	024551d172a64fd098229fcba6b2fee4315074262133a759fe985edc2196302a	d5418e062cec915a0af7fa69f8ea17cbedb2bacd566283b2be19216a87d6c4e1	crates/veln-stdlib/veln/http2/hpack_test.veln#test header_block_decoder_preserves_order_octets_and_dynamic_transitions(
stdout	case.toml:stdout:763	05e7d897be07c3ac43c0d6dfcb8039e3ae1c6ac98e1ea7afd1676bd12f221898	d5418e062cec915a0af7fa69f8ea17cbedb2bacd566283b2be19216a87d6c4e1	crates/veln-stdlib/veln/http2/hpack_test.veln#test header_block_decoder_preserves_order_octets_and_dynamic_transitions(
stdout	case.toml:stdout:764	47e95ecdee727defdc2299199308d64925d83e6dab3093663a9fd8a8f9a56708	d5418e062cec915a0af7fa69f8ea17cbedb2bacd566283b2be19216a87d6c4e1	crates/veln-stdlib/veln/http2/hpack_test.veln#test header_block_decoder_preserves_order_octets_and_dynamic_transitions(
stdout	case.toml:stdout:765	0fae79caf3de69d77acc8215e0bbf7f6011151473e11bb4fccf5b80e5d172859	d5418e062cec915a0af7fa69f8ea17cbedb2bacd566283b2be19216a87d6c4e1	crates/veln-stdlib/veln/http2/hpack_test.veln#test header_block_decoder_preserves_order_octets_and_dynamic_transitions(
stdout	case.toml:stdout:766	3443054b06ac6b28d6b25e499a9a9e98249b87f28e65c49c0ca7937708bfb0ac	d5418e062cec915a0af7fa69f8ea17cbedb2bacd566283b2be19216a87d6c4e1	crates/veln-stdlib/veln/http2/hpack_test.veln#test header_block_decoder_preserves_order_octets_and_dynamic_transitions(
stdout	case.toml:stdout:767	49a5a9a83571322b09746c6becc5cbae70223c945cb875a5a49cf498bff4f43e	d5418e062cec915a0af7fa69f8ea17cbedb2bacd566283b2be19216a87d6c4e1	crates/veln-stdlib/veln/http2/hpack_test.veln#test header_block_decoder_preserves_order_octets_and_dynamic_transitions(
stdout	case.toml:stdout:768	dab088b88ebfa6772653a385197571e416d667952ba3accd3f8136b7867df96e	d5418e062cec915a0af7fa69f8ea17cbedb2bacd566283b2be19216a87d6c4e1	crates/veln-stdlib/veln/http2/hpack_test.veln#test header_block_decoder_preserves_order_octets_and_dynamic_transitions(
stdout	case.toml:stdout:769	47e623448ea8f5850b782f9b83266dfec7db666b90851d6010a0f4357906b462	d5418e062cec915a0af7fa69f8ea17cbedb2bacd566283b2be19216a87d6c4e1	crates/veln-stdlib/veln/http2/hpack_test.veln#test header_block_decoder_preserves_order_octets_and_dynamic_transitions(
stdout	case.toml:stdout:770	d7344f75a5e63bb3a10c8af90b37e4f8d95c646e3ffa48438c8312deb0f3149b	d5418e062cec915a0af7fa69f8ea17cbedb2bacd566283b2be19216a87d6c4e1	crates/veln-stdlib/veln/http2/hpack_test.veln#test header_block_decoder_preserves_order_octets_and_dynamic_transitions(
stdout	case.toml:stdout:771	9296d9baade092dd1516ad7a881fd7dc6c0ef8b83bb2009a64962a11cc45cb18	d5418e062cec915a0af7fa69f8ea17cbedb2bacd566283b2be19216a87d6c4e1	crates/veln-stdlib/veln/http2/hpack_test.veln#test header_block_decoder_preserves_order_octets_and_dynamic_transitions(
stdout	case.toml:stdout:772	01789ca8f69b727c718f1400c83af771da1d24b1bc7a2b078757e1c804bea2b4	d5418e062cec915a0af7fa69f8ea17cbedb2bacd566283b2be19216a87d6c4e1	crates/veln-stdlib/veln/http2/hpack_test.veln#test header_block_decoder_preserves_order_octets_and_dynamic_transitions(
stdout	case.toml:stdout:773	9b7a27024c3d1f4128cb6f4102e19697bdc693a58e70c98c93b6970580191012	d5418e062cec915a0af7fa69f8ea17cbedb2bacd566283b2be19216a87d6c4e1	crates/veln-stdlib/veln/http2/hpack_test.veln#test header_block_decoder_preserves_order_octets_and_dynamic_transitions(
stdout	case.toml:stdout:774	9c548c2cbedae03d1712713d38f4f311241bab22bbcc6154977030d4a11d1560	d5418e062cec915a0af7fa69f8ea17cbedb2bacd566283b2be19216a87d6c4e1	crates/veln-stdlib/veln/http2/hpack_test.veln#test header_block_decoder_preserves_order_octets_and_dynamic_transitions(
stdout	case.toml:stdout:775	c7b603857c66a72a80f51a15852f96013ed874471abd936081d31760e3747b5b	d5418e062cec915a0af7fa69f8ea17cbedb2bacd566283b2be19216a87d6c4e1	crates/veln-stdlib/veln/http2/hpack_test.veln#test header_block_decoder_preserves_order_octets_and_dynamic_transitions(
stdout	case.toml:stdout:776	934325e172b121ef29f4616aefc2a94272bfd73ca18aeeb75f7f3fec8c4c2a22	d5418e062cec915a0af7fa69f8ea17cbedb2bacd566283b2be19216a87d6c4e1	crates/veln-stdlib/veln/http2/hpack_test.veln#test header_block_decoder_preserves_order_octets_and_dynamic_transitions(
stdout	case.toml:stdout:777	e897da58f9ab554666c8ddcdebf56836bc7e02f908ce7c2b64e82a0445f1ed5d	d5418e062cec915a0af7fa69f8ea17cbedb2bacd566283b2be19216a87d6c4e1	crates/veln-stdlib/veln/http2/hpack_test.veln#test header_block_decoder_preserves_order_octets_and_dynamic_transitions(
stdout	case.toml:stdout:778	43c4a3d3d4db74626dc6765815ec57d2b769e14909826093cd26425604373a61	d5418e062cec915a0af7fa69f8ea17cbedb2bacd566283b2be19216a87d6c4e1	crates/veln-stdlib/veln/http2/hpack_test.veln#test header_block_decoder_preserves_order_octets_and_dynamic_transitions(
stdout	case.toml:stdout:779	875ad2742b0853a95ac217b81117e36c50f93ee55f4edb305621f84713853815	d5418e062cec915a0af7fa69f8ea17cbedb2bacd566283b2be19216a87d6c4e1	crates/veln-stdlib/veln/http2/hpack_test.veln#test header_block_decoder_preserves_order_octets_and_dynamic_transitions(
stdout	case.toml:stdout:780	083d3665c61e32ed4a250670292265d6a9a4239331111857bf1dcd8fda8c9cb0	d5418e062cec915a0af7fa69f8ea17cbedb2bacd566283b2be19216a87d6c4e1	crates/veln-stdlib/veln/http2/hpack_test.veln#test header_block_decoder_preserves_order_octets_and_dynamic_transitions(
stdout	case.toml:stdout:781	dba37dd699ed388b145f2d620814ab8dbd00ce78cdbb31b74468c7ae8f1d462e	d5418e062cec915a0af7fa69f8ea17cbedb2bacd566283b2be19216a87d6c4e1	crates/veln-stdlib/veln/http2/hpack_test.veln#test header_block_decoder_preserves_order_octets_and_dynamic_transitions(
stdout	case.toml:stdout:782	6ee0f0642a4d74c2a10ffb64e2b3cd75fffd779a57bb85f53959412b80a394d0	d5418e062cec915a0af7fa69f8ea17cbedb2bacd566283b2be19216a87d6c4e1	crates/veln-stdlib/veln/http2/hpack_test.veln#test header_block_decoder_preserves_order_octets_and_dynamic_transitions(
stdout	case.toml:stdout:783	10c39943be5081ba8922ff4ffa0be42a0e539637e486a29ec28624609b3768e9	d5418e062cec915a0af7fa69f8ea17cbedb2bacd566283b2be19216a87d6c4e1	crates/veln-stdlib/veln/http2/hpack_test.veln#test header_block_decoder_preserves_order_octets_and_dynamic_transitions(
stdout	case.toml:stdout:784	a5e6253083c97fd9e1daab8af3c9f24eb4f93e4d1155a96242f86f1f893e2092	d5418e062cec915a0af7fa69f8ea17cbedb2bacd566283b2be19216a87d6c4e1	crates/veln-stdlib/veln/http2/hpack_test.veln#test header_block_decoder_preserves_order_octets_and_dynamic_transitions(
stdout	case.toml:stdout:785	67a2818cbe1a54cc54bf15c66b8020d8ac6696b6a94c7bf64b774c3c26d11607	d5418e062cec915a0af7fa69f8ea17cbedb2bacd566283b2be19216a87d6c4e1	crates/veln-stdlib/veln/http2/hpack_test.veln#test header_block_decoder_preserves_order_octets_and_dynamic_transitions(
stdout	case.toml:stdout:786	8c5e436d8c32dbe0d80d2e69600d2aadeeebe1884df7686bf50d6f7fccb82a22	d5418e062cec915a0af7fa69f8ea17cbedb2bacd566283b2be19216a87d6c4e1	crates/veln-stdlib/veln/http2/hpack_test.veln#test header_block_decoder_preserves_order_octets_and_dynamic_transitions(
stdout	case.toml:stdout:787	4565b6317c345ed1ddabe097619c80060abb302e190723e5ccf12c5975f523a6	d5418e062cec915a0af7fa69f8ea17cbedb2bacd566283b2be19216a87d6c4e1	crates/veln-stdlib/veln/http2/hpack_test.veln#test header_block_decoder_preserves_order_octets_and_dynamic_transitions(
stdout	case.toml:stdout:788	609ea5d1d2e32e3fc3feaccb10f86b90d4d1722e2d343dac7354fabfa1a19227	d5418e062cec915a0af7fa69f8ea17cbedb2bacd566283b2be19216a87d6c4e1	crates/veln-stdlib/veln/http2/hpack_test.veln#test header_block_decoder_preserves_order_octets_and_dynamic_transitions(
stdout	case.toml:stdout:789	d7228e78020e4a19bc9cae04f9c4631f0456831eea587a08422a5064d64b5a26	d5418e062cec915a0af7fa69f8ea17cbedb2bacd566283b2be19216a87d6c4e1	crates/veln-stdlib/veln/http2/hpack_test.veln#test header_block_decoder_preserves_order_octets_and_dynamic_transitions(
stdout	case.toml:stdout:790	26f52e813818a8d23ef16d7cba8243d5651d84aaf7b13d1b8b017d4fcce15199	d5418e062cec915a0af7fa69f8ea17cbedb2bacd566283b2be19216a87d6c4e1	crates/veln-stdlib/veln/http2/hpack_test.veln#test header_block_decoder_preserves_order_octets_and_dynamic_transitions(
stdout	case.toml:stdout:791	a02d8d22f87670d68bfc9bdb127ccb260dbf724b217127efe2c4b20692c93a08	d5418e062cec915a0af7fa69f8ea17cbedb2bacd566283b2be19216a87d6c4e1	crates/veln-stdlib/veln/http2/hpack_test.veln#test header_block_decoder_preserves_order_octets_and_dynamic_transitions(
stdout	case.toml:stdout:792	33c7c65a59e578a849d67e2c3f0bb80175fac17937965020a11d83fb3441723f	d5418e062cec915a0af7fa69f8ea17cbedb2bacd566283b2be19216a87d6c4e1	crates/veln-stdlib/veln/http2/hpack_test.veln#test header_block_decoder_preserves_order_octets_and_dynamic_transitions(
stdout	case.toml:stdout:793	f0bb45ec6c75061b0b2d58566842369420180e24706037bf98e8c1944359bcf9	d5418e062cec915a0af7fa69f8ea17cbedb2bacd566283b2be19216a87d6c4e1	crates/veln-stdlib/veln/http2/hpack_test.veln#test header_block_decoder_preserves_order_octets_and_dynamic_transitions(
stdout	case.toml:stdout:794	e8319b1c97b96dc4064a1e9dfd8e3c8cfe9b2ca6b6d22b5e628842418eec38ac	d5418e062cec915a0af7fa69f8ea17cbedb2bacd566283b2be19216a87d6c4e1	crates/veln-stdlib/veln/http2/hpack_test.veln#test header_block_decoder_preserves_order_octets_and_dynamic_transitions(
stdout	case.toml:stdout:795	463504743a69ddfcad1c85e4ef157b80fd00fa595fa86fa0f5000b4cfd199a22	d5418e062cec915a0af7fa69f8ea17cbedb2bacd566283b2be19216a87d6c4e1	crates/veln-stdlib/veln/http2/hpack_test.veln#test header_block_decoder_preserves_order_octets_and_dynamic_transitions(
stdout	case.toml:stdout:796	b26ad0c6a637ddc4034b9f5a7e340184300f2813a1f33647c5a5486a0e339dc6	d5418e062cec915a0af7fa69f8ea17cbedb2bacd566283b2be19216a87d6c4e1	crates/veln-stdlib/veln/http2/hpack_test.veln#test header_block_decoder_preserves_order_octets_and_dynamic_transitions(
stdout	case.toml:stdout:797	2bd91d437c150d2bf5d40eabb53567542f65aee08ca42a5c30e80fa99e97a17a	d5418e062cec915a0af7fa69f8ea17cbedb2bacd566283b2be19216a87d6c4e1	crates/veln-stdlib/veln/http2/hpack_test.veln#test header_block_decoder_preserves_order_octets_and_dynamic_transitions(
stdout	case.toml:stdout:798	3073d943edd86f3220e03181480cc86ce880eb0c5bceb6d8d23aaa1c8037188c	d5418e062cec915a0af7fa69f8ea17cbedb2bacd566283b2be19216a87d6c4e1	crates/veln-stdlib/veln/http2/hpack_test.veln#test header_block_decoder_preserves_order_octets_and_dynamic_transitions(
stdout	case.toml:stdout:799	336fc473810645513d40a6dcc6cff9b12cb844cd01a4078856fe40b04b79c740	d5418e062cec915a0af7fa69f8ea17cbedb2bacd566283b2be19216a87d6c4e1	crates/veln-stdlib/veln/http2/hpack_test.veln#test header_block_decoder_preserves_order_octets_and_dynamic_transitions(
stdout	case.toml:stdout:800	052e94d18e6688de5d54ba40e4fafdf793ef1e81aadc4fd6d2ed597bbca3cad5	d5418e062cec915a0af7fa69f8ea17cbedb2bacd566283b2be19216a87d6c4e1	crates/veln-stdlib/veln/http2/hpack_test.veln#test header_block_decoder_preserves_order_octets_and_dynamic_transitions(
stdout	case.toml:stdout:801	e565d4bee5ac021e4276f98f2c52a176787042cb729c5d0e1aabaf03dc451111	d5418e062cec915a0af7fa69f8ea17cbedb2bacd566283b2be19216a87d6c4e1	crates/veln-stdlib/veln/http2/hpack_test.veln#test header_block_decoder_preserves_order_octets_and_dynamic_transitions(
stdout	case.toml:stdout:802	bb3b2c21729223ad4bba5caf5c7fd88a169c517f738e487a8a9948ad1c4a8061	82bc4feae8b46209347ff48afea732b640671e79aef81bd7c1ac54947e1283f7	examples/specification/run/hpack-fixture-codec-boundary/case.toml#hpack.fixture.dynamic_index_out_of_range
stdout	case.toml:stdout:803	02b4488316128532948896f0caa12de0e8a640fe5b04a78d4222beb8d7e85f9e	d5418e062cec915a0af7fa69f8ea17cbedb2bacd566283b2be19216a87d6c4e1	crates/veln-stdlib/veln/http2/hpack_test.veln#test header_block_decoder_preserves_order_octets_and_dynamic_transitions(
stdout	case.toml:stdout:804	8cf8f1b3e904625912b3734d704cc05b776651691076c3e48ff35ff231530098	d5418e062cec915a0af7fa69f8ea17cbedb2bacd566283b2be19216a87d6c4e1	crates/veln-stdlib/veln/http2/hpack_test.veln#test header_block_decoder_preserves_order_octets_and_dynamic_transitions(
stdout	case.toml:stdout:805	6aae8ea6001fda0c964292fefdc29b69bdadd349db7688e82944c427305d892b	d5418e062cec915a0af7fa69f8ea17cbedb2bacd566283b2be19216a87d6c4e1	crates/veln-stdlib/veln/http2/hpack_test.veln#test header_block_decoder_preserves_order_octets_and_dynamic_transitions(
stdout	case.toml:stdout:806	eb1564f51f33582e67b2fbb9d2d5789241cba36c610b836cd1a2a4030a8c91e3	d5418e062cec915a0af7fa69f8ea17cbedb2bacd566283b2be19216a87d6c4e1	crates/veln-stdlib/veln/http2/hpack_test.veln#test header_block_decoder_preserves_order_octets_and_dynamic_transitions(
stdout	case.toml:stdout:807	3253e903b5ffbe8fa3172640663b0e6c9c09e1d1077b3adfa97d2727ed0ea568	d5418e062cec915a0af7fa69f8ea17cbedb2bacd566283b2be19216a87d6c4e1	crates/veln-stdlib/veln/http2/hpack_test.veln#test header_block_decoder_preserves_order_octets_and_dynamic_transitions(
stdout	case.toml:stdout:808	a24fe9375a2b7c6468aa6ea590e24d5c8233c939370baf689cd2832a99e28e4b	d5418e062cec915a0af7fa69f8ea17cbedb2bacd566283b2be19216a87d6c4e1	crates/veln-stdlib/veln/http2/hpack_test.veln#test header_block_decoder_preserves_order_octets_and_dynamic_transitions(
stdout	case.toml:stdout:809	229beb808a7ee32765989e37658ff9567c04a8420d8ab21e62aee97f390a282e	d5418e062cec915a0af7fa69f8ea17cbedb2bacd566283b2be19216a87d6c4e1	crates/veln-stdlib/veln/http2/hpack_test.veln#test header_block_decoder_preserves_order_octets_and_dynamic_transitions(
stdout	case.toml:stdout:810	4e07ce7ede8c134e357fc8c216bee9e5380bb479c8959492a9d78adee2e4c461	d5418e062cec915a0af7fa69f8ea17cbedb2bacd566283b2be19216a87d6c4e1	crates/veln-stdlib/veln/http2/hpack_test.veln#test header_block_decoder_preserves_order_octets_and_dynamic_transitions(
stdout	case.toml:stdout:811	5235454bcdda6cb690e5e47cb4c1fdecdd70be8e6ff7434301b35cf78cf740f8	d5418e062cec915a0af7fa69f8ea17cbedb2bacd566283b2be19216a87d6c4e1	crates/veln-stdlib/veln/http2/hpack_test.veln#test header_block_decoder_preserves_order_octets_and_dynamic_transitions(
stdout	case.toml:stdout:812	0f97023ba262ebb5b54bafe8b90f76588229bc17ae48367649107dcddc05283a	d5418e062cec915a0af7fa69f8ea17cbedb2bacd566283b2be19216a87d6c4e1	crates/veln-stdlib/veln/http2/hpack_test.veln#test header_block_decoder_preserves_order_octets_and_dynamic_transitions(
stdout	case.toml:stdout:813	400d50f9ef3600f3f741dbba4ee0d0ba2c9c475b55f4206758b38cfe95b658dd	d5418e062cec915a0af7fa69f8ea17cbedb2bacd566283b2be19216a87d6c4e1	crates/veln-stdlib/veln/http2/hpack_test.veln#test header_block_decoder_preserves_order_octets_and_dynamic_transitions(
stdout	case.toml:stdout:814	195ae32581414dd6253c8e581a8c5c906d977fe0e3e9cd91e1fcd3990b6b43e0	d5418e062cec915a0af7fa69f8ea17cbedb2bacd566283b2be19216a87d6c4e1	crates/veln-stdlib/veln/http2/hpack_test.veln#test header_block_decoder_preserves_order_octets_and_dynamic_transitions(
stdout	case.toml:stdout:815	ef330d6085da450ec9bb68aac8b0296566a3bbcd53290e46f446faa26b2844fc	d5418e062cec915a0af7fa69f8ea17cbedb2bacd566283b2be19216a87d6c4e1	crates/veln-stdlib/veln/http2/hpack_test.veln#test header_block_decoder_preserves_order_octets_and_dynamic_transitions(
stdout	case.toml:stdout:816	62514bcfa5adfe0362bdd504d2e2ebbdccc470dab529c25b6226791ed441aeba	d5418e062cec915a0af7fa69f8ea17cbedb2bacd566283b2be19216a87d6c4e1	crates/veln-stdlib/veln/http2/hpack_test.veln#test header_block_decoder_preserves_order_octets_and_dynamic_transitions(
stdout	case.toml:stdout:817	57cd6d8de6d0a683055fd609b59f7f62c97b5e54763dab259e53ddf301dc183a	d5418e062cec915a0af7fa69f8ea17cbedb2bacd566283b2be19216a87d6c4e1	crates/veln-stdlib/veln/http2/hpack_test.veln#test header_block_decoder_preserves_order_octets_and_dynamic_transitions(
stdout	case.toml:stdout:818	03bdb83ff227920c3783c27fad52104285907ae03376bb972a3170fc5a5c93ce	d5418e062cec915a0af7fa69f8ea17cbedb2bacd566283b2be19216a87d6c4e1	crates/veln-stdlib/veln/http2/hpack_test.veln#test header_block_decoder_preserves_order_octets_and_dynamic_transitions(
stdout	case.toml:stdout:819	f1c1ac897a6b16cd74f2c35d33a5ac7970682c008a68450674696fb3f911e6b4	d5418e062cec915a0af7fa69f8ea17cbedb2bacd566283b2be19216a87d6c4e1	crates/veln-stdlib/veln/http2/hpack_test.veln#test header_block_decoder_preserves_order_octets_and_dynamic_transitions(
stdout	case.toml:stdout:820	c99f6e1c23d4cfabc84b3e2f44e3e5a90a5579062f3b54929972c84d059c74f6	d5418e062cec915a0af7fa69f8ea17cbedb2bacd566283b2be19216a87d6c4e1	crates/veln-stdlib/veln/http2/hpack_test.veln#test header_block_decoder_preserves_order_octets_and_dynamic_transitions(
stdout	case.toml:stdout:821	cbc634aa7ee8e7a0cf4b3795067f5bd50887e5fcb9efa6367278b1b0e7cf820d	d5418e062cec915a0af7fa69f8ea17cbedb2bacd566283b2be19216a87d6c4e1	crates/veln-stdlib/veln/http2/hpack_test.veln#test header_block_decoder_preserves_order_octets_and_dynamic_transitions(
stdout	case.toml:stdout:822	b68959d9ffed7c167f4bacf3e6000dfe2cf3eafd21ce184f158bc8ac517cd23a	d5418e062cec915a0af7fa69f8ea17cbedb2bacd566283b2be19216a87d6c4e1	crates/veln-stdlib/veln/http2/hpack_test.veln#test header_block_decoder_preserves_order_octets_and_dynamic_transitions(
stdout	case.toml:stdout:823	ba2d917bf0d6bc5970b25b1c5a478d643f364dfea111be502d56cf73f5071400	d5418e062cec915a0af7fa69f8ea17cbedb2bacd566283b2be19216a87d6c4e1	crates/veln-stdlib/veln/http2/hpack_test.veln#test header_block_decoder_preserves_order_octets_and_dynamic_transitions(
stdout	case.toml:stdout:824	f26b7ec3bcd1a5fe6e3233f46d48d0d437b289356e9418d6730f77998bfb355d	d5418e062cec915a0af7fa69f8ea17cbedb2bacd566283b2be19216a87d6c4e1	crates/veln-stdlib/veln/http2/hpack_test.veln#test header_block_decoder_preserves_order_octets_and_dynamic_transitions(
stdout	case.toml:stdout:825	a7c53a37dfd162eef804f4dcac6905f26eeea6f805cb3e490a77c3197d30fef4	d5418e062cec915a0af7fa69f8ea17cbedb2bacd566283b2be19216a87d6c4e1	crates/veln-stdlib/veln/http2/hpack_test.veln#test header_block_decoder_preserves_order_octets_and_dynamic_transitions(
stdout	case.toml:stdout:826	6d3695ae354260111dd18271c1b59940944c26d93a3da2b7c456fc2fdddf1f29	d5418e062cec915a0af7fa69f8ea17cbedb2bacd566283b2be19216a87d6c4e1	crates/veln-stdlib/veln/http2/hpack_test.veln#test header_block_decoder_preserves_order_octets_and_dynamic_transitions(
stdout	case.toml:stdout:827	bfa689a9631f97154dc5535bf1b04192414c05c9210a8cdd0ee25340f798e38d	d5418e062cec915a0af7fa69f8ea17cbedb2bacd566283b2be19216a87d6c4e1	crates/veln-stdlib/veln/http2/hpack_test.veln#test header_block_decoder_preserves_order_octets_and_dynamic_transitions(
stdout	case.toml:stdout:828	eb844179dce8115146c47c1ce36f3ce5b82a4d09ec079192b98420b18d204405	d5418e062cec915a0af7fa69f8ea17cbedb2bacd566283b2be19216a87d6c4e1	crates/veln-stdlib/veln/http2/hpack_test.veln#test header_block_decoder_preserves_order_octets_and_dynamic_transitions(
stdout	case.toml:stdout:829	849b04481b601188b539dfb13c769a263eb4fd0561402b028ef6e84064bd363c	d5418e062cec915a0af7fa69f8ea17cbedb2bacd566283b2be19216a87d6c4e1	crates/veln-stdlib/veln/http2/hpack_test.veln#test header_block_decoder_preserves_order_octets_and_dynamic_transitions(
stdout	case.toml:stdout:830	ef840e019a22d5efd1e316a7b0b9f7e67ec4be6138d6d140dcffd01d3a37f4a1	d5418e062cec915a0af7fa69f8ea17cbedb2bacd566283b2be19216a87d6c4e1	crates/veln-stdlib/veln/http2/hpack_test.veln#test header_block_decoder_preserves_order_octets_and_dynamic_transitions(
stdout	case.toml:stdout:831	11f980489182fdaf22065223d04109aed612d32ddb608cc501fa5c148aa207e6	d5418e062cec915a0af7fa69f8ea17cbedb2bacd566283b2be19216a87d6c4e1	crates/veln-stdlib/veln/http2/hpack_test.veln#test header_block_decoder_preserves_order_octets_and_dynamic_transitions(
stdout	case.toml:stdout:832	3f00bed61580ac02409e6e9691297f175650de08d9302e7f289cd853033851c6	d5418e062cec915a0af7fa69f8ea17cbedb2bacd566283b2be19216a87d6c4e1	crates/veln-stdlib/veln/http2/hpack_test.veln#test header_block_decoder_preserves_order_octets_and_dynamic_transitions(
stdout	case.toml:stdout:833	25b330daf3535eaa194f8565985e554ec7759db8b0311a3d6af2616ce44a18c0	d5418e062cec915a0af7fa69f8ea17cbedb2bacd566283b2be19216a87d6c4e1	crates/veln-stdlib/veln/http2/hpack_test.veln#test header_block_decoder_preserves_order_octets_and_dynamic_transitions(
stdout	case.toml:stdout:834	84d12355f11e77aa8636cdb6c2f5a80f087cf1a69c379e71f460347059e7c05e	d5418e062cec915a0af7fa69f8ea17cbedb2bacd566283b2be19216a87d6c4e1	crates/veln-stdlib/veln/http2/hpack_test.veln#test header_block_decoder_preserves_order_octets_and_dynamic_transitions(
stdout	case.toml:stdout:835	87154cfe79857513770e2d5516609e13970c328e602859a54739cb116f28284d	d5418e062cec915a0af7fa69f8ea17cbedb2bacd566283b2be19216a87d6c4e1	crates/veln-stdlib/veln/http2/hpack_test.veln#test header_block_decoder_preserves_order_octets_and_dynamic_transitions(
stdout	case.toml:stdout:836	eb9b277ab0d1607e03aa88391d3c538dfd3a42b189828a40aa933ba826e56686	d5418e062cec915a0af7fa69f8ea17cbedb2bacd566283b2be19216a87d6c4e1	crates/veln-stdlib/veln/http2/hpack_test.veln#test header_block_decoder_preserves_order_octets_and_dynamic_transitions(
stdout	case.toml:stdout:837	c3d2db34bfd5cb298c1a68991988eb9f206f9afeb9444a04ca179ebcb9a80025	d5418e062cec915a0af7fa69f8ea17cbedb2bacd566283b2be19216a87d6c4e1	crates/veln-stdlib/veln/http2/hpack_test.veln#test header_block_decoder_preserves_order_octets_and_dynamic_transitions(
stdout	case.toml:stdout:838	e6f0883d100f14425123e56285468abd29e79ec4c77530b5ca92bd0a3d12c891	d5418e062cec915a0af7fa69f8ea17cbedb2bacd566283b2be19216a87d6c4e1	crates/veln-stdlib/veln/http2/hpack_test.veln#test header_block_decoder_preserves_order_octets_and_dynamic_transitions(
stdout	case.toml:stdout:839	23c1fb7d8671fe89fedeab4de672ccb3ace61e531075ec9856beeffb12d27710	d5418e062cec915a0af7fa69f8ea17cbedb2bacd566283b2be19216a87d6c4e1	crates/veln-stdlib/veln/http2/hpack_test.veln#test header_block_decoder_preserves_order_octets_and_dynamic_transitions(
stdout	case.toml:stdout:840	47ce127211f5103656ac90667dcd5fca5f1143eee3d0889e81a2ff7bd34bc847	d5418e062cec915a0af7fa69f8ea17cbedb2bacd566283b2be19216a87d6c4e1	crates/veln-stdlib/veln/http2/hpack_test.veln#test header_block_decoder_preserves_order_octets_and_dynamic_transitions(
stdout	case.toml:stdout:841	d319f44afb8186186fe0d56e06cde0ef29afeefe18f7f8a8e008c5978c86f7bb	d5418e062cec915a0af7fa69f8ea17cbedb2bacd566283b2be19216a87d6c4e1	crates/veln-stdlib/veln/http2/hpack_test.veln#test header_block_decoder_preserves_order_octets_and_dynamic_transitions(
stdout	case.toml:stdout:842	95f0f6c145f1db81c70383213f53a3a8f412747a91a1197f2d9d2c0615a26fb0	d5418e062cec915a0af7fa69f8ea17cbedb2bacd566283b2be19216a87d6c4e1	crates/veln-stdlib/veln/http2/hpack_test.veln#test header_block_decoder_preserves_order_octets_and_dynamic_transitions(
stdout	case.toml:stdout:843	d80883d3dd7b5b12340663ae7426e559b6eddfdd4a5f56e8f5e573732c8ef451	d5418e062cec915a0af7fa69f8ea17cbedb2bacd566283b2be19216a87d6c4e1	crates/veln-stdlib/veln/http2/hpack_test.veln#test header_block_decoder_preserves_order_octets_and_dynamic_transitions(
stdout	case.toml:stdout:844	12cbeda743137073e3fe3b4b1a84c169b5ed1801b21f2a4a2c981c6a6cd8c9d0	d5418e062cec915a0af7fa69f8ea17cbedb2bacd566283b2be19216a87d6c4e1	crates/veln-stdlib/veln/http2/hpack_test.veln#test header_block_decoder_preserves_order_octets_and_dynamic_transitions(
stdout	case.toml:stdout:845	f83a39208419b20aa5a300bf8d3478fe4681cbe647e6f502607420b17f859240	d5418e062cec915a0af7fa69f8ea17cbedb2bacd566283b2be19216a87d6c4e1	crates/veln-stdlib/veln/http2/hpack_test.veln#test header_block_decoder_preserves_order_octets_and_dynamic_transitions(
stdout	case.toml:stdout:846	6da1ce17dcd3917b65c4b736ef79fc5c11aedf33d1f68f6fceb177fd2833ad9a	82bc4feae8b46209347ff48afea732b640671e79aef81bd7c1ac54947e1283f7	examples/specification/run/hpack-fixture-codec-boundary/case.toml#hpack.fixture.malformed_huffman_padding
stdout	case.toml:stdout:847	97078a708024c0f0fd676d52c6baab59da94755ffe738ba4bcb9fbfcfc0258aa	d5418e062cec915a0af7fa69f8ea17cbedb2bacd566283b2be19216a87d6c4e1	crates/veln-stdlib/veln/http2/hpack_test.veln#test header_block_decoder_preserves_order_octets_and_dynamic_transitions(
stdout	case.toml:stdout:848	b365a3a0d61e7697c7684b982b5412ab61606121d3053852246c6c88915a9e34	d5418e062cec915a0af7fa69f8ea17cbedb2bacd566283b2be19216a87d6c4e1	crates/veln-stdlib/veln/http2/hpack_test.veln#test header_block_decoder_preserves_order_octets_and_dynamic_transitions(
stdout	case.toml:stdout:849	93d161bdf39634d41e91c2997396ac656a3066729bc6b559908f0ff02933d217	d5418e062cec915a0af7fa69f8ea17cbedb2bacd566283b2be19216a87d6c4e1	crates/veln-stdlib/veln/http2/hpack_test.veln#test header_block_decoder_preserves_order_octets_and_dynamic_transitions(
stdout	case.toml:stdout:850	6ddc9adef209ca5f2c215faadb4e1666fc53cc230c121ffcd327e79876e743ec	d5418e062cec915a0af7fa69f8ea17cbedb2bacd566283b2be19216a87d6c4e1	crates/veln-stdlib/veln/http2/hpack_test.veln#test header_block_decoder_preserves_order_octets_and_dynamic_transitions(
stdout	case.toml:stdout:851	efeb2897c649bfc220213aa378b791f4c6be510288199968f9ad0cf0791d52cd	d5418e062cec915a0af7fa69f8ea17cbedb2bacd566283b2be19216a87d6c4e1	crates/veln-stdlib/veln/http2/hpack_test.veln#test header_block_decoder_preserves_order_octets_and_dynamic_transitions(
stdout	case.toml:stdout:852	1266c60492dc3d6380c5b1ff84b8a09e346b90ad97ea8f92ed76c8a9dfd55b3a	d5418e062cec915a0af7fa69f8ea17cbedb2bacd566283b2be19216a87d6c4e1	crates/veln-stdlib/veln/http2/hpack_test.veln#test header_block_decoder_preserves_order_octets_and_dynamic_transitions(
stdout	case.toml:stdout:853	d29228d84058f759b9fff5819c5b9429e61d9bdf079baebd089be4e21ac86588	d5418e062cec915a0af7fa69f8ea17cbedb2bacd566283b2be19216a87d6c4e1	crates/veln-stdlib/veln/http2/hpack_test.veln#test header_block_decoder_preserves_order_octets_and_dynamic_transitions(
stdout	case.toml:stdout:854	7be686e4441d1765ed6f5dddb815e4178b87bae2057d46cd812e06cddc0f0bf0	d5418e062cec915a0af7fa69f8ea17cbedb2bacd566283b2be19216a87d6c4e1	crates/veln-stdlib/veln/http2/hpack_test.veln#test header_block_decoder_preserves_order_octets_and_dynamic_transitions(
stdout	case.toml:stdout:855	f3a80ba874c9e118622971051b4678b53bb31788c0c3e1442899ea05cf2746f8	d5418e062cec915a0af7fa69f8ea17cbedb2bacd566283b2be19216a87d6c4e1	crates/veln-stdlib/veln/http2/hpack_test.veln#test header_block_decoder_preserves_order_octets_and_dynamic_transitions(
stdout	case.toml:stdout:856	41652dd486c9cc4f5984a5dc729eda854a767efddf933113ebdef24ac336add3	d5418e062cec915a0af7fa69f8ea17cbedb2bacd566283b2be19216a87d6c4e1	crates/veln-stdlib/veln/http2/hpack_test.veln#test header_block_decoder_preserves_order_octets_and_dynamic_transitions(
stdout	case.toml:stdout:857	b1eaae92101aed8830d9a39c2a6995eb01d742e7557806bce8cb04e4be6c8d19	d5418e062cec915a0af7fa69f8ea17cbedb2bacd566283b2be19216a87d6c4e1	crates/veln-stdlib/veln/http2/hpack_test.veln#test header_block_decoder_preserves_order_octets_and_dynamic_transitions(
stdout	case.toml:stdout:858	a733da484880bbc04d4346266565cdefec5fe1930ad20edb5a4fb89dd14c54d0	d5418e062cec915a0af7fa69f8ea17cbedb2bacd566283b2be19216a87d6c4e1	crates/veln-stdlib/veln/http2/hpack_test.veln#test header_block_decoder_preserves_order_octets_and_dynamic_transitions(
stdout	case.toml:stdout:859	2e8f0bf062b27cc0b2716d09aadcc73b0e54728772fd2f7c9440d54864b2eb67	d5418e062cec915a0af7fa69f8ea17cbedb2bacd566283b2be19216a87d6c4e1	crates/veln-stdlib/veln/http2/hpack_test.veln#test header_block_decoder_preserves_order_octets_and_dynamic_transitions(
stdout	case.toml:stdout:860	9afcf357cce97e3582652af664d8aeaaa8e3995aa03169542b610c37981a54c8	d5418e062cec915a0af7fa69f8ea17cbedb2bacd566283b2be19216a87d6c4e1	crates/veln-stdlib/veln/http2/hpack_test.veln#test header_block_decoder_preserves_order_octets_and_dynamic_transitions(
stdout	case.toml:stdout:861	f742120ef9e1f09326ef8a839caa5d096d6b209d942489ba6611b638099e526e	d5418e062cec915a0af7fa69f8ea17cbedb2bacd566283b2be19216a87d6c4e1	crates/veln-stdlib/veln/http2/hpack_test.veln#test header_block_decoder_preserves_order_octets_and_dynamic_transitions(
stdout	case.toml:stdout:862	33049294dffb79223e1342f797543b45c9cf7da0dcbc44592ea373948e8b86c9	d5418e062cec915a0af7fa69f8ea17cbedb2bacd566283b2be19216a87d6c4e1	crates/veln-stdlib/veln/http2/hpack_test.veln#test header_block_decoder_preserves_order_octets_and_dynamic_transitions(
stdout	case.toml:stdout:863	beb67fd117ebde326aa5a6d6558eac54117bb436d679ca9dd2a83d9618118f4f	d5418e062cec915a0af7fa69f8ea17cbedb2bacd566283b2be19216a87d6c4e1	crates/veln-stdlib/veln/http2/hpack_test.veln#test header_block_decoder_preserves_order_octets_and_dynamic_transitions(
stdout	case.toml:stdout:864	cdfe26cfaf9c967059192f0efa32b75b73f297f6251b29df04ac081d5c9f10f3	d5418e062cec915a0af7fa69f8ea17cbedb2bacd566283b2be19216a87d6c4e1	crates/veln-stdlib/veln/http2/hpack_test.veln#test header_block_decoder_preserves_order_octets_and_dynamic_transitions(
stdout	case.toml:stdout:865	a78bf552b5c84c16bd590e0a2701f6c0ca18947d038c5e32af8a10d9544d972d	d5418e062cec915a0af7fa69f8ea17cbedb2bacd566283b2be19216a87d6c4e1	crates/veln-stdlib/veln/http2/hpack_test.veln#test header_block_decoder_preserves_order_octets_and_dynamic_transitions(
stdout	case.toml:stdout:866	4204252fefee4c1f07a51566b401c6b7288aae2610ed85ffb8bc75c25b7ebf60	d5418e062cec915a0af7fa69f8ea17cbedb2bacd566283b2be19216a87d6c4e1	crates/veln-stdlib/veln/http2/hpack_test.veln#test header_block_decoder_preserves_order_octets_and_dynamic_transitions(
stdout	case.toml:stdout:867	37fcf5f952ba15c500d92e29e8b10a4bf33751de7010975d0f2ba839da1e9051	d5418e062cec915a0af7fa69f8ea17cbedb2bacd566283b2be19216a87d6c4e1	crates/veln-stdlib/veln/http2/hpack_test.veln#test header_block_decoder_preserves_order_octets_and_dynamic_transitions(
stdout	case.toml:stdout:868	06e88b47709cd3be4e566ce849aae913e4199a8d64addcb51d4d2b98a8f6540f	d5418e062cec915a0af7fa69f8ea17cbedb2bacd566283b2be19216a87d6c4e1	crates/veln-stdlib/veln/http2/hpack_test.veln#test header_block_decoder_preserves_order_octets_and_dynamic_transitions(
stdout	case.toml:stdout:869	0fa031996955648caaa2f7144334779249807bc3a03d25fc09e4661bd18153db	82bc4feae8b46209347ff48afea732b640671e79aef81bd7c1ac54947e1283f7	examples/specification/run/hpack-fixture-codec-boundary/case.toml#hpack.fixture.dynamic_index_out_of_range
stdout	case.toml:stdout:870	79eec1be21487e781c13ace58a406444176edcf018bfd96e6000885e40669d99	d5418e062cec915a0af7fa69f8ea17cbedb2bacd566283b2be19216a87d6c4e1	crates/veln-stdlib/veln/http2/hpack_test.veln#test header_block_decoder_preserves_order_octets_and_dynamic_transitions(
stdout	case.toml:stdout:871	f1aefecc1cd96c0099ae13bf7df17cbffd0222e247db2b8f08a8814571603a9c	d5418e062cec915a0af7fa69f8ea17cbedb2bacd566283b2be19216a87d6c4e1	crates/veln-stdlib/veln/http2/hpack_test.veln#test header_block_decoder_preserves_order_octets_and_dynamic_transitions(
stdout	case.toml:stdout:872	6c125be11979fb31698a59f66bdb0c6965822ccdf658999815bbdd0e6034c18a	d5418e062cec915a0af7fa69f8ea17cbedb2bacd566283b2be19216a87d6c4e1	crates/veln-stdlib/veln/http2/hpack_test.veln#test header_block_decoder_preserves_order_octets_and_dynamic_transitions(
stdout	case.toml:stdout:873	eefa9085f9e1d4c06c5ef42d4be0f250c9dd8164f151cf08fff19acac2f4b6c4	d5418e062cec915a0af7fa69f8ea17cbedb2bacd566283b2be19216a87d6c4e1	crates/veln-stdlib/veln/http2/hpack_test.veln#test header_block_decoder_preserves_order_octets_and_dynamic_transitions(
stdout	case.toml:stdout:874	eadc4a463c7ac730b30bc189fd2776bceb9cd8390e5deefd432a14dca8bd5812	d5418e062cec915a0af7fa69f8ea17cbedb2bacd566283b2be19216a87d6c4e1	crates/veln-stdlib/veln/http2/hpack_test.veln#test header_block_decoder_preserves_order_octets_and_dynamic_transitions(
stdout	case.toml:stdout:875	988c9d5586083b3e3eea08637eab8ff74f8a743b8cec3f1f0c37abda0617bc64	82bc4feae8b46209347ff48afea732b640671e79aef81bd7c1ac54947e1283f7	examples/specification/run/hpack-fixture-codec-boundary/case.toml#hpack.fixture.dynamic_index_out_of_range
stdout	case.toml:stdout:876	93fdedaa8ebc6181db9ec85b823ce6daf6fd59ddbe61a6a8e188182296f224fb	82bc4feae8b46209347ff48afea732b640671e79aef81bd7c1ac54947e1283f7	examples/specification/run/hpack-fixture-codec-boundary/case.toml#hpack.fixture.dynamic_name_continuation_missing
stdout	case.toml:stdout:877	80020adbcd2ba2b3f050b4a62ce58ae73884643234428430d4ed2759e361cdc3	82bc4feae8b46209347ff48afea732b640671e79aef81bd7c1ac54947e1283f7	examples/specification/run/hpack-fixture-codec-boundary/case.toml#hpack.fixture.dynamic_name_continuation_out_of_range
stdout	case.toml:stdout:878	849a55b80692a717d4d650f37fe3e7e730c824fa6ea995c290e27ea0ec7c20c1	82bc4feae8b46209347ff48afea732b640671e79aef81bd7c1ac54947e1283f7	examples/specification/run/hpack-fixture-codec-boundary/case.toml#hpack.fixture.dynamic_name_continuation_malformed
stdout	case.toml:stdout:879	dd976acf944f3b13019a2fec4266cc236525226121e0146c4930295acdb98f88	d5418e062cec915a0af7fa69f8ea17cbedb2bacd566283b2be19216a87d6c4e1	crates/veln-stdlib/veln/http2/hpack_test.veln#test header_block_decoder_preserves_order_octets_and_dynamic_transitions(
stdout	case.toml:stdout:880	ccb7a21b3d2a424abd1dfe938a4837e5e4a5589ac0b20b43afa5b64b9b598c0c	82bc4feae8b46209347ff48afea732b640671e79aef81bd7c1ac54947e1283f7	examples/specification/run/hpack-fixture-codec-boundary/case.toml#hpack.fixture.dynamic_name_continuation_out_of_range
stdout	case.toml:stdout:881	41612a74e92a12af890e532914d61f0b272cf13e55b5b3746c1b3792038fa15a	d5418e062cec915a0af7fa69f8ea17cbedb2bacd566283b2be19216a87d6c4e1	crates/veln-stdlib/veln/http2/hpack_test.veln#test header_block_decoder_preserves_order_octets_and_dynamic_transitions(
stdout	case.toml:stdout:882	4316e6846167428d0c14c0eb827f3a2f1e7c8fe215df23c8ff170f1b942aaf4a	d5418e062cec915a0af7fa69f8ea17cbedb2bacd566283b2be19216a87d6c4e1	crates/veln-stdlib/veln/http2/hpack_test.veln#test header_block_decoder_preserves_order_octets_and_dynamic_transitions(
stdout	case.toml:stdout:883	be1dcb1d15db03567cc89ed4e2a0b037a7b3240b4aa64e1c6db45e71a40d810a	d5418e062cec915a0af7fa69f8ea17cbedb2bacd566283b2be19216a87d6c4e1	crates/veln-stdlib/veln/http2/hpack_test.veln#test header_block_decoder_preserves_order_octets_and_dynamic_transitions(
stdout	case.toml:stdout:884	a70e446146fbadcd669a3e6b08ebef1631e4e6e2adeede169e1707fe7a5dc110	d5418e062cec915a0af7fa69f8ea17cbedb2bacd566283b2be19216a87d6c4e1	crates/veln-stdlib/veln/http2/hpack_test.veln#test header_block_decoder_preserves_order_octets_and_dynamic_transitions(
stdout	case.toml:stdout:885	7842250e4f178d43244e897df6c3a27bf7c30cdcefc5c934c4501a5d1fbb576c	d5418e062cec915a0af7fa69f8ea17cbedb2bacd566283b2be19216a87d6c4e1	crates/veln-stdlib/veln/http2/hpack_test.veln#test header_block_decoder_preserves_order_octets_and_dynamic_transitions(
stdout	case.toml:stdout:886	ee99473e46ebd3d56106f07ec027edfa98eff681a9b6c91eb2f4a3dba07728e9	d5418e062cec915a0af7fa69f8ea17cbedb2bacd566283b2be19216a87d6c4e1	crates/veln-stdlib/veln/http2/hpack_test.veln#test header_block_decoder_preserves_order_octets_and_dynamic_transitions(
stdout	case.toml:stdout:887	901daa7fb8e62c995251576e9d21a8f6d830d92c94ed947bb398a07564299db0	d5418e062cec915a0af7fa69f8ea17cbedb2bacd566283b2be19216a87d6c4e1	crates/veln-stdlib/veln/http2/hpack_test.veln#test header_block_decoder_preserves_order_octets_and_dynamic_transitions(
stdout	case.toml:stdout:888	1bd6eadc6e6656c0437290391ebf352dbe05ccd289bd895a88095c0206531162	d5418e062cec915a0af7fa69f8ea17cbedb2bacd566283b2be19216a87d6c4e1	crates/veln-stdlib/veln/http2/hpack_test.veln#test header_block_decoder_preserves_order_octets_and_dynamic_transitions(
stdout	case.toml:stdout:889	0c5d7154420b253e4132df42e838e012b5b1ea4acaf9db43a71e4d7c1c193f42	d5418e062cec915a0af7fa69f8ea17cbedb2bacd566283b2be19216a87d6c4e1	crates/veln-stdlib/veln/http2/hpack_test.veln#test header_block_decoder_preserves_order_octets_and_dynamic_transitions(
stdout	case.toml:stdout:890	958f96f2692c4eef20e0ee5b51f5ef932b228db6bf4a755586190472b0042ee7	d5418e062cec915a0af7fa69f8ea17cbedb2bacd566283b2be19216a87d6c4e1	crates/veln-stdlib/veln/http2/hpack_test.veln#test header_block_decoder_preserves_order_octets_and_dynamic_transitions(
stdout	case.toml:stdout:891	f5d736e9de122523f149451ff3b0ac72a53992291e4aa23dadf997f093db3ece	4ef1563c18aa265af9dfd4e2b6d10c81ae725a4db2cc32383645aea7af340305	examples/specification/run/hpack-fixture-codec-boundary/main.veln#hpack.fixture.table_size_update_not_at_start
stdout	case.toml:stdout:892	556139536689c0c47924b3771788d0c3ffe1d09fae181dd2cc830faad305371a	d5418e062cec915a0af7fa69f8ea17cbedb2bacd566283b2be19216a87d6c4e1	crates/veln-stdlib/veln/http2/hpack_test.veln#test header_block_decoder_preserves_order_octets_and_dynamic_transitions(
stdout	case.toml:stdout:893	e1d7d260657cee9d5dce602fa48b0070a5b82fc0aeea91be391e8bde24b17359	d5418e062cec915a0af7fa69f8ea17cbedb2bacd566283b2be19216a87d6c4e1	crates/veln-stdlib/veln/http2/hpack_test.veln#test header_block_decoder_preserves_order_octets_and_dynamic_transitions(
stdout	case.toml:stdout:894	5542d082f87a1f70359c29f4598a8cdc664959e1f82425d834ffd259a99ed3ed	d5418e062cec915a0af7fa69f8ea17cbedb2bacd566283b2be19216a87d6c4e1	crates/veln-stdlib/veln/http2/hpack_test.veln#test header_block_decoder_preserves_order_octets_and_dynamic_transitions(
stdout	case.toml:stdout:895	82a142e60640c71300a0c94686cdfe5880855f50c315df98bbd21dd590cb76bc	d5418e062cec915a0af7fa69f8ea17cbedb2bacd566283b2be19216a87d6c4e1	crates/veln-stdlib/veln/http2/hpack_test.veln#test header_block_decoder_preserves_order_octets_and_dynamic_transitions(
stdout	case.toml:stdout:896	fe03c8ad808571d0bfb18531f9efe05d69a82480a4d2837b19398c274381781a	d5418e062cec915a0af7fa69f8ea17cbedb2bacd566283b2be19216a87d6c4e1	crates/veln-stdlib/veln/http2/hpack_test.veln#test header_block_decoder_preserves_order_octets_and_dynamic_transitions(
stdout	case.toml:stdout:897	1b64c9c23b38bce5c2b256b9cc7fcf91c8804e9e3cd8a22de486bb2ed1d340c2	d5418e062cec915a0af7fa69f8ea17cbedb2bacd566283b2be19216a87d6c4e1	crates/veln-stdlib/veln/http2/hpack_test.veln#test header_block_decoder_preserves_order_octets_and_dynamic_transitions(
stdout	case.toml:stdout:898	591f4d14bb26e76250b598b38820bbefa9258503d998f2b53c6d3590ce9b9157	d5418e062cec915a0af7fa69f8ea17cbedb2bacd566283b2be19216a87d6c4e1	crates/veln-stdlib/veln/http2/hpack_test.veln#test header_block_decoder_preserves_order_octets_and_dynamic_transitions(
stdout	case.toml:stdout:899	db897d79ddece2fcee64689dac4b596f5703f1368c6c0a8c74449f1f0cc55257	d5418e062cec915a0af7fa69f8ea17cbedb2bacd566283b2be19216a87d6c4e1	crates/veln-stdlib/veln/http2/hpack_test.veln#test header_block_decoder_preserves_order_octets_and_dynamic_transitions(
stdout	case.toml:stdout:900	80819ef7bd9ff9dae8da1c291059a5f2e9150ca4c45a4e07a6f8957124dad804	d5418e062cec915a0af7fa69f8ea17cbedb2bacd566283b2be19216a87d6c4e1	crates/veln-stdlib/veln/http2/hpack_test.veln#test header_block_decoder_preserves_order_octets_and_dynamic_transitions(
stdout	case.toml:stdout:901	8a74294320fba40dfba511dafae7fe5886fcc7e7492a3f70209739c246ebce53	d5418e062cec915a0af7fa69f8ea17cbedb2bacd566283b2be19216a87d6c4e1	crates/veln-stdlib/veln/http2/hpack_test.veln#test header_block_decoder_preserves_order_octets_and_dynamic_transitions(
stdout	case.toml:stdout:902	1b87108a1ee2f5ec8bed23bc153d6bb29428cb236302295e8be45f7eddb5faec	4ef1563c18aa265af9dfd4e2b6d10c81ae725a4db2cc32383645aea7af340305	examples/specification/run/hpack-fixture-codec-boundary/main.veln#hpack.fixture.table_size_update_not_at_start
stdout	case.toml:stdout:903	2a895269185987782f808607cdbdef0592488f566549be664e82f877d3e60416	d5418e062cec915a0af7fa69f8ea17cbedb2bacd566283b2be19216a87d6c4e1	crates/veln-stdlib/veln/http2/hpack_test.veln#test header_block_decoder_preserves_order_octets_and_dynamic_transitions(
stdout	case.toml:stdout:904	fb409570eed382a39abd0d391c123f6d7aa936c147ed5674657ee1220df14d1f	d5418e062cec915a0af7fa69f8ea17cbedb2bacd566283b2be19216a87d6c4e1	crates/veln-stdlib/veln/http2/hpack_test.veln#test header_block_decoder_preserves_order_octets_and_dynamic_transitions(
stdout	case.toml:stdout:905	03b3719a4e9799d6a25fec42fc280bdc7bf3d825e1fb496e1b0d7606d803b382	d5418e062cec915a0af7fa69f8ea17cbedb2bacd566283b2be19216a87d6c4e1	crates/veln-stdlib/veln/http2/hpack_test.veln#test header_block_decoder_preserves_order_octets_and_dynamic_transitions(
stdout	case.toml:stdout:906	da8bbef0999a5069f4a8efe1b8f08ada6de1c22353bcc8382f3099a03eae57f9	d5418e062cec915a0af7fa69f8ea17cbedb2bacd566283b2be19216a87d6c4e1	crates/veln-stdlib/veln/http2/hpack_test.veln#test header_block_decoder_preserves_order_octets_and_dynamic_transitions(
stdout	case.toml:stdout:907	bb165c8451272ef4b709c1d6f956220115b2b02164efccdc1a537071c00913f5	d5418e062cec915a0af7fa69f8ea17cbedb2bacd566283b2be19216a87d6c4e1	crates/veln-stdlib/veln/http2/hpack_test.veln#test header_block_decoder_preserves_order_octets_and_dynamic_transitions(
stdout	case.toml:stdout:908	3ae0e611c18d9cc1ade3999da316a8e324e2440cc11cb7b7ea908b97895ede6a	d5418e062cec915a0af7fa69f8ea17cbedb2bacd566283b2be19216a87d6c4e1	crates/veln-stdlib/veln/http2/hpack_test.veln#test header_block_decoder_preserves_order_octets_and_dynamic_transitions(
stdout	case.toml:stdout:909	0c71004c3da01d355849f5da30f777a85756813a555c14120d19c86186ba9d59	d5418e062cec915a0af7fa69f8ea17cbedb2bacd566283b2be19216a87d6c4e1	crates/veln-stdlib/veln/http2/hpack_test.veln#test header_block_decoder_preserves_order_octets_and_dynamic_transitions(
stdout	case.toml:stdout:910	740f88cd017a3dcd0892a1687336e80d121720edd5b522b90c174a60ccacdad1	d5418e062cec915a0af7fa69f8ea17cbedb2bacd566283b2be19216a87d6c4e1	crates/veln-stdlib/veln/http2/hpack_test.veln#test header_block_decoder_preserves_order_octets_and_dynamic_transitions(
stdout	case.toml:stdout:911	4775063aebe20761acc62f9962bf151b7ea4338b4f73d3a8439836155a1369be	d5418e062cec915a0af7fa69f8ea17cbedb2bacd566283b2be19216a87d6c4e1	crates/veln-stdlib/veln/http2/hpack_test.veln#test header_block_decoder_preserves_order_octets_and_dynamic_transitions(
stdout	case.toml:stdout:912	b34a3329b5aa7c6995aa9f8b5c976d8f12f1f716f037b8eed790db43e7484863	d5418e062cec915a0af7fa69f8ea17cbedb2bacd566283b2be19216a87d6c4e1	crates/veln-stdlib/veln/http2/hpack_test.veln#test header_block_decoder_preserves_order_octets_and_dynamic_transitions(
stdout	case.toml:stdout:913	adf739f751a63309526288c3b5d6e92af9354d46999458820761133f40ef3503	d5418e062cec915a0af7fa69f8ea17cbedb2bacd566283b2be19216a87d6c4e1	crates/veln-stdlib/veln/http2/hpack_test.veln#test header_block_decoder_preserves_order_octets_and_dynamic_transitions(
stdout	case.toml:stdout:914	be2b1bf79b2a9f0ff15f561d8840706a849ae83cf7ee5397231300984c3ddb01	d5418e062cec915a0af7fa69f8ea17cbedb2bacd566283b2be19216a87d6c4e1	crates/veln-stdlib/veln/http2/hpack_test.veln#test header_block_decoder_preserves_order_octets_and_dynamic_transitions(
stdout	case.toml:stdout:915	5e518fa5e399c17c8778076338a59ff0b5cc5e61eebdc60ff6d6ec3e69d546e5	d5418e062cec915a0af7fa69f8ea17cbedb2bacd566283b2be19216a87d6c4e1	crates/veln-stdlib/veln/http2/hpack_test.veln#test header_block_decoder_preserves_order_octets_and_dynamic_transitions(
stdout	case.toml:stdout:916	5fe8144384f248ab297f44e7c05b575ab444e10fd0af53a474ccce12997e723f	d5418e062cec915a0af7fa69f8ea17cbedb2bacd566283b2be19216a87d6c4e1	crates/veln-stdlib/veln/http2/hpack_test.veln#test header_block_decoder_preserves_order_octets_and_dynamic_transitions(
stdout	case.toml:stdout:917	cc923149f17e653f9fd12310483a7720d54877e84116ff8fcee03ddb5bb8ec1b	d5418e062cec915a0af7fa69f8ea17cbedb2bacd566283b2be19216a87d6c4e1	crates/veln-stdlib/veln/http2/hpack_test.veln#test header_block_decoder_preserves_order_octets_and_dynamic_transitions(
stdout	case.toml:stdout:918	9dc4e8565e87ff6169bc6bcb3c0c557097d775ae92b8acdf1d00b92164d367e3	d5418e062cec915a0af7fa69f8ea17cbedb2bacd566283b2be19216a87d6c4e1	crates/veln-stdlib/veln/http2/hpack_test.veln#test header_block_decoder_preserves_order_octets_and_dynamic_transitions(
stdout	case.toml:stdout:919	54c5369c98b60c9b03285f8c9108930b994ee92bfe708ee4ce89d4fac04025c2	d5418e062cec915a0af7fa69f8ea17cbedb2bacd566283b2be19216a87d6c4e1	crates/veln-stdlib/veln/http2/hpack_test.veln#test header_block_decoder_preserves_order_octets_and_dynamic_transitions(
stdout	case.toml:stdout:920	058cdfd5dbf38df2672b7aaedda2a9c108fb40bcb4b19e08906325b7307e3550	d5418e062cec915a0af7fa69f8ea17cbedb2bacd566283b2be19216a87d6c4e1	crates/veln-stdlib/veln/http2/hpack_test.veln#test header_block_decoder_preserves_order_octets_and_dynamic_transitions(
stdout	case.toml:stdout:921	14dae38e0bd417df08b2b88827c5ab2db43fd3ea02bd5bf27954191abe8f29fd	d5418e062cec915a0af7fa69f8ea17cbedb2bacd566283b2be19216a87d6c4e1	crates/veln-stdlib/veln/http2/hpack_test.veln#test header_block_decoder_preserves_order_octets_and_dynamic_transitions(
stdout	case.toml:stdout:922	a8c7ee0c9e306807fc83d7db29bb2070effeb30723be1c44f897a08df6fb5efb	d5418e062cec915a0af7fa69f8ea17cbedb2bacd566283b2be19216a87d6c4e1	crates/veln-stdlib/veln/http2/hpack_test.veln#test header_block_decoder_preserves_order_octets_and_dynamic_transitions(
stdout	case.toml:stdout:923	9cd99c534a9e0071f92bfea6dd55e3c68b9f36a04ba2fe7824e1c1f8f6bef725	d5418e062cec915a0af7fa69f8ea17cbedb2bacd566283b2be19216a87d6c4e1	crates/veln-stdlib/veln/http2/hpack_test.veln#test header_block_decoder_preserves_order_octets_and_dynamic_transitions(
stdout	case.toml:stdout:924	719ac4f1d6f5c73bbe387b2ecec915df3fcde451a5d64655be31a4d7d80f56cc	d5418e062cec915a0af7fa69f8ea17cbedb2bacd566283b2be19216a87d6c4e1	crates/veln-stdlib/veln/http2/hpack_test.veln#test header_block_decoder_preserves_order_octets_and_dynamic_transitions(
stdout	case.toml:stdout:925	5d91c6f59a6f71d30f5cfd4be70e51ab370334303b6e98af5647a9d5648b135d	d5418e062cec915a0af7fa69f8ea17cbedb2bacd566283b2be19216a87d6c4e1	crates/veln-stdlib/veln/http2/hpack_test.veln#test header_block_decoder_preserves_order_octets_and_dynamic_transitions(
stdout	case.toml:stdout:926	aabca18e3f68cf43f223cfd24b2519ca5359365b8a02f218b05f30ae71e98374	d5418e062cec915a0af7fa69f8ea17cbedb2bacd566283b2be19216a87d6c4e1	crates/veln-stdlib/veln/http2/hpack_test.veln#test header_block_decoder_preserves_order_octets_and_dynamic_transitions(
stdout	case.toml:stdout:927	0a7f8ea6d944c63cff8d50a324b42092465b13e14c0a1721fbdcbe744fa83602	d5418e062cec915a0af7fa69f8ea17cbedb2bacd566283b2be19216a87d6c4e1	crates/veln-stdlib/veln/http2/hpack_test.veln#test header_block_decoder_preserves_order_octets_and_dynamic_transitions(
stdout	case.toml:stdout:928	df19e2613fed0c0b59a66bb282493144293007a05c17c754dc5caea96daa5da1	d5418e062cec915a0af7fa69f8ea17cbedb2bacd566283b2be19216a87d6c4e1	crates/veln-stdlib/veln/http2/hpack_test.veln#test header_block_decoder_preserves_order_octets_and_dynamic_transitions(
stdout	case.toml:stdout:929	87bdfe5c1dcfd0ab9de93ce2b04a96de182e072b45a7efb93629ceac03be82f7	d5418e062cec915a0af7fa69f8ea17cbedb2bacd566283b2be19216a87d6c4e1	crates/veln-stdlib/veln/http2/hpack_test.veln#test header_block_decoder_preserves_order_octets_and_dynamic_transitions(
stdout	case.toml:stdout:930	6d0a61ef1abd67632f64deaf8011b70d455a20ad89350a074552b9233f6306a0	d5418e062cec915a0af7fa69f8ea17cbedb2bacd566283b2be19216a87d6c4e1	crates/veln-stdlib/veln/http2/hpack_test.veln#test header_block_decoder_preserves_order_octets_and_dynamic_transitions(
stdout	case.toml:stdout:931	c32cbba36cc4b97bde80e96d1b6ddf3f54dfaa90518c5d9dd0b4b594369b41d2	d5418e062cec915a0af7fa69f8ea17cbedb2bacd566283b2be19216a87d6c4e1	crates/veln-stdlib/veln/http2/hpack_test.veln#test header_block_decoder_preserves_order_octets_and_dynamic_transitions(
stdout	case.toml:stdout:932	595c5d32ddaa83e50f30815d9455b0906fc930bec9d4cc76beb6c689c1a710a7	d5418e062cec915a0af7fa69f8ea17cbedb2bacd566283b2be19216a87d6c4e1	crates/veln-stdlib/veln/http2/hpack_test.veln#test header_block_decoder_preserves_order_octets_and_dynamic_transitions(
stdout	case.toml:stdout:933	8d0ee32a12cd26e482b1e2e977f1f8ceccd4da30b2358271082bc9e5c07f1267	d5418e062cec915a0af7fa69f8ea17cbedb2bacd566283b2be19216a87d6c4e1	crates/veln-stdlib/veln/http2/hpack_test.veln#test header_block_decoder_preserves_order_octets_and_dynamic_transitions(
stdout	case.toml:stdout:934	8a4e03fd6b21a90a12b0fe1f559deef6d5e13dd83fab7c941d559d4e4bffff05	d5418e062cec915a0af7fa69f8ea17cbedb2bacd566283b2be19216a87d6c4e1	crates/veln-stdlib/veln/http2/hpack_test.veln#test header_block_decoder_preserves_order_octets_and_dynamic_transitions(
stdout	case.toml:stdout:935	1b38ba602f1ee70baa09444a6959bd7d241e7a0f80dba626aafabca285d8930b	d5418e062cec915a0af7fa69f8ea17cbedb2bacd566283b2be19216a87d6c4e1	crates/veln-stdlib/veln/http2/hpack_test.veln#test header_block_decoder_preserves_order_octets_and_dynamic_transitions(
stdout	case.toml:stdout:936	4e5b6989a4160a34e9a209d33707249d6729608e1ba06c55d457b4c41f364225	d5418e062cec915a0af7fa69f8ea17cbedb2bacd566283b2be19216a87d6c4e1	crates/veln-stdlib/veln/http2/hpack_test.veln#test header_block_decoder_preserves_order_octets_and_dynamic_transitions(
stdout	case.toml:stdout:937	53f4201b7fc4423f9a1df6f314e16471b8c5befceaf0efaf61264574ff8e1d75	d5418e062cec915a0af7fa69f8ea17cbedb2bacd566283b2be19216a87d6c4e1	crates/veln-stdlib/veln/http2/hpack_test.veln#test header_block_decoder_preserves_order_octets_and_dynamic_transitions(
stdout	case.toml:stdout:938	7c6126d4482a55595f604e0b5467549ba834f24c4a730f0592cd748f7ad6d676	d5418e062cec915a0af7fa69f8ea17cbedb2bacd566283b2be19216a87d6c4e1	crates/veln-stdlib/veln/http2/hpack_test.veln#test header_block_decoder_preserves_order_octets_and_dynamic_transitions(
stdout	case.toml:stdout:939	f15f3b58ead76af7c85f201e5dbd78eda3802429cc467ad067da03de558b18a6	d5418e062cec915a0af7fa69f8ea17cbedb2bacd566283b2be19216a87d6c4e1	crates/veln-stdlib/veln/http2/hpack_test.veln#test header_block_decoder_preserves_order_octets_and_dynamic_transitions(
stdout	case.toml:stdout:940	5dc3632d3f77eb66ae4ecac9574746c98f9211561f90f2c7250ac2bd4214afc2	d5418e062cec915a0af7fa69f8ea17cbedb2bacd566283b2be19216a87d6c4e1	crates/veln-stdlib/veln/http2/hpack_test.veln#test header_block_decoder_preserves_order_octets_and_dynamic_transitions(
stdout	case.toml:stdout:941	9c82d6cfac7361bed06d9522fdd4d929cbdf327a4d3bc59294835af70b634b9b	d5418e062cec915a0af7fa69f8ea17cbedb2bacd566283b2be19216a87d6c4e1	crates/veln-stdlib/veln/http2/hpack_test.veln#test header_block_decoder_preserves_order_octets_and_dynamic_transitions(
stdout	case.toml:stdout:942	e7933d404cc35218195113a06f1ae17d242ac313fa2149f65a730a700cbf27ce	d5418e062cec915a0af7fa69f8ea17cbedb2bacd566283b2be19216a87d6c4e1	crates/veln-stdlib/veln/http2/hpack_test.veln#test header_block_decoder_preserves_order_octets_and_dynamic_transitions(
stdout	case.toml:stdout:943	8d8e022ed2bf8dd5dd3f0ec5289dadc19b20ed478b48d5b2a182de3a658b36e4	d5418e062cec915a0af7fa69f8ea17cbedb2bacd566283b2be19216a87d6c4e1	crates/veln-stdlib/veln/http2/hpack_test.veln#test header_block_decoder_preserves_order_octets_and_dynamic_transitions(
stdout	case.toml:stdout:944	394547a80f3f13da2bac7727c82955cd347b2bd29d7bb972c752d6e8101a3131	d5418e062cec915a0af7fa69f8ea17cbedb2bacd566283b2be19216a87d6c4e1	crates/veln-stdlib/veln/http2/hpack_test.veln#test header_block_decoder_preserves_order_octets_and_dynamic_transitions(
stdout	case.toml:stdout:945	640c82ce089d7c10d4d12d3ad40dad1b142768917e18d32ef7f8a4730c0e6d71	d5418e062cec915a0af7fa69f8ea17cbedb2bacd566283b2be19216a87d6c4e1	crates/veln-stdlib/veln/http2/hpack_test.veln#test header_block_decoder_preserves_order_octets_and_dynamic_transitions(
stdout	case.toml:stdout:946	99e49afa2051198e5c22f65be081abeeaf669800d29c707194fc4025a136956c	d5418e062cec915a0af7fa69f8ea17cbedb2bacd566283b2be19216a87d6c4e1	crates/veln-stdlib/veln/http2/hpack_test.veln#test header_block_decoder_preserves_order_octets_and_dynamic_transitions(
stdout	case.toml:stdout:947	868c8b7ad55a883ba49ef13c66c4be794586be69933f75e87ef0708904e0cf67	d5418e062cec915a0af7fa69f8ea17cbedb2bacd566283b2be19216a87d6c4e1	crates/veln-stdlib/veln/http2/hpack_test.veln#test header_block_decoder_preserves_order_octets_and_dynamic_transitions(
stdout	case.toml:stdout:948	38a7974d42b2076a4080545d0ea59036deb5ced2190600506a1e74c39e8ed6db	d5418e062cec915a0af7fa69f8ea17cbedb2bacd566283b2be19216a87d6c4e1	crates/veln-stdlib/veln/http2/hpack_test.veln#test header_block_decoder_preserves_order_octets_and_dynamic_transitions(
stdout	case.toml:stdout:949	f4a614035adb78ea7d9143711efae8cdb72bbd9a60a938e47f5fa30f52a16b33	d5418e062cec915a0af7fa69f8ea17cbedb2bacd566283b2be19216a87d6c4e1	crates/veln-stdlib/veln/http2/hpack_test.veln#test header_block_decoder_preserves_order_octets_and_dynamic_transitions(
stdout	case.toml:stdout:950	bddc04be7aa25079aa9761b88fe1686ca0ac34d539633d35175d356966d95c84	d5418e062cec915a0af7fa69f8ea17cbedb2bacd566283b2be19216a87d6c4e1	crates/veln-stdlib/veln/http2/hpack_test.veln#test header_block_decoder_preserves_order_octets_and_dynamic_transitions(
stdout	case.toml:stdout:951	5aa80ddfb7f6a876a25149dee653a21ae9af0cd6d5d5f027ecc8e54773df7620	d5418e062cec915a0af7fa69f8ea17cbedb2bacd566283b2be19216a87d6c4e1	crates/veln-stdlib/veln/http2/hpack_test.veln#test header_block_decoder_preserves_order_octets_and_dynamic_transitions(
stdout	case.toml:stdout:952	3997a403dd63c5057d2393fce43b7eb57ac4e185a298379ca67df0e8777c75bd	d5418e062cec915a0af7fa69f8ea17cbedb2bacd566283b2be19216a87d6c4e1	crates/veln-stdlib/veln/http2/hpack_test.veln#test header_block_decoder_preserves_order_octets_and_dynamic_transitions(
stdout	case.toml:stdout:953	3afe2f7137007575ca3268c86e91dcf94fafeddd530acf20bb259b95492cd92b	d5418e062cec915a0af7fa69f8ea17cbedb2bacd566283b2be19216a87d6c4e1	crates/veln-stdlib/veln/http2/hpack_test.veln#test header_block_decoder_preserves_order_octets_and_dynamic_transitions(
stdout	case.toml:stdout:954	c54bfae24cf1bdfae234cb7161659257cb514084071be46eb5f62e2c8990849c	d5418e062cec915a0af7fa69f8ea17cbedb2bacd566283b2be19216a87d6c4e1	crates/veln-stdlib/veln/http2/hpack_test.veln#test header_block_decoder_preserves_order_octets_and_dynamic_transitions(
stdout	case.toml:stdout:955	fcd7930e0a8dcd4c16f74d1cd83e4b565262910d4fff7e91e6a6bdbfb98f07be	d5418e062cec915a0af7fa69f8ea17cbedb2bacd566283b2be19216a87d6c4e1	crates/veln-stdlib/veln/http2/hpack_test.veln#test header_block_decoder_preserves_order_octets_and_dynamic_transitions(
stdout	case.toml:stdout:956	715ab92bc2d1aa28497e0cbdf845ef0f1dddaad625345c986eb1f2bdfd7821d8	d5418e062cec915a0af7fa69f8ea17cbedb2bacd566283b2be19216a87d6c4e1	crates/veln-stdlib/veln/http2/hpack_test.veln#test header_block_decoder_preserves_order_octets_and_dynamic_transitions(
stdout	case.toml:stdout:957	232ea15c20dfb9fc32d5aa3408fc6e0d596e08b1aba1691a92b9a79b84b5fbb2	d5418e062cec915a0af7fa69f8ea17cbedb2bacd566283b2be19216a87d6c4e1	crates/veln-stdlib/veln/http2/hpack_test.veln#test header_block_decoder_preserves_order_octets_and_dynamic_transitions(
stdout	case.toml:stdout:958	ed3a9dcb24a2cc3a398d6f6895b4d8076f084a8a9002344353e1d5561eead49c	d5418e062cec915a0af7fa69f8ea17cbedb2bacd566283b2be19216a87d6c4e1	crates/veln-stdlib/veln/http2/hpack_test.veln#test header_block_decoder_preserves_order_octets_and_dynamic_transitions(
stdout	case.toml:stdout:959	41fd582c052643e630de3d8fd15b10e69f9f1f1af2cc3480176bfd444321e951	d5418e062cec915a0af7fa69f8ea17cbedb2bacd566283b2be19216a87d6c4e1	crates/veln-stdlib/veln/http2/hpack_test.veln#test header_block_decoder_preserves_order_octets_and_dynamic_transitions(
stdout	case.toml:stdout:960	4bbe698f0c50c647718d3bf84877e9f29d4e6257fa21930bed13bd0031bfe396	d5418e062cec915a0af7fa69f8ea17cbedb2bacd566283b2be19216a87d6c4e1	crates/veln-stdlib/veln/http2/hpack_test.veln#test header_block_decoder_preserves_order_octets_and_dynamic_transitions(
stdout	case.toml:stdout:961	7fe951b4eeea8bab4408293e1a117eb3b897c70e43278b7da57689766c88a4be	d5418e062cec915a0af7fa69f8ea17cbedb2bacd566283b2be19216a87d6c4e1	crates/veln-stdlib/veln/http2/hpack_test.veln#test header_block_decoder_preserves_order_octets_and_dynamic_transitions(
stdout	case.toml:stdout:962	62fb990e82218dcb29fbe6ccd0e666427fb6ccb168295412e76ab862a2d2dd0b	d5418e062cec915a0af7fa69f8ea17cbedb2bacd566283b2be19216a87d6c4e1	crates/veln-stdlib/veln/http2/hpack_test.veln#test header_block_decoder_preserves_order_octets_and_dynamic_transitions(
stdout	case.toml:stdout:963	b406d1b21e01360839d0951e37e5c034f07f4d9e2a2a79eb5393d407a9c5768c	d5418e062cec915a0af7fa69f8ea17cbedb2bacd566283b2be19216a87d6c4e1	crates/veln-stdlib/veln/http2/hpack_test.veln#test header_block_decoder_preserves_order_octets_and_dynamic_transitions(
stdout	case.toml:stdout:964	c34b894fbb69813809edc582e16234b655e9363ea87fb233d37bde91c538cd4e	d5418e062cec915a0af7fa69f8ea17cbedb2bacd566283b2be19216a87d6c4e1	crates/veln-stdlib/veln/http2/hpack_test.veln#test header_block_decoder_preserves_order_octets_and_dynamic_transitions(
stdout	case.toml:stdout:965	bf10c0e417235bcb1be4efc2395f022b687e0e40ca228f94ebb112c5a7c77234	82e7a50c2d656c33db758dea150645835fcdd091f646d3946fdddf00bebc6582	examples/specification/run/http2-protocol-core-header-table-human/case.toml#http2.peer_limit.header_table_size_exceeded
stdout	case.toml:stdout:966	76f9aa0f9d96f0425cd207c8494e0cd4bc2ddd1f0559698c0b3e30d2a17e98f2	d5418e062cec915a0af7fa69f8ea17cbedb2bacd566283b2be19216a87d6c4e1	crates/veln-stdlib/veln/http2/hpack_test.veln#test header_block_decoder_preserves_order_octets_and_dynamic_transitions(
stdout	case.toml:stdout:967	b51cf83e0e6e9dd5cb14369187694d26a4459b2dce03197dcb418c5017650068	82e7a50c2d656c33db758dea150645835fcdd091f646d3946fdddf00bebc6582	examples/specification/run/http2-protocol-core-header-table-human/case.toml#http2.peer_limit.header_table_size_exceeded
stdout	case.toml:stdout:968	3e26a609d89858fe3ca95c05fe70c0ea99a62346941594ecaa458c70e78aaa06	82bc4feae8b46209347ff48afea732b640671e79aef81bd7c1ac54947e1283f7	examples/specification/run/hpack-fixture-codec-boundary/case.toml#hpack.fixture.table_size_update_malformed
stdout	case.toml:stdout:969	4ca61e8e9ed1fe562867978b293fac23d43fcc0ea7fa8537490ae2d95988d62a	d5418e062cec915a0af7fa69f8ea17cbedb2bacd566283b2be19216a87d6c4e1	crates/veln-stdlib/veln/http2/hpack_test.veln#test header_block_decoder_preserves_order_octets_and_dynamic_transitions(
stdout	case.toml:stdout:970	bb58c4c9478752afa2da6be28b2d7d77746daf4c5fcd9698b51e8ced1730876e	82bc4feae8b46209347ff48afea732b640671e79aef81bd7c1ac54947e1283f7	examples/specification/run/hpack-fixture-codec-boundary/case.toml#hpack.fixture.table_size_update_malformed
stdout	case.toml:stdout:971	a556899223fafe9970e798f1c9ee7f7167e76eea4f0de40472323f7a8c76c884	82bc4feae8b46209347ff48afea732b640671e79aef81bd7c1ac54947e1283f7	examples/specification/run/hpack-fixture-codec-boundary/case.toml#hpack.fixture.table_size_update_trailing_bytes
stdout	case.toml:stdout:972	b58f059b4e763dc9304f1f34b7e3a298ca1c645fb6656dffb65229a92eb90ccc	d5418e062cec915a0af7fa69f8ea17cbedb2bacd566283b2be19216a87d6c4e1	crates/veln-stdlib/veln/http2/hpack_test.veln#test header_block_decoder_preserves_order_octets_and_dynamic_transitions(
stdout	case.toml:stdout:973	37e5d7fb5734a319d7ced3d4c3c1019327a8984504358a4c248417e7ed9cb718	82bc4feae8b46209347ff48afea732b640671e79aef81bd7c1ac54947e1283f7	examples/specification/run/hpack-fixture-codec-boundary/case.toml#hpack.fixture.table_size_update_trailing_bytes
stdout	case.toml:stdout:974	9bbfb13a6d709d5fc0f9a2f6b70a2fdee1c0199f4e16ecd95a40dac6a861465a	82e7a50c2d656c33db758dea150645835fcdd091f646d3946fdddf00bebc6582	examples/specification/run/http2-protocol-core-header-table-human/case.toml#http2.peer_limit.header_table_size_exceeded
stdout	case.toml:stdout:975	bebab167196f6943b19bf5e1af7e57247bb0998975ef4dd4ee50f0625507e71a	d5418e062cec915a0af7fa69f8ea17cbedb2bacd566283b2be19216a87d6c4e1	crates/veln-stdlib/veln/http2/hpack_test.veln#test header_block_decoder_preserves_order_octets_and_dynamic_transitions(
stdout	case.toml:stdout:976	49938c405a51b06a573dbd0d5e2aebb027c0f71f0d8e46953114e96bafb1c5bb	82e7a50c2d656c33db758dea150645835fcdd091f646d3946fdddf00bebc6582	examples/specification/run/http2-protocol-core-header-table-human/case.toml#http2.peer_limit.header_table_size_exceeded
stdout	case.toml:stdout:977	75489d4e650c0636969065c3f8b12c857be38b978e6c8ad10ab3c7e3071a827b	d5418e062cec915a0af7fa69f8ea17cbedb2bacd566283b2be19216a87d6c4e1	crates/veln-stdlib/veln/http2/hpack_test.veln#test header_block_decoder_preserves_order_octets_and_dynamic_transitions(
stdout	case.toml:stdout:978	e4c24996755de773165051ae36ff8243142819f53710b72440b6a4a2b61af28b	d5418e062cec915a0af7fa69f8ea17cbedb2bacd566283b2be19216a87d6c4e1	crates/veln-stdlib/veln/http2/hpack_test.veln#test header_block_decoder_preserves_order_octets_and_dynamic_transitions(
stdout	case.toml:stdout:979	5b09b44c777b647ef528a00ca016d12ea197b923951058e99948f5281739ad92	d5418e062cec915a0af7fa69f8ea17cbedb2bacd566283b2be19216a87d6c4e1	crates/veln-stdlib/veln/http2/hpack_test.veln#test header_block_decoder_preserves_order_octets_and_dynamic_transitions(
stdout	case.toml:stdout:980	a27ec74b666792b11bf3e90f9c8b6e4fde96c38a4df47230981e497abf2ba74f	d5418e062cec915a0af7fa69f8ea17cbedb2bacd566283b2be19216a87d6c4e1	crates/veln-stdlib/veln/http2/hpack_test.veln#test header_block_decoder_preserves_order_octets_and_dynamic_transitions(
stdout	case.toml:stdout:981	34602fdaef2b9a94c49a4fbb887d556c0fc3db8b84ac5c4cebe449881bc5334e	d5418e062cec915a0af7fa69f8ea17cbedb2bacd566283b2be19216a87d6c4e1	crates/veln-stdlib/veln/http2/hpack_test.veln#test header_block_decoder_preserves_order_octets_and_dynamic_transitions(
stdout	case.toml:stdout:982	b91e930d21ae8143415a65a3f749618c6a8b46f1767dac01ba13b0bfbb63ceac	d5418e062cec915a0af7fa69f8ea17cbedb2bacd566283b2be19216a87d6c4e1	crates/veln-stdlib/veln/http2/hpack_test.veln#test header_block_decoder_preserves_order_octets_and_dynamic_transitions(
stdout	case.toml:stdout:983	5b0b62d87da0314a6972568cda45d1ef0fb5dc6f59345647f7fa915084df05a1	d5418e062cec915a0af7fa69f8ea17cbedb2bacd566283b2be19216a87d6c4e1	crates/veln-stdlib/veln/http2/hpack_test.veln#test header_block_decoder_preserves_order_octets_and_dynamic_transitions(
stdout	case.toml:stdout:984	d7cf51c23b87f484ef4c10478e7418aab488f4e63e4a0922fc387fdb848b8496	d5418e062cec915a0af7fa69f8ea17cbedb2bacd566283b2be19216a87d6c4e1	crates/veln-stdlib/veln/http2/hpack_test.veln#test header_block_decoder_preserves_order_octets_and_dynamic_transitions(
stdout	case.toml:stdout:985	6c8cfb66c5ee8af40f172578c32bb556eb41fbfa11617be36ff74261c7f01a9c	d5418e062cec915a0af7fa69f8ea17cbedb2bacd566283b2be19216a87d6c4e1	crates/veln-stdlib/veln/http2/hpack_test.veln#test header_block_decoder_preserves_order_octets_and_dynamic_transitions(
stdout	case.toml:stdout:986	88aff0425acb0265e508bae2c1602f8ca5f695f0caa465112bfc6436cbb6dbcd	d5418e062cec915a0af7fa69f8ea17cbedb2bacd566283b2be19216a87d6c4e1	crates/veln-stdlib/veln/http2/hpack_test.veln#test header_block_decoder_preserves_order_octets_and_dynamic_transitions(
stdout	case.toml:stdout:987	abe0e822e9de1442b9761a3f36beb43b6d87790dd6ed2f3276ac92aeb1442650	d5418e062cec915a0af7fa69f8ea17cbedb2bacd566283b2be19216a87d6c4e1	crates/veln-stdlib/veln/http2/hpack_test.veln#test header_block_decoder_preserves_order_octets_and_dynamic_transitions(
stdout	case.toml:stdout:988	5a225cacf7022ff6e7c7895d6b64d11ff8aa6199909fba8866dd7ad7854a9f32	d5418e062cec915a0af7fa69f8ea17cbedb2bacd566283b2be19216a87d6c4e1	crates/veln-stdlib/veln/http2/hpack_test.veln#test header_block_decoder_preserves_order_octets_and_dynamic_transitions(
stdout	case.toml:stdout:989	8062009ee08bcf8311c6fe2244622989054abb0edffe1d5d708f62cef5852004	d5418e062cec915a0af7fa69f8ea17cbedb2bacd566283b2be19216a87d6c4e1	crates/veln-stdlib/veln/http2/hpack_test.veln#test header_block_decoder_preserves_order_octets_and_dynamic_transitions(
stdout	case.toml:stdout:990	370f795e3ea94221d8c73e80daf06e762a150606a4e8269e5571ec3f943bbff6	d5418e062cec915a0af7fa69f8ea17cbedb2bacd566283b2be19216a87d6c4e1	crates/veln-stdlib/veln/http2/hpack_test.veln#test header_block_decoder_preserves_order_octets_and_dynamic_transitions(
stdout	case.toml:stdout:991	ab0a5b7b2a6cc94c8376cdc28c3c10e1324b8f8f3e233191833d70320d461e9d	d5418e062cec915a0af7fa69f8ea17cbedb2bacd566283b2be19216a87d6c4e1	crates/veln-stdlib/veln/http2/hpack_test.veln#test header_block_decoder_preserves_order_octets_and_dynamic_transitions(
stdout	case.toml:stdout:992	d12dd4d8ae6d8c0549e7c4aa07dfbe10b4814ac7056500f6bb7acbdcd100684e	d5418e062cec915a0af7fa69f8ea17cbedb2bacd566283b2be19216a87d6c4e1	crates/veln-stdlib/veln/http2/hpack_test.veln#test header_block_decoder_preserves_order_octets_and_dynamic_transitions(
stdout	case.toml:stdout:993	f2fe74b25a681651232aeba1cf8a27b3451dcc11b2156937fc3c90239f0a25fe	d5418e062cec915a0af7fa69f8ea17cbedb2bacd566283b2be19216a87d6c4e1	crates/veln-stdlib/veln/http2/hpack_test.veln#test header_block_decoder_preserves_order_octets_and_dynamic_transitions(
stdout	case.toml:stdout:994	ace3c23fb05d49e68e194ad16fd9602eec9de7c4ae8afe35eae536e5b1bc1e0f	d5418e062cec915a0af7fa69f8ea17cbedb2bacd566283b2be19216a87d6c4e1	crates/veln-stdlib/veln/http2/hpack_test.veln#test header_block_decoder_preserves_order_octets_and_dynamic_transitions(
stdout	case.toml:stdout:995	0e8453e419c2442b071018a46d19b32ee4178b4672d9f206bbc8183dadd51be8	d5418e062cec915a0af7fa69f8ea17cbedb2bacd566283b2be19216a87d6c4e1	crates/veln-stdlib/veln/http2/hpack_test.veln#test header_block_decoder_preserves_order_octets_and_dynamic_transitions(
stdout	case.toml:stdout:996	2dd64081ab5c43f4e25ab5e2c7d3a5cc402b8d70f091e8c10fc36bf91111008e	d5418e062cec915a0af7fa69f8ea17cbedb2bacd566283b2be19216a87d6c4e1	crates/veln-stdlib/veln/http2/hpack_test.veln#test header_block_decoder_preserves_order_octets_and_dynamic_transitions(
stdout	case.toml:stdout:997	a10f388a1b9eb0c2f160820684652ef4381ef978f677c82ac229ca17d9261a53	d5418e062cec915a0af7fa69f8ea17cbedb2bacd566283b2be19216a87d6c4e1	crates/veln-stdlib/veln/http2/hpack_test.veln#test header_block_decoder_preserves_order_octets_and_dynamic_transitions(
stdout	case.toml:stdout:998	77e4fa1950f075e3f1a2e9f2ee0f1b6c5418570cba55bd5c1bf9c5bbf04a0d54	d5418e062cec915a0af7fa69f8ea17cbedb2bacd566283b2be19216a87d6c4e1	crates/veln-stdlib/veln/http2/hpack_test.veln#test header_block_decoder_preserves_order_octets_and_dynamic_transitions(
stdout	case.toml:stdout:999	3354285c1c9ca62ff225e84daabc7ff5020915c87941acd9193a83e9075e2886	d5418e062cec915a0af7fa69f8ea17cbedb2bacd566283b2be19216a87d6c4e1	crates/veln-stdlib/veln/http2/hpack_test.veln#test header_block_decoder_preserves_order_octets_and_dynamic_transitions(
stdout	case.toml:stdout:1000	4e7f50d85a0f5991f6d765e598b9cf6c8eaeff3fa4f997161b15cb0e5602f00d	d5418e062cec915a0af7fa69f8ea17cbedb2bacd566283b2be19216a87d6c4e1	crates/veln-stdlib/veln/http2/hpack_test.veln#test header_block_decoder_preserves_order_octets_and_dynamic_transitions(
stdout	case.toml:stdout:1001	87ebaf45f9c061db1992da82ff8f306726193040c8f2e613045918bcaa7542f2	d5418e062cec915a0af7fa69f8ea17cbedb2bacd566283b2be19216a87d6c4e1	crates/veln-stdlib/veln/http2/hpack_test.veln#test header_block_decoder_preserves_order_octets_and_dynamic_transitions(
stdout	case.toml:stdout:1002	3ed6860be3884043c05d0567b83a2b769078e2c7d74eceb53ea8a261c566388d	d5418e062cec915a0af7fa69f8ea17cbedb2bacd566283b2be19216a87d6c4e1	crates/veln-stdlib/veln/http2/hpack_test.veln#test header_block_decoder_preserves_order_octets_and_dynamic_transitions(
stdout	case.toml:stdout:1003	41345550ddb04037c7ef9b22e0404bef713bff4d13baa38d7422d7114db89156	d5418e062cec915a0af7fa69f8ea17cbedb2bacd566283b2be19216a87d6c4e1	crates/veln-stdlib/veln/http2/hpack_test.veln#test header_block_decoder_preserves_order_octets_and_dynamic_transitions(
stdout	case.toml:stdout:1004	2f1cdbf1f273da79dcea22999878f90097dea3dd813656c56f14a79ae2b8d5f4	d5418e062cec915a0af7fa69f8ea17cbedb2bacd566283b2be19216a87d6c4e1	crates/veln-stdlib/veln/http2/hpack_test.veln#test header_block_decoder_preserves_order_octets_and_dynamic_transitions(
stdout	case.toml:stdout:1005	db427446e37ff7ea22029fcc85a9f3d00a9dce385bb5c4e09b74574448207617	d5418e062cec915a0af7fa69f8ea17cbedb2bacd566283b2be19216a87d6c4e1	crates/veln-stdlib/veln/http2/hpack_test.veln#test header_block_decoder_preserves_order_octets_and_dynamic_transitions(
stdout	case.toml:stdout:1006	12d7caac8db62fec756c0b0dd16ac81d81d6240175e81cc662c7b3da2a230af8	d5418e062cec915a0af7fa69f8ea17cbedb2bacd566283b2be19216a87d6c4e1	crates/veln-stdlib/veln/http2/hpack_test.veln#test header_block_decoder_preserves_order_octets_and_dynamic_transitions(
stdout	case.toml:stdout:1007	32990cee42555e196939c14e00d1843d6e12a7e266b919c9f1876f3946ecc033	d5418e062cec915a0af7fa69f8ea17cbedb2bacd566283b2be19216a87d6c4e1	crates/veln-stdlib/veln/http2/hpack_test.veln#test header_block_decoder_preserves_order_octets_and_dynamic_transitions(
stdout	case.toml:stdout:1008	9b3a30497b27a5d94e5dca4fa5312fcab2fd51badf1001e70ee70517813a03aa	d5418e062cec915a0af7fa69f8ea17cbedb2bacd566283b2be19216a87d6c4e1	crates/veln-stdlib/veln/http2/hpack_test.veln#test header_block_decoder_preserves_order_octets_and_dynamic_transitions(
stdout	case.toml:stdout:1009	5270752539ebb07d2bb35955360d0adff9f0f9119b63b1e2e9e47e8449fe55fb	d5418e062cec915a0af7fa69f8ea17cbedb2bacd566283b2be19216a87d6c4e1	crates/veln-stdlib/veln/http2/hpack_test.veln#test header_block_decoder_preserves_order_octets_and_dynamic_transitions(
stdout	case.toml:stdout:1010	0fe8f40e59998b2c51d847f4a53311f56bfb00b58110fde880d77e919cfef5e4	d5418e062cec915a0af7fa69f8ea17cbedb2bacd566283b2be19216a87d6c4e1	crates/veln-stdlib/veln/http2/hpack_test.veln#test header_block_decoder_preserves_order_octets_and_dynamic_transitions(
stdout	case.toml:stdout:1011	146928c690f1157ebea80a8c25866a591dd3f43fa5843cd56eb2c2043ba6d635	d5418e062cec915a0af7fa69f8ea17cbedb2bacd566283b2be19216a87d6c4e1	crates/veln-stdlib/veln/http2/hpack_test.veln#test header_block_decoder_preserves_order_octets_and_dynamic_transitions(
stdout	case.toml:stdout:1012	94efa4658c88c6482220610f9071d8eb4b6435e5ffbc1c520fc521305ee71e5a	d5418e062cec915a0af7fa69f8ea17cbedb2bacd566283b2be19216a87d6c4e1	crates/veln-stdlib/veln/http2/hpack_test.veln#test header_block_decoder_preserves_order_octets_and_dynamic_transitions(
stdout	case.toml:stdout:1013	ddfc1362b471d5a38f9304d4ed6d2f5c6ff4c03f94eaa68c1e0c4c37c2df5347	d5418e062cec915a0af7fa69f8ea17cbedb2bacd566283b2be19216a87d6c4e1	crates/veln-stdlib/veln/http2/hpack_test.veln#test header_block_decoder_preserves_order_octets_and_dynamic_transitions(
stdout	case.toml:stdout:1014	cc9505ee4fe9d8676df59b34d09f77599b5a8c3b0e8775c525497d10f433e189	d5418e062cec915a0af7fa69f8ea17cbedb2bacd566283b2be19216a87d6c4e1	crates/veln-stdlib/veln/http2/hpack_test.veln#test header_block_decoder_preserves_order_octets_and_dynamic_transitions(
stdout	case.toml:stdout:1015	e0cf490640ef4217dfa3c447f00ac26e0ef68fbdc992b67c23c3ff096aeef14a	d5418e062cec915a0af7fa69f8ea17cbedb2bacd566283b2be19216a87d6c4e1	crates/veln-stdlib/veln/http2/hpack_test.veln#test header_block_decoder_preserves_order_octets_and_dynamic_transitions(
stdout	case.toml:stdout:1016	0210eac66f5333a6ae287ec2dfee1f7090c3c9f9f42ebf69a099ce02e13028cf	d5418e062cec915a0af7fa69f8ea17cbedb2bacd566283b2be19216a87d6c4e1	crates/veln-stdlib/veln/http2/hpack_test.veln#test header_block_decoder_preserves_order_octets_and_dynamic_transitions(
stdout	case.toml:stdout:1017	e5b449931156f9d76c5a3b25e8233658168c9f784e3b279b06b068fb051d7e69	d5418e062cec915a0af7fa69f8ea17cbedb2bacd566283b2be19216a87d6c4e1	crates/veln-stdlib/veln/http2/hpack_test.veln#test header_block_decoder_preserves_order_octets_and_dynamic_transitions(
stdout	case.toml:stdout:1018	17198afa4641d3cb01c937aa11c80969a2af0d950f3ebfb76426e38a5f688e53	d5418e062cec915a0af7fa69f8ea17cbedb2bacd566283b2be19216a87d6c4e1	crates/veln-stdlib/veln/http2/hpack_test.veln#test header_block_decoder_preserves_order_octets_and_dynamic_transitions(
stdout	case.toml:stdout:1019	56ac73db264bbdf09168d2f49562c32050edf7d2d8057efaa1115534bb2f7500	d5418e062cec915a0af7fa69f8ea17cbedb2bacd566283b2be19216a87d6c4e1	crates/veln-stdlib/veln/http2/hpack_test.veln#test header_block_decoder_preserves_order_octets_and_dynamic_transitions(
stdout	case.toml:stdout:1020	639e9bd3ffd1eadce650a5a53351ea4a3f74e38aa88cf6cc7d89b55a99793e06	d5418e062cec915a0af7fa69f8ea17cbedb2bacd566283b2be19216a87d6c4e1	crates/veln-stdlib/veln/http2/hpack_test.veln#test header_block_decoder_preserves_order_octets_and_dynamic_transitions(
stdout	case.toml:stdout:1021	6779e1e7fbe7e1a799fc76168b5b32d7b598265c3481a534fb7ac74afa0d601a	d5418e062cec915a0af7fa69f8ea17cbedb2bacd566283b2be19216a87d6c4e1	crates/veln-stdlib/veln/http2/hpack_test.veln#test header_block_decoder_preserves_order_octets_and_dynamic_transitions(
stdout	case.toml:stdout:1022	8c659a05fc9e1da85f9a7aa4265a2fdd7484e251385669a9a6c3b407abf683d0	d5418e062cec915a0af7fa69f8ea17cbedb2bacd566283b2be19216a87d6c4e1	crates/veln-stdlib/veln/http2/hpack_test.veln#test header_block_decoder_preserves_order_octets_and_dynamic_transitions(
stdout	case.toml:stdout:1023	8cbb48df5e2d5e41b038535d8f650121124ea94ec7e5f6283db0a1a14f06fb2d	d5418e062cec915a0af7fa69f8ea17cbedb2bacd566283b2be19216a87d6c4e1	crates/veln-stdlib/veln/http2/hpack_test.veln#test header_block_decoder_preserves_order_octets_and_dynamic_transitions(
stdout	case.toml:stdout:1024	00f6fe397cbe979a5b176e998426c1e9a823b03762be7b0f070ac6df603850e0	d5418e062cec915a0af7fa69f8ea17cbedb2bacd566283b2be19216a87d6c4e1	crates/veln-stdlib/veln/http2/hpack_test.veln#test header_block_decoder_preserves_order_octets_and_dynamic_transitions(
stdout	case.toml:stdout:1025	6ea7f7ea5527aa71315f8e2b36c33acdc339262f8f4c6535782ef6bddb1e057d	d5418e062cec915a0af7fa69f8ea17cbedb2bacd566283b2be19216a87d6c4e1	crates/veln-stdlib/veln/http2/hpack_test.veln#test header_block_decoder_preserves_order_octets_and_dynamic_transitions(
stdout	case.toml:stdout:1026	abdc794db1ddae54859fad80b2e96be77840eb38de9b468119a2b8f0bf5da4fa	d5418e062cec915a0af7fa69f8ea17cbedb2bacd566283b2be19216a87d6c4e1	crates/veln-stdlib/veln/http2/hpack_test.veln#test header_block_decoder_preserves_order_octets_and_dynamic_transitions(
stdout	case.toml:stdout:1027	b7494108e66c95ef8d9f15d4bea753040191fe0a053afb85093ca2456a567c5b	d5418e062cec915a0af7fa69f8ea17cbedb2bacd566283b2be19216a87d6c4e1	crates/veln-stdlib/veln/http2/hpack_test.veln#test header_block_decoder_preserves_order_octets_and_dynamic_transitions(
stdout	case.toml:stdout:1028	d51657efee86e1c736dc54b0b7ed1002a8da91650c8dc93a98ebfdf8bb47eee6	d5418e062cec915a0af7fa69f8ea17cbedb2bacd566283b2be19216a87d6c4e1	crates/veln-stdlib/veln/http2/hpack_test.veln#test header_block_decoder_preserves_order_octets_and_dynamic_transitions(
stdout	case.toml:stdout:1029	83b41d48c7a1ee8216ec948c27af00fb5aa1b47938616da99123604c422ae28a	d5418e062cec915a0af7fa69f8ea17cbedb2bacd566283b2be19216a87d6c4e1	crates/veln-stdlib/veln/http2/hpack_test.veln#test header_block_decoder_preserves_order_octets_and_dynamic_transitions(
stdout	case.toml:stdout:1030	42e815f7f78abadbec2e720fbb6d537be5819aec862ac434ae596cb0b22bb43d	d5418e062cec915a0af7fa69f8ea17cbedb2bacd566283b2be19216a87d6c4e1	crates/veln-stdlib/veln/http2/hpack_test.veln#test header_block_decoder_preserves_order_octets_and_dynamic_transitions(
stdout	case.toml:stdout:1031	412d4daaab9f277306f7deccd6e22f41f15d1e820be3e9f54c0b6d2ae697abd0	d5418e062cec915a0af7fa69f8ea17cbedb2bacd566283b2be19216a87d6c4e1	crates/veln-stdlib/veln/http2/hpack_test.veln#test header_block_decoder_preserves_order_octets_and_dynamic_transitions(
stdout	case.toml:stdout:1032	ade6f2d4470e27c307092c403cc923f41a844bfc9caf51263df9a1883b9b4099	d5418e062cec915a0af7fa69f8ea17cbedb2bacd566283b2be19216a87d6c4e1	crates/veln-stdlib/veln/http2/hpack_test.veln#test header_block_decoder_preserves_order_octets_and_dynamic_transitions(
stdout	case.toml:stdout:1033	97ce1e6691be2a8f68f3931b9c5e1efe9f1079aa905212348fb3f66901a7a5dd	d5418e062cec915a0af7fa69f8ea17cbedb2bacd566283b2be19216a87d6c4e1	crates/veln-stdlib/veln/http2/hpack_test.veln#test header_block_decoder_preserves_order_octets_and_dynamic_transitions(
stdout	case.toml:stdout:1034	6aa7e4e0cfe480f6ee46e7a88913402388fb680e8b38c9d25f2ac17c83af6437	d5418e062cec915a0af7fa69f8ea17cbedb2bacd566283b2be19216a87d6c4e1	crates/veln-stdlib/veln/http2/hpack_test.veln#test header_block_decoder_preserves_order_octets_and_dynamic_transitions(
stdout	case.toml:stdout:1035	3c5944c8b2803d998502f50b313f25b50f48be0afee67abda71895584179153a	d5418e062cec915a0af7fa69f8ea17cbedb2bacd566283b2be19216a87d6c4e1	crates/veln-stdlib/veln/http2/hpack_test.veln#test header_block_decoder_preserves_order_octets_and_dynamic_transitions(
stdout	case.toml:stdout:1036	413069e3c42ce9d517244c43fd14d5da12a8b1620020db90dc1c246aba477c3f	d5418e062cec915a0af7fa69f8ea17cbedb2bacd566283b2be19216a87d6c4e1	crates/veln-stdlib/veln/http2/hpack_test.veln#test header_block_decoder_preserves_order_octets_and_dynamic_transitions(
stdout	case.toml:stdout:1037	8f935bbbf58851bee6d10335bfeef08d0096987318138fa34d7b409fbecacce8	d5418e062cec915a0af7fa69f8ea17cbedb2bacd566283b2be19216a87d6c4e1	crates/veln-stdlib/veln/http2/hpack_test.veln#test header_block_decoder_preserves_order_octets_and_dynamic_transitions(
stdout	case.toml:stdout:1038	89b0b9415d00801714201592fec3388974f0739d42b06c84a971463955726dcb	d5418e062cec915a0af7fa69f8ea17cbedb2bacd566283b2be19216a87d6c4e1	crates/veln-stdlib/veln/http2/hpack_test.veln#test header_block_decoder_preserves_order_octets_and_dynamic_transitions(
stdout	case.toml:stdout:1039	e9ee83c630364260194789d960880eb29c4f7aa20e2079c492766a69e8fb177b	d5418e062cec915a0af7fa69f8ea17cbedb2bacd566283b2be19216a87d6c4e1	crates/veln-stdlib/veln/http2/hpack_test.veln#test header_block_decoder_preserves_order_octets_and_dynamic_transitions(
stdout	case.toml:stdout:1040	21d71f114f478e5c12de2bcf346002dbf7c8148ec70a877b0ac2a05564fc6976	d5418e062cec915a0af7fa69f8ea17cbedb2bacd566283b2be19216a87d6c4e1	crates/veln-stdlib/veln/http2/hpack_test.veln#test header_block_decoder_preserves_order_octets_and_dynamic_transitions(
stdout	case.toml:stdout:1041	13032070a115bcf2137a72fc5041c2a98024afcb1890e557448615e759668bb3	d2252d98793ea19f1a6631ac8f14ef602037fa0c5b44cdaf3e1b6bff156da622	examples/specification/run/http2-protocol-core-informational-end-stream-human/case.toml#http2.protocol.invalid_response_header_list
stdout	case.toml:stdout:1042	6e687b09ee84c8fa97dac6953a4894c17aab092b8e4c127186ae89abcd138092	d2252d98793ea19f1a6631ac8f14ef602037fa0c5b44cdaf3e1b6bff156da622	examples/specification/run/http2-protocol-core-informational-end-stream-human/case.toml#http2.protocol.invalid_response_header_list
stdout	case.toml:stdout:1043	461ac4ace869c3e3bf2e51773422f258acf83757371b3c1c2fcc39a441d9c3ba	d2252d98793ea19f1a6631ac8f14ef602037fa0c5b44cdaf3e1b6bff156da622	examples/specification/run/http2-protocol-core-informational-end-stream-human/case.toml#http2.protocol.invalid_response_header_list
stdout	case.toml:stdout:1044	e73f1bd302a73606931a3000cbc6570958822d6a414d859cd51adc6cfe31a06d	d2252d98793ea19f1a6631ac8f14ef602037fa0c5b44cdaf3e1b6bff156da622	examples/specification/run/http2-protocol-core-informational-end-stream-human/case.toml#http2.protocol.invalid_response_header_list
stdout	case.toml:stdout:1045	b64ae3507080df03b6b1e09490bfaf038d4ab49cc40fc34f7fb411f76d256359	d5418e062cec915a0af7fa69f8ea17cbedb2bacd566283b2be19216a87d6c4e1	crates/veln-stdlib/veln/http2/hpack_test.veln#test header_block_decoder_preserves_order_octets_and_dynamic_transitions(
stdout	case.toml:stdout:1046	4c451056dddf798931a21ccd74d346c0aa5060f2187864e8c6d7337dacf91bac	d2252d98793ea19f1a6631ac8f14ef602037fa0c5b44cdaf3e1b6bff156da622	examples/specification/run/http2-protocol-core-informational-end-stream-human/case.toml#http2.protocol.invalid_response_header_list
stdout	case.toml:stdout:1047	de3d9424b2ddf79eeed486b608b787bfacf2c16c656d9df72f076d1affd41f2f	d5418e062cec915a0af7fa69f8ea17cbedb2bacd566283b2be19216a87d6c4e1	crates/veln-stdlib/veln/http2/hpack_test.veln#test header_block_decoder_preserves_order_octets_and_dynamic_transitions(
stdout	case.toml:stdout:1048	666bf10a8a1977632c85cdaba5fc9061b816c188c173a9b695dfa5d1efecfd8c	d5418e062cec915a0af7fa69f8ea17cbedb2bacd566283b2be19216a87d6c4e1	crates/veln-stdlib/veln/http2/hpack_test.veln#test header_block_decoder_preserves_order_octets_and_dynamic_transitions(
stdout	case.toml:stdout:1049	ab21f7ff255670a8c59db66953d5353d13b44cf663e0cbcafecef063a316460c	d5418e062cec915a0af7fa69f8ea17cbedb2bacd566283b2be19216a87d6c4e1	crates/veln-stdlib/veln/http2/hpack_test.veln#test header_block_decoder_preserves_order_octets_and_dynamic_transitions(
stdout	case.toml:stdout:1050	c41cfd570e78f954016ae7c94b74a4bccbe87185d3205245397cb83e65571036	d5418e062cec915a0af7fa69f8ea17cbedb2bacd566283b2be19216a87d6c4e1	crates/veln-stdlib/veln/http2/hpack_test.veln#test header_block_decoder_preserves_order_octets_and_dynamic_transitions(
stdout	case.toml:stdout:1051	d98a23bb16022fd0ff3144abcc855a9876718e386f5390f3e53ccb7b262fce2f	d5418e062cec915a0af7fa69f8ea17cbedb2bacd566283b2be19216a87d6c4e1	crates/veln-stdlib/veln/http2/hpack_test.veln#test header_block_decoder_preserves_order_octets_and_dynamic_transitions(
stdout	case.toml:stdout:1052	4b244a391a3e2e3ee3b59eae1354d5e6b6533a3b4a8face75fbf6d7b6671c705	d5418e062cec915a0af7fa69f8ea17cbedb2bacd566283b2be19216a87d6c4e1	crates/veln-stdlib/veln/http2/hpack_test.veln#test header_block_decoder_preserves_order_octets_and_dynamic_transitions(
stdout	case.toml:stdout:1053	b114cb2eef3d15c6648d71cacd1428c7834c38fbda79d782090adba62a85ad2b	d5418e062cec915a0af7fa69f8ea17cbedb2bacd566283b2be19216a87d6c4e1	crates/veln-stdlib/veln/http2/hpack_test.veln#test header_block_decoder_preserves_order_octets_and_dynamic_transitions(
stdout	case.toml:stdout:1054	c088a6d8a49f2ace0fd2a4aa6f9161170e40b70fffe8d976b30b482eba0ea82f	d5418e062cec915a0af7fa69f8ea17cbedb2bacd566283b2be19216a87d6c4e1	crates/veln-stdlib/veln/http2/hpack_test.veln#test header_block_decoder_preserves_order_octets_and_dynamic_transitions(
stdout	case.toml:stdout:1055	9c85556d215ed0879055f78b4330627654616c43af1fc4bacd509687dcfe3caa	d5418e062cec915a0af7fa69f8ea17cbedb2bacd566283b2be19216a87d6c4e1	crates/veln-stdlib/veln/http2/hpack_test.veln#test header_block_decoder_preserves_order_octets_and_dynamic_transitions(
stdout	case.toml:stdout:1056	2d4c303c17797763bf1979e4a05d2cceb91b72171c706f3de77b2d121c394450	d5418e062cec915a0af7fa69f8ea17cbedb2bacd566283b2be19216a87d6c4e1	crates/veln-stdlib/veln/http2/hpack_test.veln#test header_block_decoder_preserves_order_octets_and_dynamic_transitions(
stdout	case.toml:stdout:1057	c16bd9c6152402efd84e32faceb5e4a30482037ada1131ffaad275880cd7cb03	d5418e062cec915a0af7fa69f8ea17cbedb2bacd566283b2be19216a87d6c4e1	crates/veln-stdlib/veln/http2/hpack_test.veln#test header_block_decoder_preserves_order_octets_and_dynamic_transitions(
stdout	case.toml:stdout:1058	02a4a394edb0d46cc1a2613954308efabe6e76461d8eecf4d9772923232a4f8d	d5418e062cec915a0af7fa69f8ea17cbedb2bacd566283b2be19216a87d6c4e1	crates/veln-stdlib/veln/http2/hpack_test.veln#test header_block_decoder_preserves_order_octets_and_dynamic_transitions(
stdout	case.toml:stdout:1059	2c402f756818e481a2dbf4445a0a5a4010551995e970dae5648f2ba496b26a2c	d5418e062cec915a0af7fa69f8ea17cbedb2bacd566283b2be19216a87d6c4e1	crates/veln-stdlib/veln/http2/hpack_test.veln#test header_block_decoder_preserves_order_octets_and_dynamic_transitions(
stdout	case.toml:stdout:1060	8007cda698ca2dae5eb7476e9ea752d76390d8aee74b74378409e2bf6e1ad8a1	d5418e062cec915a0af7fa69f8ea17cbedb2bacd566283b2be19216a87d6c4e1	crates/veln-stdlib/veln/http2/hpack_test.veln#test header_block_decoder_preserves_order_octets_and_dynamic_transitions(
stdout	case.toml:stdout:1061	a90c5fb3ab87414fff634bc9b4d859f927e9e5f9e374af81b608ebcf552b1ad3	d5418e062cec915a0af7fa69f8ea17cbedb2bacd566283b2be19216a87d6c4e1	crates/veln-stdlib/veln/http2/hpack_test.veln#test header_block_decoder_preserves_order_octets_and_dynamic_transitions(
stdout	case.toml:stdout:1062	59d666f4aab97854e8889233123171637f5d07ed3c2cd53d2b8c668977deda03	d5418e062cec915a0af7fa69f8ea17cbedb2bacd566283b2be19216a87d6c4e1	crates/veln-stdlib/veln/http2/hpack_test.veln#test header_block_decoder_preserves_order_octets_and_dynamic_transitions(
stdout	case.toml:stdout:1063	2b242a06f6947726aaa0bd5111a345cea1f8f292520cf1a8464ab254a6488ebe	d5418e062cec915a0af7fa69f8ea17cbedb2bacd566283b2be19216a87d6c4e1	crates/veln-stdlib/veln/http2/hpack_test.veln#test header_block_decoder_preserves_order_octets_and_dynamic_transitions(
stdout	case.toml:stdout:1064	74aec0b34aadd2133c9846f00c3203c4a567c625eb05f7295f2f95efc4b7a3f3	d2252d98793ea19f1a6631ac8f14ef602037fa0c5b44cdaf3e1b6bff156da622	examples/specification/run/http2-protocol-core-informational-end-stream-human/case.toml#http2.protocol.invalid_response_header_list
stdout	case.toml:stdout:1065	758593f2c4adcd2186e7ff36e41d236724fb2fe8673707fd7508a540478894a0	d2252d98793ea19f1a6631ac8f14ef602037fa0c5b44cdaf3e1b6bff156da622	examples/specification/run/http2-protocol-core-informational-end-stream-human/case.toml#http2.protocol.invalid_response_header_list
stdout	case.toml:stdout:1066	5dd4881f8fe6af8d97f77f89a056f2dd5121b987ad2cb4f7a9788c38b9232938	d2252d98793ea19f1a6631ac8f14ef602037fa0c5b44cdaf3e1b6bff156da622	examples/specification/run/http2-protocol-core-informational-end-stream-human/case.toml#http2.protocol.invalid_response_header_list
stdout	case.toml:stdout:1067	dcf83d33df9d402dd06f89420553d830ffc383bcfac960a76d467a57dfb0b2c0	d5418e062cec915a0af7fa69f8ea17cbedb2bacd566283b2be19216a87d6c4e1	crates/veln-stdlib/veln/http2/hpack_test.veln#test header_block_decoder_preserves_order_octets_and_dynamic_transitions(
stdout	case.toml:stdout:1068	e46771950765327d1d233b9e822c8ff691781dad8db206e991bafdedad5b2fca	d5418e062cec915a0af7fa69f8ea17cbedb2bacd566283b2be19216a87d6c4e1	crates/veln-stdlib/veln/http2/hpack_test.veln#test header_block_decoder_preserves_order_octets_and_dynamic_transitions(
stdout	case.toml:stdout:1069	1302896c5dde2ec0d1da8287243a510ab73f5ca981ec9f0c47690add7bac34ea	d5418e062cec915a0af7fa69f8ea17cbedb2bacd566283b2be19216a87d6c4e1	crates/veln-stdlib/veln/http2/hpack_test.veln#test header_block_decoder_preserves_order_octets_and_dynamic_transitions(
stdout	case.toml:stdout:1070	623a54f5448c40b250b0d779b68e105d0a3ec5b69488678a9d69e548335bf63e	d5418e062cec915a0af7fa69f8ea17cbedb2bacd566283b2be19216a87d6c4e1	crates/veln-stdlib/veln/http2/hpack_test.veln#test header_block_decoder_preserves_order_octets_and_dynamic_transitions(
stdout	case.toml:stdout:1071	57826d1d6fbbdaa76d2d212db0da158c17b1c87c1e3d598c70485c5770e1fafd	d5418e062cec915a0af7fa69f8ea17cbedb2bacd566283b2be19216a87d6c4e1	crates/veln-stdlib/veln/http2/hpack_test.veln#test header_block_decoder_preserves_order_octets_and_dynamic_transitions(
stdout	case.toml:stdout:1072	e11588b642fdab6c0f07b152a09004466736c7ac9f292befb18461238f3a6fb8	d5418e062cec915a0af7fa69f8ea17cbedb2bacd566283b2be19216a87d6c4e1	crates/veln-stdlib/veln/http2/hpack_test.veln#test header_block_decoder_preserves_order_octets_and_dynamic_transitions(
stdout	case.toml:stdout:1073	37eaff3332b19f4700794a66215554a8d8a330d1d7009aafc8c2b2b08bea5ddb	d5418e062cec915a0af7fa69f8ea17cbedb2bacd566283b2be19216a87d6c4e1	crates/veln-stdlib/veln/http2/hpack_test.veln#test header_block_decoder_preserves_order_octets_and_dynamic_transitions(
stdout	case.toml:stdout:1074	08c9720da4228aef856cca0f53377fc7d97885b937093cb3fccb50e552c92bdb	d5418e062cec915a0af7fa69f8ea17cbedb2bacd566283b2be19216a87d6c4e1	crates/veln-stdlib/veln/http2/hpack_test.veln#test header_block_decoder_preserves_order_octets_and_dynamic_transitions(
stdout	case.toml:stdout:1075	808409eac555807298b3b772410e96c6b155e0a1babc3657541c286268434f08	d5418e062cec915a0af7fa69f8ea17cbedb2bacd566283b2be19216a87d6c4e1	crates/veln-stdlib/veln/http2/hpack_test.veln#test header_block_decoder_preserves_order_octets_and_dynamic_transitions(
stdout	case.toml:stdout:1076	3ef650a8503ceab17bc63b1a890965b11de87c03cb79e634b8705b44d52a063d	d5418e062cec915a0af7fa69f8ea17cbedb2bacd566283b2be19216a87d6c4e1	crates/veln-stdlib/veln/http2/hpack_test.veln#test header_block_decoder_preserves_order_octets_and_dynamic_transitions(
stdout	case.toml:stdout:1077	38366bdbe5db0e5c47aef5f9d68172d4c63a04065642f9ec7760002ca2fe5963	d5418e062cec915a0af7fa69f8ea17cbedb2bacd566283b2be19216a87d6c4e1	crates/veln-stdlib/veln/http2/hpack_test.veln#test header_block_decoder_preserves_order_octets_and_dynamic_transitions(
stdout	case.toml:stdout:1078	c05f216fa29aaa6e93453dbe6dd3527f54224bdd477ee4c2931c691af250f2f7	d5418e062cec915a0af7fa69f8ea17cbedb2bacd566283b2be19216a87d6c4e1	crates/veln-stdlib/veln/http2/hpack_test.veln#test header_block_decoder_preserves_order_octets_and_dynamic_transitions(
stdout	case.toml:stdout:1079	abd09d89311202bcbb7afd8f00289e83881dc37806222ef90690e369b1d8f2be	d5418e062cec915a0af7fa69f8ea17cbedb2bacd566283b2be19216a87d6c4e1	crates/veln-stdlib/veln/http2/hpack_test.veln#test header_block_decoder_preserves_order_octets_and_dynamic_transitions(
stdout	case.toml:stdout:1080	0f6a132e2d7bb18d902d1fb4495a7822d5e377925cae8a2e503540cc93f9ad65	d5418e062cec915a0af7fa69f8ea17cbedb2bacd566283b2be19216a87d6c4e1	crates/veln-stdlib/veln/http2/hpack_test.veln#test header_block_decoder_preserves_order_octets_and_dynamic_transitions(
stdout	case.toml:stdout:1081	6951780e969aa96e1f607454e11e8f9c4cbb046c5ddbb9e6e44e2f0fb9fcdbe6	d5418e062cec915a0af7fa69f8ea17cbedb2bacd566283b2be19216a87d6c4e1	crates/veln-stdlib/veln/http2/hpack_test.veln#test header_block_decoder_preserves_order_octets_and_dynamic_transitions(
stdout	case.toml:stdout:1082	5adf8ddea77d08a67071b8f77a303f66746b5107323dae2e6626332d42fa9771	d5418e062cec915a0af7fa69f8ea17cbedb2bacd566283b2be19216a87d6c4e1	crates/veln-stdlib/veln/http2/hpack_test.veln#test header_block_decoder_preserves_order_octets_and_dynamic_transitions(
stdout	case.toml:stdout:1083	497b24f848c9ccf864d2021ce3f138393c3fad5f86d5f3f9f72cf7bbd8d7b797	d5418e062cec915a0af7fa69f8ea17cbedb2bacd566283b2be19216a87d6c4e1	crates/veln-stdlib/veln/http2/hpack_test.veln#test header_block_decoder_preserves_order_octets_and_dynamic_transitions(
stdout	case.toml:stdout:1084	22f6fe0e4c0ab826dbe4531e5249adf8660e77e3e5bbe603feb9e9e538c00cae	d5418e062cec915a0af7fa69f8ea17cbedb2bacd566283b2be19216a87d6c4e1	crates/veln-stdlib/veln/http2/hpack_test.veln#test header_block_decoder_preserves_order_octets_and_dynamic_transitions(
stdout	case.toml:stdout:1085	2bf77a98e32172d780f46f81c71b502e9498b9a18c374dfdb8f744c61c720471	d5418e062cec915a0af7fa69f8ea17cbedb2bacd566283b2be19216a87d6c4e1	crates/veln-stdlib/veln/http2/hpack_test.veln#test header_block_decoder_preserves_order_octets_and_dynamic_transitions(
stdout	case.toml:stdout:1086	ecdf2c056073fcf097d93ac51e3c2e1bc3e41621fd28e1a98565fa4640b754b7	d5418e062cec915a0af7fa69f8ea17cbedb2bacd566283b2be19216a87d6c4e1	crates/veln-stdlib/veln/http2/hpack_test.veln#test header_block_decoder_preserves_order_octets_and_dynamic_transitions(
stdout	case.toml:stdout:1087	3c886381a6b9646a6dbd88b3cd46102c5145ab732533b401f58270b0601abb4f	d5418e062cec915a0af7fa69f8ea17cbedb2bacd566283b2be19216a87d6c4e1	crates/veln-stdlib/veln/http2/hpack_test.veln#test header_block_decoder_preserves_order_octets_and_dynamic_transitions(
stdout	case.toml:stdout:1088	b17899eeac7e7c170a16210116fdfa9c617585b4db82690e6375116f6ac0c5bd	d5418e062cec915a0af7fa69f8ea17cbedb2bacd566283b2be19216a87d6c4e1	crates/veln-stdlib/veln/http2/hpack_test.veln#test header_block_decoder_preserves_order_octets_and_dynamic_transitions(
stdout	case.toml:stdout:1089	d166c3a6226d03b950dbd61b4fadd2e87f244ebe7870b283e032385821a9185e	f889137ca4c7332975c589b07dc231e761a59155b21f4627e40d1c6489760719	examples/specification/run/http2-core-receive-frame-dispatch/case.toml#http2.protocol.invalid_request_header_list
stdout	case.toml:stdout:1090	070e55a01490417b4e04737ffaaa2f0e09480c537775f7a8dd5f2124eafcde13	f889137ca4c7332975c589b07dc231e761a59155b21f4627e40d1c6489760719	examples/specification/run/http2-core-receive-frame-dispatch/case.toml#http2.protocol.invalid_request_header_list
stdout	case.toml:stdout:1091	64e4c33e62d7bba90bc9cc3a44d16081c59aec9049b16237fdb64d0960f05e0d	f889137ca4c7332975c589b07dc231e761a59155b21f4627e40d1c6489760719	examples/specification/run/http2-core-receive-frame-dispatch/case.toml#http2.protocol.invalid_request_header_list
stdout	case.toml:stdout:1092	c1732b552eac1bfabcc8fc4133c00a05a9671fda2421b4fcd916a3f4507fce3b	be65651c2bc322d47f889d4169839fa0e1ff5e1d3e9d788bcf753cca58212d3e	examples/specification/run/hpack-static-core-index-unsupported-human/case.toml#hpack.static.unsupported_index
stdout	case.toml:stdout:1093	c45a040b6eb17af161c1b659bd47c3d6af6a5a6fc013882e03f262f5b3c247b4	ef73a5953fd2f5fc60b8ca0affa4ad0685f72e20763699624aae244e88a452dc	examples/specification/run/http2-protocol-core-hpack-raw-string-human/case.toml#hpack.fixture.malformed_raw_string_value
stdout	case.toml:stdout:1094	76a8980f9928e64ba50dd243e564a79a00c99cce9b42a1d1a77351c93b8edf58	9b6559ad31d9c501f812485c5938b4ca902e4017bcaf1a0f74d42a9ff41ec425	crates/veln-stdlib/veln/http2/core_test.veln#test header_list_validation_reports_request_failures_with_context(
stdout	case.toml:stdout:1095	352b78972225edcc97f4edda1670148020b41fa58a869b536a071e250efb127f	6f773725f80ceed94145a40b332b934f42fa3a38dd621d6393653caaa23b5e65	examples/specification/run/http2-protocol-core-header-list-human/case.toml#http2.peer_limit.header_list_size_exceeded
stdout	case.toml:stdout:1096	e058a21f6a869f846930e76a67067248391f25469c85e48ec87e1eb682742674	9b6559ad31d9c501f812485c5938b4ca902e4017bcaf1a0f74d42a9ff41ec425	crates/veln-stdlib/veln/http2/core_test.veln#test header_list_validation_reports_request_failures_with_context(
stdout	case.toml:stdout:1097	d77f0708e9e0d5360de52f36ff7433d069112ceeea6ab6f1155b5184b74e09d1	79ff4fdfcc8be69fed67cd2969602bdd849b2a10295c51497217e14bf964ab2a	examples/specification/run/hpack-fixture-codec-human/case.toml#hpack.fixture.unsupported_header_block
stdout	case.toml:stdout:1098	a291bfa8c67266b0035dfb2958963cbb739c51104266258e8dae3c6427b05d1f	d5418e062cec915a0af7fa69f8ea17cbedb2bacd566283b2be19216a87d6c4e1	crates/veln-stdlib/veln/http2/hpack_test.veln#test header_block_decoder_preserves_order_octets_and_dynamic_transitions(
stdout	case.toml:stdout:1099	c04bf7b0b935e553811166064828863fe1d564e9edd71e1ca9cbf80e14b78f5a	d5418e062cec915a0af7fa69f8ea17cbedb2bacd566283b2be19216a87d6c4e1	crates/veln-stdlib/veln/http2/hpack_test.veln#test header_block_decoder_preserves_order_octets_and_dynamic_transitions(
stdout	case.toml:stdout:1100	6618bf7bf7268dc9bea0b081e6655680f77ef98af59e2acc62176a75b065ac39	d5418e062cec915a0af7fa69f8ea17cbedb2bacd566283b2be19216a87d6c4e1	crates/veln-stdlib/veln/http2/hpack_test.veln#test header_block_decoder_preserves_order_octets_and_dynamic_transitions(
stdout	case.toml:stdout:1101	acc3234d185711a05b3555fd2616366c27133964547d7584265a82774cc6e87c	d5418e062cec915a0af7fa69f8ea17cbedb2bacd566283b2be19216a87d6c4e1	crates/veln-stdlib/veln/http2/hpack_test.veln#test header_block_decoder_preserves_order_octets_and_dynamic_transitions(
stdout	case.toml:stdout:1102	146d6d6ee5d0698eaa523302a564597d39c1845bf665742440ad858b37d61e49	d5418e062cec915a0af7fa69f8ea17cbedb2bacd566283b2be19216a87d6c4e1	crates/veln-stdlib/veln/http2/hpack_test.veln#test header_block_decoder_preserves_order_octets_and_dynamic_transitions(
stdout	case.toml:stdout:1103	cf3f19fe3e46475f16957cc3eaa2009f865e476ff67e56ed8b3de20f7c499dd7	d5418e062cec915a0af7fa69f8ea17cbedb2bacd566283b2be19216a87d6c4e1	crates/veln-stdlib/veln/http2/hpack_test.veln#test header_block_decoder_preserves_order_octets_and_dynamic_transitions(
stdout	case.toml:stdout:1104	ee374d04c18601bc723b576ecb840c0153a6572e0e39be6e0a60babdecaa05cf	d5418e062cec915a0af7fa69f8ea17cbedb2bacd566283b2be19216a87d6c4e1	crates/veln-stdlib/veln/http2/hpack_test.veln#test header_block_decoder_preserves_order_octets_and_dynamic_transitions(
stdout	case.toml:stdout:1105	d9112b5e702a4d8587bdad1e59d3faa6977c8974acc992912003253f55e51ecc	d5418e062cec915a0af7fa69f8ea17cbedb2bacd566283b2be19216a87d6c4e1	crates/veln-stdlib/veln/http2/hpack_test.veln#test header_block_decoder_preserves_order_octets_and_dynamic_transitions(
stdout	case.toml:stdout:1106	f4dfe631efe0247cbaf909d2637d6280b92285d1ff3c6968d259d1ad6dc5ef00	d5418e062cec915a0af7fa69f8ea17cbedb2bacd566283b2be19216a87d6c4e1	crates/veln-stdlib/veln/http2/hpack_test.veln#test header_block_decoder_preserves_order_octets_and_dynamic_transitions(
stdout	case.toml:stdout:1107	c3edb0c506fb77a4551cb1d62d298c9b1908e999c01e36baa288b27323c67173	d5418e062cec915a0af7fa69f8ea17cbedb2bacd566283b2be19216a87d6c4e1	crates/veln-stdlib/veln/http2/hpack_test.veln#test header_block_decoder_preserves_order_octets_and_dynamic_transitions(
stdout	case.toml:stdout:1108	40a89fde12cb4650feed626fa0761a07d8b7d03d4179a5a088f0906818318f78	d5418e062cec915a0af7fa69f8ea17cbedb2bacd566283b2be19216a87d6c4e1	crates/veln-stdlib/veln/http2/hpack_test.veln#test header_block_decoder_preserves_order_octets_and_dynamic_transitions(
stdout	case.toml:stdout:1109	66caba95ef739bcdaa6bf7546f17123d21c359149a2f2370473541664a41ae9c	d5418e062cec915a0af7fa69f8ea17cbedb2bacd566283b2be19216a87d6c4e1	crates/veln-stdlib/veln/http2/hpack_test.veln#test header_block_decoder_preserves_order_octets_and_dynamic_transitions(
stdout	case.toml:stdout:1110	dca04d7604f591051a5fe605082337bc166683b29c78bcc589a6fa6677f970f3	d5418e062cec915a0af7fa69f8ea17cbedb2bacd566283b2be19216a87d6c4e1	crates/veln-stdlib/veln/http2/hpack_test.veln#test header_block_decoder_preserves_order_octets_and_dynamic_transitions(
stdout	case.toml:stdout:1111	eb5b6b85d2c5ee90a7cb6b9221bcedcfb3bfcd4bd45e429bac7cd9c1568c1079	d5418e062cec915a0af7fa69f8ea17cbedb2bacd566283b2be19216a87d6c4e1	crates/veln-stdlib/veln/http2/hpack_test.veln#test header_block_decoder_preserves_order_octets_and_dynamic_transitions(
stdout	case.toml:stdout:1112	0e5ccef5e7b5157a046fee874c450a0d405a171d5b7ad0808bd7b849c6b78b94	82bc4feae8b46209347ff48afea732b640671e79aef81bd7c1ac54947e1283f7	examples/specification/run/hpack-fixture-codec-boundary/case.toml#hpack.fixture.malformed_huffman_padding
stdout	case.toml:stdout:1113	069e7f3babb67d6527fae11dd427175b736fa2f4db83460ca4502d6ffb7f00bb	d5418e062cec915a0af7fa69f8ea17cbedb2bacd566283b2be19216a87d6c4e1	crates/veln-stdlib/veln/http2/hpack_test.veln#test header_block_decoder_preserves_order_octets_and_dynamic_transitions(
stdout	case.toml:stdout:1114	5c431e960229ed6f911ec73a2db987b5e5ec9d6865d8910bee2e264b98b39ca7	82bc4feae8b46209347ff48afea732b640671e79aef81bd7c1ac54947e1283f7	examples/specification/run/hpack-fixture-codec-boundary/case.toml#hpack.fixture.malformed_huffman_padding
stdout	case.toml:stdout:1115	8096e91892a4343d91f39442ab788c6000ac466679bbbf6c35b6d84a580a2142	778af943c2b5d690cdaf55d7a112d387314b2a451395535ee64985d63b4d13d4	examples/specification/run/http2-protocol-core-hpack-string-length-human/case.toml#hpack.fixture.malformed_string_length
stdout	case.toml:stdout:1116	d140823218e4235395c7288654a8c948b0a4a7f3e2c3c7c26e95d6f9e253d84e	d5418e062cec915a0af7fa69f8ea17cbedb2bacd566283b2be19216a87d6c4e1	crates/veln-stdlib/veln/http2/hpack_test.veln#test header_block_decoder_preserves_order_octets_and_dynamic_transitions(
stdout	case.toml:stdout:1117	29b7a4efb401e82b9caf0e9ae8c933740d439e4a7ab55d876bdf547b6737fcde	778af943c2b5d690cdaf55d7a112d387314b2a451395535ee64985d63b4d13d4	examples/specification/run/http2-protocol-core-hpack-string-length-human/case.toml#hpack.fixture.malformed_string_length
stdout	case.toml:stdout:1118	5370ca0f1e0556b6c485320c9fe94e972b614beb788f6ab3736f940feb90a725	d5418e062cec915a0af7fa69f8ea17cbedb2bacd566283b2be19216a87d6c4e1	crates/veln-stdlib/veln/http2/hpack_test.veln#test header_block_decoder_preserves_order_octets_and_dynamic_transitions(
stdout	case.toml:stdout:1119	6691f44983da72871dee9e3b737a67778e40cf0f1feba1056ddef7d80001ef50	d5418e062cec915a0af7fa69f8ea17cbedb2bacd566283b2be19216a87d6c4e1	crates/veln-stdlib/veln/http2/hpack_test.veln#test header_block_decoder_preserves_order_octets_and_dynamic_transitions(
stdout	case.toml:stdout:1120	5aa9527a9651dab578d88b271db11a1b6f70c042e82e226245b09f505444d449	d5418e062cec915a0af7fa69f8ea17cbedb2bacd566283b2be19216a87d6c4e1	crates/veln-stdlib/veln/http2/hpack_test.veln#test header_block_decoder_preserves_order_octets_and_dynamic_transitions(
stdout	case.toml:stdout:1121	a4a7742a6d202405e77628b306a1e3a3cd61e6be3f7ad3869f6c19731bcda2e0	d5418e062cec915a0af7fa69f8ea17cbedb2bacd566283b2be19216a87d6c4e1	crates/veln-stdlib/veln/http2/hpack_test.veln#test header_block_decoder_preserves_order_octets_and_dynamic_transitions(
stdout	case.toml:stdout:1122	c58864bab41fd973b21d09771d816d9d5cf9fde548e74f8e8ae9607e8c51faae	82bc4feae8b46209347ff48afea732b640671e79aef81bd7c1ac54947e1283f7	examples/specification/run/hpack-fixture-codec-boundary/case.toml#hpack.fixture.malformed_huffman_padding
stdout	case.toml:stdout:1123	c10f99e9205f3f6d67659e13665b01d83b5d69967acd95df55ab2c870aa5861a	82bc4feae8b46209347ff48afea732b640671e79aef81bd7c1ac54947e1283f7	examples/specification/run/hpack-fixture-codec-boundary/case.toml#hpack.fixture.malformed_huffman_padding
stdout	case.toml:stdout:1124	a359cb0699b4ac88d4110aa917bd13f77fbb28cff6b767b0f5f50ed3b3749ead	d5418e062cec915a0af7fa69f8ea17cbedb2bacd566283b2be19216a87d6c4e1	crates/veln-stdlib/veln/http2/hpack_test.veln#test header_block_decoder_preserves_order_octets_and_dynamic_transitions(
stdout	case.toml:stdout:1125	f45851408cd72470930025a1933dbc2696eeab15e0e532d365c37668c925979c	41fa2b2fd91db15d6c8a7842153c2b519e50038d56dad3d7ffde837fadb72813	examples/specification/run/hpack-fixture-huffman-eos-human/case.toml#hpack.fixture.huffman_eos_symbol
stdout	case.toml:stdout:1126	043988617ae61eb271ac202a155603b5460fcb1fd8f54e79d8fc7eb742254ad9	8e92c295b71b3d015afd66665e6bd27edfbdf32a5e816ea11bfb302c6585253a	examples/specification/run/http2-protocol-core-closed-human/case.toml#http2.protocol.closed_with_pending
stdout	case.toml:stdout:1127	05212a3852ffea51f4d5a866486f48743aef3772db2d2323962935b3e7afc13f	ef73a5953fd2f5fc60b8ca0affa4ad0685f72e20763699624aae244e88a452dc	examples/specification/run/http2-protocol-core-hpack-raw-string-human/case.toml#hpack.fixture.malformed_raw_string_value
stdout	case.toml:stdout:1128	ead92e0576a03022114339b0daa65184206fc0cc8420cb818a397089aa73c64e	ef73a5953fd2f5fc60b8ca0affa4ad0685f72e20763699624aae244e88a452dc	examples/specification/run/http2-protocol-core-hpack-raw-string-human/case.toml#hpack.fixture.malformed_raw_string_value
stdout	case.toml:stdout:1129	6f93d2ae482c790b82a008e9444d39919305953b7f889d0bf2fe74dbbc616ec1	ef73a5953fd2f5fc60b8ca0affa4ad0685f72e20763699624aae244e88a452dc	examples/specification/run/http2-protocol-core-hpack-raw-string-human/case.toml#hpack.fixture.malformed_raw_string_value
stdout	case.toml:stdout:1130	9b27c99ca27c08ad3fd3cee8ffd52ecb382fa1265cd1c667e1dd6707c98e1eee	d5418e062cec915a0af7fa69f8ea17cbedb2bacd566283b2be19216a87d6c4e1	crates/veln-stdlib/veln/http2/hpack_test.veln#test header_block_decoder_preserves_order_octets_and_dynamic_transitions(
stdout	case.toml:stdout:1131	ab3a24a33f7e35139c2c7aaf5e132a87e61e47565b65fc73b4fc1f83bd4c6fde	ef73a5953fd2f5fc60b8ca0affa4ad0685f72e20763699624aae244e88a452dc	examples/specification/run/http2-protocol-core-hpack-raw-string-human/case.toml#hpack.fixture.malformed_raw_string_value
stdout	case.toml:stdout:1132	5c805e5548cf010d9618c6f477e18d8a8d5ca545ebd76d25b21e7ee752322b75	7273b5b98c0d918b6ea228e28c669052ef02bc5326fd524a91f6655e3a9042a9	examples/specification/run/http2-core-ping-transitions/case.toml#http2.protocol.invalid_payload_length
stdout	case.toml:stdout:1133	dc579f268e6e96540de182897f0fc7b8bd808833ee09404df55c7a982062d6fa	6560f16cfc73c4ae8cf678c0d65ca8ebc679c2cdbaa2fea963d533ff2fe0f153	examples/specification/run/http2-core-outbound-headers/case.toml#http2.protocol.invalid_stream_id
stdout	case.toml:stdout:1134	818cd22fb3afa3d0d704a1c2e80f9c82049f25e44cfc9ef9999c39780f70c5f9	12bead05f88e70ebbf12c2adb54c413fba72833c2a92db05e30c8d3920359039	examples/specification/run/http2-core-local-settings-send/case.toml#http2.peer_limit.settings_value_out_of_range
stdout	case.toml:stdout:1135	be1772d7139c7fdf1ef2f709a3cb82c96c7cba50711c4a3c11974d833623a41e	993080db9885ad1bdd438a39a4d6cfee8fa6b65b0f3dd594da0a0dc3a7b3815e	crates/veln-stdlib/veln/http2/core_test.veln#test local_settings_send_preserves_order_policy_offsets_and_ack_fifo(
stdout	case.toml:stdout:1136	389b97dd8fa8ca214f77f36c940a8a6738d91258749acf7ce34b39741a1d3cdc	12bead05f88e70ebbf12c2adb54c413fba72833c2a92db05e30c8d3920359039	examples/specification/run/http2-core-local-settings-send/case.toml#http2.peer_limit.settings_value_out_of_range
stdout	case.toml:stdout:1137	8fa1b92eaa8fb41056e60fc24dd360dd1990f28ac653451504a3b04063054b5c	993080db9885ad1bdd438a39a4d6cfee8fa6b65b0f3dd594da0a0dc3a7b3815e	crates/veln-stdlib/veln/http2/core_test.veln#test local_settings_send_preserves_order_policy_offsets_and_ack_fifo(
stdout	case.toml:stdout:1138	0916694f0c820df05f38dc9ad58aebd3e03af863ddffec2844df72c0e4912e30	301698b93dfb09ccd5ec43fe5dddf44999f225d1b9b44f647a8cb7af4d09d0a7	examples/specification/run/http2-protocol-core-frame-size-human/case.toml#http2.peer_limit.frame_size_exceeded
stdout	case.toml:stdout:1139	12e7c11127820105860e1cb01158fe4248fcfc43afb92d206b549b06c7690f1e	f085e6baa133463c58715773e83a0cf33793f1b823c95493d886244b7f0499dd	crates/veln-stdlib/veln/http2/core_test.veln#test receive_connection_boundary_consumes_preface_initial_settings_and_ping_chunks(
stdout	case.toml:stdout:1140	6e198ef12a21022777115c05a9efadcd6c68b37d89b5ace07ed86d8f0dc5234e	e3fd7bcb4f295de2d9ef373d0a3f032f2c2c0452205731daea5516803cf5d24c	crates/veln-stdlib/veln/http2/core_test.veln#test peer_stream_admission_rejects_non_increasing_stream_ids_without_next_state(
stdout	case.toml:stdout:1141	fd358f448891335cffcff00d5a8ca00e35e5936e7b8eb75e1c3074f7def335d4	e3fd7bcb4f295de2d9ef373d0a3f032f2c2c0452205731daea5516803cf5d24c	crates/veln-stdlib/veln/http2/core_test.veln#test peer_stream_admission_rejects_non_increasing_stream_ids_without_next_state(
stdout	case.toml:stdout:1142	98441734e3134a78f0ac58f2bd4e617bf7f4403986134ad056fe31c179df7570	12bead05f88e70ebbf12c2adb54c413fba72833c2a92db05e30c8d3920359039	examples/specification/run/http2-core-local-settings-send/case.toml#http2.peer_limit.settings_value_out_of_range
stdout	case.toml:stdout:1143	1fac613dbb62ff03302c104fb5c414af7347a21865392b2cdac84153f319fe4b	993080db9885ad1bdd438a39a4d6cfee8fa6b65b0f3dd594da0a0dc3a7b3815e	crates/veln-stdlib/veln/http2/core_test.veln#test local_settings_send_preserves_order_policy_offsets_and_ack_fifo(
stdout	case.toml:stdout:1144	064181c24762a84cbd528c8842e6c8c8815da10141a248d3459f5f97e30b957b	12bead05f88e70ebbf12c2adb54c413fba72833c2a92db05e30c8d3920359039	examples/specification/run/http2-core-local-settings-send/case.toml#http2.peer_limit.settings_value_out_of_range
stdout	case.toml:stdout:1145	12cbfa552249de55e55a6693dbd33e40a4a3ec166f3a49811e18e76efb0562cb	993080db9885ad1bdd438a39a4d6cfee8fa6b65b0f3dd594da0a0dc3a7b3815e	crates/veln-stdlib/veln/http2/core_test.veln#test local_settings_send_preserves_order_policy_offsets_and_ack_fifo(
stdout	case.toml:stdout:1146	1dbccb0f7487e145d4f525203b5e162a2c2a1b0c192c4cacfe527863a326e055	993080db9885ad1bdd438a39a4d6cfee8fa6b65b0f3dd594da0a0dc3a7b3815e	crates/veln-stdlib/veln/http2/core_test.veln#test local_settings_send_preserves_order_policy_offsets_and_ack_fifo(
stdout	case.toml:stdout:1147	7cd19abfb39b3942b6c9dfb88e6bce4dc27e9cd671a0fdf6c07d18b07cca6856	993080db9885ad1bdd438a39a4d6cfee8fa6b65b0f3dd594da0a0dc3a7b3815e	crates/veln-stdlib/veln/http2/core_test.veln#test local_settings_send_preserves_order_policy_offsets_and_ack_fifo(
stdout	case.toml:stdout:1148	1ff13e24d599bfd833d443778f9ecd0757f501a75448033d55993b1731a02b10	993080db9885ad1bdd438a39a4d6cfee8fa6b65b0f3dd594da0a0dc3a7b3815e	crates/veln-stdlib/veln/http2/core_test.veln#test local_settings_send_preserves_order_policy_offsets_and_ack_fifo(
stdout	case.toml:stdout:1149	f6c8bad6a3fa306c59acfd26853d53dfeadaff0c968858b67036a8925802ca3b	12bead05f88e70ebbf12c2adb54c413fba72833c2a92db05e30c8d3920359039	examples/specification/run/http2-core-local-settings-send/case.toml#http2.peer_limit.settings_value_out_of_range
stdout	case.toml:stdout:1150	4f4db234e352fa590f98e85be66bfab333c173486d969d71d18281c9b4e46a0f	993080db9885ad1bdd438a39a4d6cfee8fa6b65b0f3dd594da0a0dc3a7b3815e	crates/veln-stdlib/veln/http2/core_test.veln#test local_settings_send_preserves_order_policy_offsets_and_ack_fifo(
stdout	case.toml:stdout:1151	7937952a97ee40e851f77139bfddfbd6d214874ba3d78c708268a9ea2b621a58	993080db9885ad1bdd438a39a4d6cfee8fa6b65b0f3dd594da0a0dc3a7b3815e	crates/veln-stdlib/veln/http2/core_test.veln#test local_settings_send_preserves_order_policy_offsets_and_ack_fifo(
stdout	case.toml:stdout:1152	48a8b4c03358802bcf319485e55eee895e46b70ddf7ab8364221eacafa447cbf	993080db9885ad1bdd438a39a4d6cfee8fa6b65b0f3dd594da0a0dc3a7b3815e	crates/veln-stdlib/veln/http2/core_test.veln#test local_settings_send_preserves_order_policy_offsets_and_ack_fifo(
stdout	case.toml:stdout:1153	bf73c8e947f9df431ec5b8b2f7ad2d8157f86441bf1bf2ca54e3863a6909d6f6	993080db9885ad1bdd438a39a4d6cfee8fa6b65b0f3dd594da0a0dc3a7b3815e	crates/veln-stdlib/veln/http2/core_test.veln#test local_settings_send_preserves_order_policy_offsets_and_ack_fifo(
stdout	case.toml:stdout:1154	27a99e7bfacc9ad75c60463ff693622df2c5e8cade0425b76fba76553d1fc8c7	dec13eee3e1cce9184b92c0ac0a2f333afb93480962461d0364d756cb356b12f	examples/specification/run/http2-protocol-core-flow-control-connection-human/case.toml#http2.peer_limit.flow_control_window_exceeded
stdout	case.toml:stdout:1155	1e9ac1dd7e36eec48ec968d28bc6de8e84da295448b2f7ced3a39188ae451786	993080db9885ad1bdd438a39a4d6cfee8fa6b65b0f3dd594da0a0dc3a7b3815e	crates/veln-stdlib/veln/http2/core_test.veln#test local_settings_send_preserves_order_policy_offsets_and_ack_fifo(
stdout	case.toml:stdout:1156	d1e1be449a081376f37367bad31ea230f355a946ec060e700a20e41ed1ed263b	dec13eee3e1cce9184b92c0ac0a2f333afb93480962461d0364d756cb356b12f	examples/specification/run/http2-protocol-core-flow-control-connection-human/case.toml#http2.peer_limit.flow_control_window_exceeded
stdout	case.toml:stdout:1157	df4e364d0a1357c0f7eb901446ba1d39646bdce806502f40fca8d29bf06af1b8	993080db9885ad1bdd438a39a4d6cfee8fa6b65b0f3dd594da0a0dc3a7b3815e	crates/veln-stdlib/veln/http2/core_test.veln#test local_settings_send_preserves_order_policy_offsets_and_ack_fifo(
stdout	case.toml:stdout:1158	601220b4eb22d2e74fe6053ab0cdac815875198982222c16f344044f45fd915e	e3fd7bcb4f295de2d9ef373d0a3f032f2c2c0452205731daea5516803cf5d24c	crates/veln-stdlib/veln/http2/core_test.veln#test peer_stream_admission_rejects_non_increasing_stream_ids_without_next_state(
stdout	case.toml:stdout:1159	5bc01600c44d03831a94f7cba65608562d92b0b5daeb12a73ba3ee22c5834f31	e3fd7bcb4f295de2d9ef373d0a3f032f2c2c0452205731daea5516803cf5d24c	crates/veln-stdlib/veln/http2/core_test.veln#test peer_stream_admission_rejects_non_increasing_stream_ids_without_next_state(
stdout	case.toml:stdout:1160	1982ee547976fc5674224e447b19c012544f6f1c2d0e18bd3a31e6aeb02340ae	e3fd7bcb4f295de2d9ef373d0a3f032f2c2c0452205731daea5516803cf5d24c	crates/veln-stdlib/veln/http2/core_test.veln#test peer_stream_admission_rejects_non_increasing_stream_ids_without_next_state(
stdout	case.toml:stdout:1161	afafb8c24dabd066f544194ef8ad526d01a51cf8b46c581e2d2a20879d4f2240	b1fa1d099d16603c832490d45874c3627ffb479b5120d41a8667b4c7bf9cee90	crates/veln-stdlib/veln/http2/core_test.veln#test output_buffer_preserves_successful_send_order(
stdout	case.toml:stdout:1162	704c8bbab989bb4a3135b4090f4e7e673bbffb7611a9010aaac9989b5cc0ee33	c9cdc2a6ac32b5b594efce5d43c3e1ce111e2526f8c76208d94dbb009754e7da	crates/veln-stdlib/veln/http2/core_test.veln#test outbound_request_headers_send_emits_hpack_bytes_and_creates_stream(
stdout	case.toml:stdout:1163	7c8fbb9d07dbe0d774aa2a370621726f07a0ca676d369e2f5b5c63ba838a011c	993080db9885ad1bdd438a39a4d6cfee8fa6b65b0f3dd594da0a0dc3a7b3815e	crates/veln-stdlib/veln/http2/core_test.veln#test local_settings_send_preserves_order_policy_offsets_and_ack_fifo(
stdout	case.toml:stdout:1164	e42fcb2a8c789eabca1a9f13992f9c241e6d790c46dd052a788abb8d84efa63f	993080db9885ad1bdd438a39a4d6cfee8fa6b65b0f3dd594da0a0dc3a7b3815e	crates/veln-stdlib/veln/http2/core_test.veln#test local_settings_send_preserves_order_policy_offsets_and_ack_fifo(
stdout	case.toml:stdout:1165	aef664d14c5b657ffc6217c90d684004ab0e0544e1b77cf903b34cca383473d7	c9cdc2a6ac32b5b594efce5d43c3e1ce111e2526f8c76208d94dbb009754e7da	crates/veln-stdlib/veln/http2/core_test.veln#test outbound_request_headers_send_emits_hpack_bytes_and_creates_stream(
stdout	case.toml:stdout:1166	d35bf7bf85864ea964e751335dfa5d5ff65d85f1c7c91edcad3f28eec7dc1af2	828fd5354b878d0f8400b13fce70511aa6096a289f4c142e2ff508fb089eb0c6	crates/veln-stdlib/veln/http2/core_test.veln#test outbound_data_send_emits_exact_bytes_and_updates_stream_state(
stdout	case.toml:stdout:1167	33827f89a952457feff2226459c1911701d68067913827673e133436f7c73000	828fd5354b878d0f8400b13fce70511aa6096a289f4c142e2ff508fb089eb0c6	crates/veln-stdlib/veln/http2/core_test.veln#test outbound_data_send_emits_exact_bytes_and_updates_stream_state(
stdout	case.toml:stdout:1168	3953a39dfe5d5904101c34f92cddb0e9c9fe3d7f610ebe7c33f5bbd8152d625c	828fd5354b878d0f8400b13fce70511aa6096a289f4c142e2ff508fb089eb0c6	crates/veln-stdlib/veln/http2/core_test.veln#test outbound_data_send_emits_exact_bytes_and_updates_stream_state(
stdout	case.toml:stdout:1169	682b759775e98caf0d5b9ba39b26a77065eae0ed71e91de979d1c5bccea61038	c9cdc2a6ac32b5b594efce5d43c3e1ce111e2526f8c76208d94dbb009754e7da	crates/veln-stdlib/veln/http2/core_test.veln#test outbound_request_headers_send_emits_hpack_bytes_and_creates_stream(
stdout	case.toml:stdout:1170	34c25ba1815e3feece846d7b1e7746e3721ee6d596964f7f826b0985fdd1cdfb	828fd5354b878d0f8400b13fce70511aa6096a289f4c142e2ff508fb089eb0c6	crates/veln-stdlib/veln/http2/core_test.veln#test outbound_data_send_emits_exact_bytes_and_updates_stream_state(
stdout	case.toml:stdout:1171	deb18042c99717fbfc18c2ad768edc95912cd2eecb249cbd1a3c5a54383e92d4	828fd5354b878d0f8400b13fce70511aa6096a289f4c142e2ff508fb089eb0c6	crates/veln-stdlib/veln/http2/core_test.veln#test outbound_data_send_emits_exact_bytes_and_updates_stream_state(
stdout	case.toml:stdout:1172	095ea176ff510ca2a063eb3ae40713349af07eef94b72742a717cbc4e6970d8f	828fd5354b878d0f8400b13fce70511aa6096a289f4c142e2ff508fb089eb0c6	crates/veln-stdlib/veln/http2/core_test.veln#test outbound_data_send_emits_exact_bytes_and_updates_stream_state(
stdout	case.toml:stdout:1173	9ef9cca8f1eb588b8e2fab6ed3c467bd41192bfdd27adbdd6368e31f74550ca9	828fd5354b878d0f8400b13fce70511aa6096a289f4c142e2ff508fb089eb0c6	crates/veln-stdlib/veln/http2/core_test.veln#test outbound_data_send_emits_exact_bytes_and_updates_stream_state(
stdout	case.toml:stdout:1174	068062740801db5ddf9a514b9bb8dfa2255f143a7c370d1885276870bdc62507	828fd5354b878d0f8400b13fce70511aa6096a289f4c142e2ff508fb089eb0c6	crates/veln-stdlib/veln/http2/core_test.veln#test outbound_data_send_emits_exact_bytes_and_updates_stream_state(
stdout	case.toml:stdout:1175	86e6078d266f415278a910f931f0cbd8f40d4777af7fc37698a7f2eadd36fb96	828fd5354b878d0f8400b13fce70511aa6096a289f4c142e2ff508fb089eb0c6	crates/veln-stdlib/veln/http2/core_test.veln#test outbound_data_send_emits_exact_bytes_and_updates_stream_state(
stdout	case.toml:stdout:1176	854e6f4a36564ddb944dd44e2e2ff0709c69685dc1cab38aa4bec84df79e3aa8	c9cdc2a6ac32b5b594efce5d43c3e1ce111e2526f8c76208d94dbb009754e7da	crates/veln-stdlib/veln/http2/core_test.veln#test outbound_request_headers_send_emits_hpack_bytes_and_creates_stream(
stdout	case.toml:stdout:1177	ae4fd1d0c7e40e735eabc043d535fcc2e292721ebfc30f930fc3582a4f09c209	828fd5354b878d0f8400b13fce70511aa6096a289f4c142e2ff508fb089eb0c6	crates/veln-stdlib/veln/http2/core_test.veln#test outbound_data_send_emits_exact_bytes_and_updates_stream_state(
stdout	case.toml:stdout:1178	f8bc40dc767ab20840fc186ebf0c6b2c3fcbf4f5dc0b8c53cc39473d719de647	828fd5354b878d0f8400b13fce70511aa6096a289f4c142e2ff508fb089eb0c6	crates/veln-stdlib/veln/http2/core_test.veln#test outbound_data_send_emits_exact_bytes_and_updates_stream_state(
stdout	case.toml:stdout:1179	b400576612200f5209cd3b99a411ab4d6321a77c4dffeac8829dae21b35dfa6d	828fd5354b878d0f8400b13fce70511aa6096a289f4c142e2ff508fb089eb0c6	crates/veln-stdlib/veln/http2/core_test.veln#test outbound_data_send_emits_exact_bytes_and_updates_stream_state(
stdout	case.toml:stdout:1180	78ff97d5c7027b86160639a4a1494fefcb7b124e787eab7cc0cfad0a693839b9	828fd5354b878d0f8400b13fce70511aa6096a289f4c142e2ff508fb089eb0c6	crates/veln-stdlib/veln/http2/core_test.veln#test outbound_data_send_emits_exact_bytes_and_updates_stream_state(
stdout	case.toml:stdout:1181	bbcf903ab3f2c0b1ea499b4d54068f6513623ab4f63d3b6c6a1b6a127a5cd66f	828fd5354b878d0f8400b13fce70511aa6096a289f4c142e2ff508fb089eb0c6	crates/veln-stdlib/veln/http2/core_test.veln#test outbound_data_send_emits_exact_bytes_and_updates_stream_state(
stdout	case.toml:stdout:1182	21cfd245bddb56b1320f6f5b14718852f593df958fcb93b3e62e59c4a4da423b	b91cb6e7b78e148d982c09347d9cfcea5de55325a8dc639555b8810d757f4e07	examples/specification/run/http2-core-outbound-data-flow/case.toml#http2.protocol.content_length_mismatch
stdout	case.toml:stdout:1183	b588e421a2df12b852e469353fbeeb0885ff19f3e2ec7d48dc6f4cf34f4b5dbc	828fd5354b878d0f8400b13fce70511aa6096a289f4c142e2ff508fb089eb0c6	crates/veln-stdlib/veln/http2/core_test.veln#test outbound_data_send_emits_exact_bytes_and_updates_stream_state(
stdout	case.toml:stdout:1184	c31d343d68a36aef1f25770e3637fb06d1f437650d24f6a2d72c93c3a59d5b06	828fd5354b878d0f8400b13fce70511aa6096a289f4c142e2ff508fb089eb0c6	crates/veln-stdlib/veln/http2/core_test.veln#test outbound_data_send_emits_exact_bytes_and_updates_stream_state(
stdout	case.toml:stdout:1185	06802cf9505c43b78302b4a007074ff1f2b0dc7cf926daf70633e223fa875607	b91cb6e7b78e148d982c09347d9cfcea5de55325a8dc639555b8810d757f4e07	examples/specification/run/http2-core-outbound-data-flow/case.toml#http2.protocol.content_length_mismatch
stdout	case.toml:stdout:1186	8b5fc4d7ee542dd3f7118a42b368b178fc531fe47cfbc3490376ab96b58a8d6f	828fd5354b878d0f8400b13fce70511aa6096a289f4c142e2ff508fb089eb0c6	crates/veln-stdlib/veln/http2/core_test.veln#test outbound_data_send_emits_exact_bytes_and_updates_stream_state(
stdout	case.toml:stdout:1187	a3123947f43a1dde3c2991cb1eadf07819ed02e5fab529d0abb23428a2034d4f	828fd5354b878d0f8400b13fce70511aa6096a289f4c142e2ff508fb089eb0c6	crates/veln-stdlib/veln/http2/core_test.veln#test outbound_data_send_emits_exact_bytes_and_updates_stream_state(
stdout	case.toml:stdout:1188	2bf65e3e7c5ddf2d852a915de2d95f2df53062801e03742a33803e8ac967e65e	828fd5354b878d0f8400b13fce70511aa6096a289f4c142e2ff508fb089eb0c6	crates/veln-stdlib/veln/http2/core_test.veln#test outbound_data_send_emits_exact_bytes_and_updates_stream_state(
stdout	case.toml:stdout:1189	a59079e3e9c66f00581db50d7ede4b0cbef9e8873fa7fe00c5fd7649e08a11f8	828fd5354b878d0f8400b13fce70511aa6096a289f4c142e2ff508fb089eb0c6	crates/veln-stdlib/veln/http2/core_test.veln#test outbound_data_send_emits_exact_bytes_and_updates_stream_state(
stdout	case.toml:stdout:1190	b7b9d77e26b3069481adc1c836e09507613bbcc9f4d056c26874aaf16c174c90	828fd5354b878d0f8400b13fce70511aa6096a289f4c142e2ff508fb089eb0c6	crates/veln-stdlib/veln/http2/core_test.veln#test outbound_data_send_emits_exact_bytes_and_updates_stream_state(
stdout	case.toml:stdout:1191	ea0dac5da1099dcd86c8b7d8a9d866f5138af680e91a22b7c40330c5406912b8	828fd5354b878d0f8400b13fce70511aa6096a289f4c142e2ff508fb089eb0c6	crates/veln-stdlib/veln/http2/core_test.veln#test outbound_data_send_emits_exact_bytes_and_updates_stream_state(
stdout	case.toml:stdout:1192	d5999d4f3eb52d3302eca42cc2560bd8486d98dc84c285a66c7f86e2ee7e0bd5	828fd5354b878d0f8400b13fce70511aa6096a289f4c142e2ff508fb089eb0c6	crates/veln-stdlib/veln/http2/core_test.veln#test outbound_data_send_emits_exact_bytes_and_updates_stream_state(
stdout	case.toml:stdout:1193	f5752f73af34cc95c0d2625f2b81eba0e03b711708e7ea3a1b2dca82297837d1	828fd5354b878d0f8400b13fce70511aa6096a289f4c142e2ff508fb089eb0c6	crates/veln-stdlib/veln/http2/core_test.veln#test outbound_data_send_emits_exact_bytes_and_updates_stream_state(
stdout	case.toml:stdout:1194	fb2d4004a38a998fa050a44c5038d56ac0d7a73d73a32d3a0fb57e856531faa6	828fd5354b878d0f8400b13fce70511aa6096a289f4c142e2ff508fb089eb0c6	crates/veln-stdlib/veln/http2/core_test.veln#test outbound_data_send_emits_exact_bytes_and_updates_stream_state(
stdout	case.toml:stdout:1195	cdf621925bd7864578d473bc3fd2e89f7d5dd779be17b1342218802f560eec3f	828fd5354b878d0f8400b13fce70511aa6096a289f4c142e2ff508fb089eb0c6	crates/veln-stdlib/veln/http2/core_test.veln#test outbound_data_send_emits_exact_bytes_and_updates_stream_state(
stdout	case.toml:stdout:1196	7a5db017ff322c77c9fa175592c7bf8a46d25a2f68ea962a576c8856e42a1c0b	828fd5354b878d0f8400b13fce70511aa6096a289f4c142e2ff508fb089eb0c6	crates/veln-stdlib/veln/http2/core_test.veln#test outbound_data_send_emits_exact_bytes_and_updates_stream_state(
stdout	case.toml:stdout:1197	e1b574d3a9d0fe9d4aa921ddd9f1aafb5ef7e8e30b8fc9e1e2248be813317beb	828fd5354b878d0f8400b13fce70511aa6096a289f4c142e2ff508fb089eb0c6	crates/veln-stdlib/veln/http2/core_test.veln#test outbound_data_send_emits_exact_bytes_and_updates_stream_state(
stdout	case.toml:stdout:1198	d1b2002e1b57f8bade853edc8cf1f221798c1563779aeeb796d16a2d606a5831	828fd5354b878d0f8400b13fce70511aa6096a289f4c142e2ff508fb089eb0c6	crates/veln-stdlib/veln/http2/core_test.veln#test outbound_data_send_emits_exact_bytes_and_updates_stream_state(
stdout	case.toml:stdout:1199	efd5dbe2cc12ccc08208070dcf01544b06a866282703ea7ff71f833363ed1581	828fd5354b878d0f8400b13fce70511aa6096a289f4c142e2ff508fb089eb0c6	crates/veln-stdlib/veln/http2/core_test.veln#test outbound_data_send_emits_exact_bytes_and_updates_stream_state(
stdout	case.toml:stdout:1200	df984d1874af26b24c8efb27142b2c9b80146ae5a274c9ca4747adba732f7599	828fd5354b878d0f8400b13fce70511aa6096a289f4c142e2ff508fb089eb0c6	crates/veln-stdlib/veln/http2/core_test.veln#test outbound_data_send_emits_exact_bytes_and_updates_stream_state(
stdout	case.toml:stdout:1201	5f4cc7e3277d7c60f3ded78bc97c195b077aec3cb81c5f1468b8628398740ff0	828fd5354b878d0f8400b13fce70511aa6096a289f4c142e2ff508fb089eb0c6	crates/veln-stdlib/veln/http2/core_test.veln#test outbound_data_send_emits_exact_bytes_and_updates_stream_state(
stdout	case.toml:stdout:1202	8d0118c91317b053fb96862f7542882098e946e71979594b8ce005add86453e0	828fd5354b878d0f8400b13fce70511aa6096a289f4c142e2ff508fb089eb0c6	crates/veln-stdlib/veln/http2/core_test.veln#test outbound_data_send_emits_exact_bytes_and_updates_stream_state(
stdout	case.toml:stdout:1203	ad757c760606b7ab9c812e9c456a3df5042c0688544b8b830ab69af5faf2e445	828fd5354b878d0f8400b13fce70511aa6096a289f4c142e2ff508fb089eb0c6	crates/veln-stdlib/veln/http2/core_test.veln#test outbound_data_send_emits_exact_bytes_and_updates_stream_state(
stdout	case.toml:stdout:1204	33e48ef7ce41ed15c0399511cc08489c5a8cb64f0f9dac81302ba71e85632de3	828fd5354b878d0f8400b13fce70511aa6096a289f4c142e2ff508fb089eb0c6	crates/veln-stdlib/veln/http2/core_test.veln#test outbound_data_send_emits_exact_bytes_and_updates_stream_state(
stdout	case.toml:stdout:1205	a9e65f85f1eec98ffb9aa2969300243d7725153b5b60dcfedfbca75d4d6b23aa	828fd5354b878d0f8400b13fce70511aa6096a289f4c142e2ff508fb089eb0c6	crates/veln-stdlib/veln/http2/core_test.veln#test outbound_data_send_emits_exact_bytes_and_updates_stream_state(
stdout	case.toml:stdout:1206	08877f746fb3f1e2596fe4d0fcbc2c4e4b57e4ee5b70476ed7ea2996dd0e5834	828fd5354b878d0f8400b13fce70511aa6096a289f4c142e2ff508fb089eb0c6	crates/veln-stdlib/veln/http2/core_test.veln#test outbound_data_send_emits_exact_bytes_and_updates_stream_state(
stdout	case.toml:stdout:1207	3fa7ed20b2dd8043e2250cf59e1a5f23bb1f52341fdd954f0f9424b6a3babece	828fd5354b878d0f8400b13fce70511aa6096a289f4c142e2ff508fb089eb0c6	crates/veln-stdlib/veln/http2/core_test.veln#test outbound_data_send_emits_exact_bytes_and_updates_stream_state(
stdout	case.toml:stdout:1208	e7737d658808ed5008383a7f706d4e571c5d1fd8ef018faf357a9fee38fdcaf1	828fd5354b878d0f8400b13fce70511aa6096a289f4c142e2ff508fb089eb0c6	crates/veln-stdlib/veln/http2/core_test.veln#test outbound_data_send_emits_exact_bytes_and_updates_stream_state(
stdout	case.toml:stdout:1209	022f2a89d222cc72a0c92e571496331ab57085847b9bf7c1a8f3f2ef05b86c55	828fd5354b878d0f8400b13fce70511aa6096a289f4c142e2ff508fb089eb0c6	crates/veln-stdlib/veln/http2/core_test.veln#test outbound_data_send_emits_exact_bytes_and_updates_stream_state(
stdout	case.toml:stdout:1210	6c8a1f97713842245e1a396b062024a5b3853f3868d3d873b603b290770a46ef	828fd5354b878d0f8400b13fce70511aa6096a289f4c142e2ff508fb089eb0c6	crates/veln-stdlib/veln/http2/core_test.veln#test outbound_data_send_emits_exact_bytes_and_updates_stream_state(
stdout	case.toml:stdout:1211	9b9be0cb46a6332eae49cbe32d9d8ca441cfe490b6a23479dbae001675a242d0	828fd5354b878d0f8400b13fce70511aa6096a289f4c142e2ff508fb089eb0c6	crates/veln-stdlib/veln/http2/core_test.veln#test outbound_data_send_emits_exact_bytes_and_updates_stream_state(
stdout	case.toml:stdout:1212	a1535e66b1894a46184234727e69dd4cccfbaa531361ae2c2763b22799928b1c	828fd5354b878d0f8400b13fce70511aa6096a289f4c142e2ff508fb089eb0c6	crates/veln-stdlib/veln/http2/core_test.veln#test outbound_data_send_emits_exact_bytes_and_updates_stream_state(
stdout	case.toml:stdout:1213	c24e4c298ecb61ccbceedddf35ec02033c6eafabd396e661547bff19e5766c05	828fd5354b878d0f8400b13fce70511aa6096a289f4c142e2ff508fb089eb0c6	crates/veln-stdlib/veln/http2/core_test.veln#test outbound_data_send_emits_exact_bytes_and_updates_stream_state(
stdout	case.toml:stdout:1214	433346b62cb1287c4815f1adfdf0bdd5627ec86498cb4373add793b84f026071	828fd5354b878d0f8400b13fce70511aa6096a289f4c142e2ff508fb089eb0c6	crates/veln-stdlib/veln/http2/core_test.veln#test outbound_data_send_emits_exact_bytes_and_updates_stream_state(
stdout	case.toml:stdout:1215	b1aa1865146b5b895c92db44af92ba90daade4ec9fc5efa61cbc192b86d72b26	828fd5354b878d0f8400b13fce70511aa6096a289f4c142e2ff508fb089eb0c6	crates/veln-stdlib/veln/http2/core_test.veln#test outbound_data_send_emits_exact_bytes_and_updates_stream_state(
stdout	case.toml:stdout:1216	d7250ab095f34139ad5f4229dc6921d0181bfc181f0e89e39ed9bb3744c55749	e3fd7bcb4f295de2d9ef373d0a3f032f2c2c0452205731daea5516803cf5d24c	crates/veln-stdlib/veln/http2/core_test.veln#test peer_stream_admission_rejects_non_increasing_stream_ids_without_next_state(
stdout	case.toml:stdout:1217	c245b4900bad963a0d82c0901afe12e34a8af223cc85a04773f76e985d37f1e2	e3fd7bcb4f295de2d9ef373d0a3f032f2c2c0452205731daea5516803cf5d24c	crates/veln-stdlib/veln/http2/core_test.veln#test peer_stream_admission_rejects_non_increasing_stream_ids_without_next_state(
stdout	case.toml:stdout:1218	455d789cbbc3a07f8c7f23267fe7b7f55891b265fc402a776939a085d6e53480	828fd5354b878d0f8400b13fce70511aa6096a289f4c142e2ff508fb089eb0c6	crates/veln-stdlib/veln/http2/core_test.veln#test outbound_data_send_emits_exact_bytes_and_updates_stream_state(
stdout	case.toml:stdout:1219	f1683336902a684e8a307678dca8c72ecd39fbe7b968c794df42649c2be99c15	828fd5354b878d0f8400b13fce70511aa6096a289f4c142e2ff508fb089eb0c6	crates/veln-stdlib/veln/http2/core_test.veln#test outbound_data_send_emits_exact_bytes_and_updates_stream_state(
stdout	case.toml:stdout:1220	7bcb88ae542e81f0a6e1ac53733edb22c813fef3b216337ae9fd778985489efa	828fd5354b878d0f8400b13fce70511aa6096a289f4c142e2ff508fb089eb0c6	crates/veln-stdlib/veln/http2/core_test.veln#test outbound_data_send_emits_exact_bytes_and_updates_stream_state(
stdout	case.toml:stdout:1221	0a902b9e9e4bda3f2498aac8d4239bbf8bf28b36dc3e01d0a6266199f7c31105	828fd5354b878d0f8400b13fce70511aa6096a289f4c142e2ff508fb089eb0c6	crates/veln-stdlib/veln/http2/core_test.veln#test outbound_data_send_emits_exact_bytes_and_updates_stream_state(
stdout	case.toml:stdout:1222	6d4b4f0ccf500125a82ae48cf2901eb44774d9f596d64d15e185df7abff8ce49	828fd5354b878d0f8400b13fce70511aa6096a289f4c142e2ff508fb089eb0c6	crates/veln-stdlib/veln/http2/core_test.veln#test outbound_data_send_emits_exact_bytes_and_updates_stream_state(
stdout	case.toml:stdout:1223	bc22e8094d8df09a89a783516e65f9ddd017dfa443b7aa8720c9e488c5e8bbc0	e3fd7bcb4f295de2d9ef373d0a3f032f2c2c0452205731daea5516803cf5d24c	crates/veln-stdlib/veln/http2/core_test.veln#test peer_stream_admission_rejects_non_increasing_stream_ids_without_next_state(
stdout	case.toml:stdout:1224	eefe42990cf0e87b32c9cd1cda60afed9e91d4b73bd9955d5b3a9befcab07649	e3fd7bcb4f295de2d9ef373d0a3f032f2c2c0452205731daea5516803cf5d24c	crates/veln-stdlib/veln/http2/core_test.veln#test peer_stream_admission_rejects_non_increasing_stream_ids_without_next_state(
stdout	case.toml:stdout:1225	041ca71df0a0b1d2e6fe8f36694526be81447fab611fc238d5bf68dbea7a39bb	828fd5354b878d0f8400b13fce70511aa6096a289f4c142e2ff508fb089eb0c6	crates/veln-stdlib/veln/http2/core_test.veln#test outbound_data_send_emits_exact_bytes_and_updates_stream_state(
stdout	case.toml:stdout:1226	d85a90a430901fc1f5eb5c622c4675492d3f62b6a12b0471a0ca452923b771b4	828fd5354b878d0f8400b13fce70511aa6096a289f4c142e2ff508fb089eb0c6	crates/veln-stdlib/veln/http2/core_test.veln#test outbound_data_send_emits_exact_bytes_and_updates_stream_state(
stdout	case.toml:stdout:1227	83d8223d34e858022ee028a542e1bbc66d5ef6fc9a25a189c3b6ce5f119aaf86	828fd5354b878d0f8400b13fce70511aa6096a289f4c142e2ff508fb089eb0c6	crates/veln-stdlib/veln/http2/core_test.veln#test outbound_data_send_emits_exact_bytes_and_updates_stream_state(
stdout	case.toml:stdout:1228	f0ffc0ab09fb7a64d3300528bf9b2015e10cae434ec8dd2ba10d7f61ccd6e8c4	828fd5354b878d0f8400b13fce70511aa6096a289f4c142e2ff508fb089eb0c6	crates/veln-stdlib/veln/http2/core_test.veln#test outbound_data_send_emits_exact_bytes_and_updates_stream_state(
stdout	case.toml:stdout:1229	ef59e10ccaeac2899fb6c129ed6f454b3b3519104a99c4a585a908cfc6e144da	828fd5354b878d0f8400b13fce70511aa6096a289f4c142e2ff508fb089eb0c6	crates/veln-stdlib/veln/http2/core_test.veln#test outbound_data_send_emits_exact_bytes_and_updates_stream_state(
stdout	case.toml:stdout:1230	f705a7cdbfaffe99e408ad6b257e91fb36f4dea2d3ab438961cd0293fd028c6f	828fd5354b878d0f8400b13fce70511aa6096a289f4c142e2ff508fb089eb0c6	crates/veln-stdlib/veln/http2/core_test.veln#test outbound_data_send_emits_exact_bytes_and_updates_stream_state(
stdout	case.toml:stdout:1231	0ab06eee64d57b773bc32c552875e0184fa170c520da77285770ec4f2a80687a	828fd5354b878d0f8400b13fce70511aa6096a289f4c142e2ff508fb089eb0c6	crates/veln-stdlib/veln/http2/core_test.veln#test outbound_data_send_emits_exact_bytes_and_updates_stream_state(
stdout	case.toml:stdout:1232	50d41855f13b43910ebb65f9c384e0f40d1c0d250a77374543e6628a0da447bf	c9cdc2a6ac32b5b594efce5d43c3e1ce111e2526f8c76208d94dbb009754e7da	crates/veln-stdlib/veln/http2/core_test.veln#test outbound_request_headers_send_emits_hpack_bytes_and_creates_stream(
stdout	case.toml:stdout:1233	601500cc958ae3f43e1cc9ed6bca523963a0e7292870a1f1341d7ba1bf0b4a97	828fd5354b878d0f8400b13fce70511aa6096a289f4c142e2ff508fb089eb0c6	crates/veln-stdlib/veln/http2/core_test.veln#test outbound_data_send_emits_exact_bytes_and_updates_stream_state(
stdout	case.toml:stdout:1234	75ee164ac768484521ab5f874691e252bb6c4eac7a7a595e48acfef852746058	828fd5354b878d0f8400b13fce70511aa6096a289f4c142e2ff508fb089eb0c6	crates/veln-stdlib/veln/http2/core_test.veln#test outbound_data_send_emits_exact_bytes_and_updates_stream_state(
stdout	case.toml:stdout:1235	4183027b6e4750f44071881a077ffa977d3a77dd25eead0436e6a964c1f6583c	828fd5354b878d0f8400b13fce70511aa6096a289f4c142e2ff508fb089eb0c6	crates/veln-stdlib/veln/http2/core_test.veln#test outbound_data_send_emits_exact_bytes_and_updates_stream_state(
stdout	case.toml:stdout:1236	0adc87328cc2b8a897a63a4a47f13fe5fd18108004b08cec9a19281ec8ab320d	828fd5354b878d0f8400b13fce70511aa6096a289f4c142e2ff508fb089eb0c6	crates/veln-stdlib/veln/http2/core_test.veln#test outbound_data_send_emits_exact_bytes_and_updates_stream_state(
stdout	case.toml:stdout:1237	ff81b7073940e2cef433f247bb4eea60f408d6b60017ad73dd5558fa054cc9bd	828fd5354b878d0f8400b13fce70511aa6096a289f4c142e2ff508fb089eb0c6	crates/veln-stdlib/veln/http2/core_test.veln#test outbound_data_send_emits_exact_bytes_and_updates_stream_state(
stdout	case.toml:stdout:1238	2f3e18e3511a271778516acf4addc6b7a9acdaeb107e14906733948d27cbdce9	828fd5354b878d0f8400b13fce70511aa6096a289f4c142e2ff508fb089eb0c6	crates/veln-stdlib/veln/http2/core_test.veln#test outbound_data_send_emits_exact_bytes_and_updates_stream_state(
stdout	case.toml:stdout:1239	ebe542eb0708b3cecb7dfda43ad03d5066214537fb4917e2121b04afe8af42aa	828fd5354b878d0f8400b13fce70511aa6096a289f4c142e2ff508fb089eb0c6	crates/veln-stdlib/veln/http2/core_test.veln#test outbound_data_send_emits_exact_bytes_and_updates_stream_state(
stdout	case.toml:stdout:1240	2d0b1dee51231a23eda69f3378aa076c54da4dd7c0103e9522b9f79b7d25bef6	828fd5354b878d0f8400b13fce70511aa6096a289f4c142e2ff508fb089eb0c6	crates/veln-stdlib/veln/http2/core_test.veln#test outbound_data_send_emits_exact_bytes_and_updates_stream_state(
stdout	case.toml:stdout:1241	ec5e0363a25587b28bbd964225b15d15cf9708df02fd08032838db36568ed02c	828fd5354b878d0f8400b13fce70511aa6096a289f4c142e2ff508fb089eb0c6	crates/veln-stdlib/veln/http2/core_test.veln#test outbound_data_send_emits_exact_bytes_and_updates_stream_state(
stdout	case.toml:stdout:1242	94b0bebe9e593bc9188949cbd02d34b5e721df88ef1e866e91b8a0b63b5d245e	c9cdc2a6ac32b5b594efce5d43c3e1ce111e2526f8c76208d94dbb009754e7da	crates/veln-stdlib/veln/http2/core_test.veln#test outbound_request_headers_send_emits_hpack_bytes_and_creates_stream(
stdout	case.toml:stdout:1243	316bff92027d5c8e375c292f7c3c2e0f039b64537e2a3f961432f88b3d9fdfbe	828fd5354b878d0f8400b13fce70511aa6096a289f4c142e2ff508fb089eb0c6	crates/veln-stdlib/veln/http2/core_test.veln#test outbound_data_send_emits_exact_bytes_and_updates_stream_state(
stdout	case.toml:stdout:1244	b12e27234ea8fdc9eff9890017e609c682a44fadfe8e1fa718db7a795a7de9b2	828fd5354b878d0f8400b13fce70511aa6096a289f4c142e2ff508fb089eb0c6	crates/veln-stdlib/veln/http2/core_test.veln#test outbound_data_send_emits_exact_bytes_and_updates_stream_state(
stdout	case.toml:stdout:1245	a978e1b85e318cba9dd403981d28b719edcd78dda0623d412b901d0ab02ba08e	828fd5354b878d0f8400b13fce70511aa6096a289f4c142e2ff508fb089eb0c6	crates/veln-stdlib/veln/http2/core_test.veln#test outbound_data_send_emits_exact_bytes_and_updates_stream_state(
stdout	case.toml:stdout:1246	29f420b2a4bd8bb30dcb8fe20a8a332b1e8df08351f226bdebb2554a7433f4e0	828fd5354b878d0f8400b13fce70511aa6096a289f4c142e2ff508fb089eb0c6	crates/veln-stdlib/veln/http2/core_test.veln#test outbound_data_send_emits_exact_bytes_and_updates_stream_state(
stdout	case.toml:stdout:1247	27032ab0f7bfe4fc2a701a0790c0084ca42e948e65ac3ed6960f3a9fe3ae1549	828fd5354b878d0f8400b13fce70511aa6096a289f4c142e2ff508fb089eb0c6	crates/veln-stdlib/veln/http2/core_test.veln#test outbound_data_send_emits_exact_bytes_and_updates_stream_state(
stdout	case.toml:stdout:1248	18185385500f003ca7225c5a401b36c8088de1ae61dd56622a993a2dc65dce40	828fd5354b878d0f8400b13fce70511aa6096a289f4c142e2ff508fb089eb0c6	crates/veln-stdlib/veln/http2/core_test.veln#test outbound_data_send_emits_exact_bytes_and_updates_stream_state(
stdout	case.toml:stdout:1249	d95585e3fc1790a0d92c3e341505920d41bcd60d456deac4888e2e3dd38bb1df	828fd5354b878d0f8400b13fce70511aa6096a289f4c142e2ff508fb089eb0c6	crates/veln-stdlib/veln/http2/core_test.veln#test outbound_data_send_emits_exact_bytes_and_updates_stream_state(
stdout	case.toml:stdout:1250	c8d2a58ca46d0afe3fd91e2bfc14e202279612fd67f66d86168555fe88fb56a3	e3fd7bcb4f295de2d9ef373d0a3f032f2c2c0452205731daea5516803cf5d24c	crates/veln-stdlib/veln/http2/core_test.veln#test peer_stream_admission_rejects_non_increasing_stream_ids_without_next_state(
stdout	case.toml:stdout:1251	9427dfba9548e04203183946427ca1d1f61efd917434e10bd09a919b23f48b99	e3fd7bcb4f295de2d9ef373d0a3f032f2c2c0452205731daea5516803cf5d24c	crates/veln-stdlib/veln/http2/core_test.veln#test peer_stream_admission_rejects_non_increasing_stream_ids_without_next_state(
stdout	case.toml:stdout:1252	38138e98ccc99fa1236fab2a640edf7e5e8bbc02001a1a45ab77267995795e51	828fd5354b878d0f8400b13fce70511aa6096a289f4c142e2ff508fb089eb0c6	crates/veln-stdlib/veln/http2/core_test.veln#test outbound_data_send_emits_exact_bytes_and_updates_stream_state(
stdout	case.toml:stdout:1253	435adc7a4f18af97c63cfda7456ae7964868ad6d04e499e6ea71ed169337d628	828fd5354b878d0f8400b13fce70511aa6096a289f4c142e2ff508fb089eb0c6	crates/veln-stdlib/veln/http2/core_test.veln#test outbound_data_send_emits_exact_bytes_and_updates_stream_state(
stdout	case.toml:stdout:1254	3c6ab2daeadbe39e15ac5527d3d02471171e2f0f5cbe718f02a1516101229938	e3fd7bcb4f295de2d9ef373d0a3f032f2c2c0452205731daea5516803cf5d24c	crates/veln-stdlib/veln/http2/core_test.veln#test peer_stream_admission_rejects_non_increasing_stream_ids_without_next_state(
stdout	case.toml:stdout:1255	6fc678a06adeeace57c2aa06acde688f32872eb6f0eef479a37ddbe6517bed10	828fd5354b878d0f8400b13fce70511aa6096a289f4c142e2ff508fb089eb0c6	crates/veln-stdlib/veln/http2/core_test.veln#test outbound_data_send_emits_exact_bytes_and_updates_stream_state(
stdout	case.toml:stdout:1256	27ec821fe68c3c69cbf9e7488a447b98da67d028216a4d728f8bb8e8ef892eb1	828fd5354b878d0f8400b13fce70511aa6096a289f4c142e2ff508fb089eb0c6	crates/veln-stdlib/veln/http2/core_test.veln#test outbound_data_send_emits_exact_bytes_and_updates_stream_state(
stdout	case.toml:stdout:1257	ff4f8e69678850881136f60e1e451a6d1bfe17c1248fbb3bd221b13da2729576	e3fd7bcb4f295de2d9ef373d0a3f032f2c2c0452205731daea5516803cf5d24c	crates/veln-stdlib/veln/http2/core_test.veln#test peer_stream_admission_rejects_non_increasing_stream_ids_without_next_state(
stdout	case.toml:stdout:1258	120a2951fc78bc578aad5fdcbce8b3a47aa587017d00166111835096c7cd937b	e3fd7bcb4f295de2d9ef373d0a3f032f2c2c0452205731daea5516803cf5d24c	crates/veln-stdlib/veln/http2/core_test.veln#test peer_stream_admission_rejects_non_increasing_stream_ids_without_next_state(
stdout	case.toml:stdout:1259	bced497af0ca227dd747151e1d35a42f3ad98092535d5386340c17e7b2458597	828fd5354b878d0f8400b13fce70511aa6096a289f4c142e2ff508fb089eb0c6	crates/veln-stdlib/veln/http2/core_test.veln#test outbound_data_send_emits_exact_bytes_and_updates_stream_state(
stdout	case.toml:stdout:1260	4bbdee91854f1bb3a66099fee158228800b580e1cae43de4c844306f0f0915d4	828fd5354b878d0f8400b13fce70511aa6096a289f4c142e2ff508fb089eb0c6	crates/veln-stdlib/veln/http2/core_test.veln#test outbound_data_send_emits_exact_bytes_and_updates_stream_state(
stdout	case.toml:stdout:1261	f2313f8b66a5f2c84cf21dc79be0ae0b1fe8f7e74988b2c77b4719d43a97c973	828fd5354b878d0f8400b13fce70511aa6096a289f4c142e2ff508fb089eb0c6	crates/veln-stdlib/veln/http2/core_test.veln#test outbound_data_send_emits_exact_bytes_and_updates_stream_state(
stdout	case.toml:stdout:1262	b3c66e5866d25cce598464afab2551f7a8afb95403a9d934d384eaa9a3b27764	6f0281bc7f27189bbed8bc4b29a0c3efd7236412ef25303ffdd5ad8ab562ff99	crates/veln-stdlib/veln/http2/core_test.veln#test header_list_validation_reports_response_and_trailer_failures(
stdout	case.toml:stdout:1263	1a4849b64ccb1cbd6646823f98b38e94ea275b652f7fcd51ccb14907429447b7	6f0281bc7f27189bbed8bc4b29a0c3efd7236412ef25303ffdd5ad8ab562ff99	crates/veln-stdlib/veln/http2/core_test.veln#test header_list_validation_reports_response_and_trailer_failures(
stdout	case.toml:stdout:1264	2481d617224b326edfa77cca163fac375946a33ab18866cb983ea0300dd3a86b	6f0281bc7f27189bbed8bc4b29a0c3efd7236412ef25303ffdd5ad8ab562ff99	crates/veln-stdlib/veln/http2/core_test.veln#test header_list_validation_reports_response_and_trailer_failures(
stdout	case.toml:stdout:1265	f71984c8974331bab521d3e15ac48cb9bc58c4a29cc1e57a059709a07bda8944	6f0281bc7f27189bbed8bc4b29a0c3efd7236412ef25303ffdd5ad8ab562ff99	crates/veln-stdlib/veln/http2/core_test.veln#test header_list_validation_reports_response_and_trailer_failures(
stdout	case.toml:stdout:1266	28b305d5f9ba7a9d95514ebc49ad914a68c8e832054ef87c6d85b0e47db06c40	828fd5354b878d0f8400b13fce70511aa6096a289f4c142e2ff508fb089eb0c6	crates/veln-stdlib/veln/http2/core_test.veln#test outbound_data_send_emits_exact_bytes_and_updates_stream_state(
stdout	case.toml:stdout:1267	b669ace6690abdef944784e5fcea15f31ef272f8ad52c2311460abb9637e1edf	828fd5354b878d0f8400b13fce70511aa6096a289f4c142e2ff508fb089eb0c6	crates/veln-stdlib/veln/http2/core_test.veln#test outbound_data_send_emits_exact_bytes_and_updates_stream_state(
stdout	case.toml:stdout:1268	5e45aab80636b5bc7cbe182e35a137b34b93179658655113f755df0c4ee0bd1b	6f0281bc7f27189bbed8bc4b29a0c3efd7236412ef25303ffdd5ad8ab562ff99	crates/veln-stdlib/veln/http2/core_test.veln#test header_list_validation_reports_response_and_trailer_failures(
stdout	case.toml:stdout:1269	dc12e852df80990bce94ca5fafa785ea429e6b891c0b7d28add64d422ec301c1	8cd2a00011264395aeb7030821b814db2df8741d64fa76817280b2caf479d989	examples/specification/run/http2-protocol-core-data-padding-human/case.toml#http2.protocol.invalid_data_padding
stdout	case.toml:stdout:1270	6e4039383e673f339c41205fd8305d361d929cc405b385c5f1b4bdf23320cfa2	dec13eee3e1cce9184b92c0ac0a2f333afb93480962461d0364d756cb356b12f	examples/specification/run/http2-protocol-core-flow-control-connection-human/case.toml#http2.peer_limit.flow_control_window_exceeded
stdout	case.toml:stdout:1271	bde1b8580c2b152a0d7741185e1f6d0f297c26e3d5ace943ee541e9f083c0977	dec13eee3e1cce9184b92c0ac0a2f333afb93480962461d0364d756cb356b12f	examples/specification/run/http2-protocol-core-flow-control-connection-human/case.toml#http2.peer_limit.flow_control_window_exceeded
stdout	case.toml:stdout:1272	81468c0276e96cf9a006fb5c56c828c97c613dd3df5235822c5c4853de1b2053	6f0281bc7f27189bbed8bc4b29a0c3efd7236412ef25303ffdd5ad8ab562ff99	crates/veln-stdlib/veln/http2/core_test.veln#test header_list_validation_reports_response_and_trailer_failures(
stdout	case.toml:stdout:1273	a7ce0ca547441c459360874c1a19e31ab37da5112ff3f3f946e487a8dfd277a6	6f0281bc7f27189bbed8bc4b29a0c3efd7236412ef25303ffdd5ad8ab562ff99	crates/veln-stdlib/veln/http2/core_test.veln#test header_list_validation_reports_response_and_trailer_failures(
stdout	case.toml:stdout:1274	69ed4e016ba3b62ae4f067ba287660d82bb1a5a9d7ac34a83de399c63121cd49	828fd5354b878d0f8400b13fce70511aa6096a289f4c142e2ff508fb089eb0c6	crates/veln-stdlib/veln/http2/core_test.veln#test outbound_data_send_emits_exact_bytes_and_updates_stream_state(
stdout	case.toml:stdout:1275	26433386e6f5a08cef7c7d0ac15d497e56733ef8c9c9670b86081ef601357ca0	828fd5354b878d0f8400b13fce70511aa6096a289f4c142e2ff508fb089eb0c6	crates/veln-stdlib/veln/http2/core_test.veln#test outbound_data_send_emits_exact_bytes_and_updates_stream_state(
stdout	case.toml:stdout:1276	ec04cbc10c5986938fd4165fe744f0580044d1908738bdfe13d374436be33237	828fd5354b878d0f8400b13fce70511aa6096a289f4c142e2ff508fb089eb0c6	crates/veln-stdlib/veln/http2/core_test.veln#test outbound_data_send_emits_exact_bytes_and_updates_stream_state(
stdout	case.toml:stdout:1277	a64f0341497a57733651d40fb666cc6819c28997d80752770faa09b039547d48	828fd5354b878d0f8400b13fce70511aa6096a289f4c142e2ff508fb089eb0c6	crates/veln-stdlib/veln/http2/core_test.veln#test outbound_data_send_emits_exact_bytes_and_updates_stream_state(
stdout	case.toml:stdout:1278	d7aac864140b7c0052103f4b440dec6bdfd679f6909b40ca2874d942251710f5	828fd5354b878d0f8400b13fce70511aa6096a289f4c142e2ff508fb089eb0c6	crates/veln-stdlib/veln/http2/core_test.veln#test outbound_data_send_emits_exact_bytes_and_updates_stream_state(
stdout	case.toml:stdout:1279	3515570d0fb52f04182a0d06d6a7d1aae7b6c0a16f4b78e347be94ce83fe6e16	c9cdc2a6ac32b5b594efce5d43c3e1ce111e2526f8c76208d94dbb009754e7da	crates/veln-stdlib/veln/http2/core_test.veln#test outbound_request_headers_send_emits_hpack_bytes_and_creates_stream(
stdout	case.toml:stdout:1280	04091ec8b39ae589b34344bcea9db799aa9df50c31eeb021293343746f68411a	828fd5354b878d0f8400b13fce70511aa6096a289f4c142e2ff508fb089eb0c6	crates/veln-stdlib/veln/http2/core_test.veln#test outbound_data_send_emits_exact_bytes_and_updates_stream_state(
stdout	case.toml:stdout:1281	12e2ffecee586e7f0783d8868820a40e861f38dbd8a20ce3a2b830a361afa22c	828fd5354b878d0f8400b13fce70511aa6096a289f4c142e2ff508fb089eb0c6	crates/veln-stdlib/veln/http2/core_test.veln#test outbound_data_send_emits_exact_bytes_and_updates_stream_state(
stdout	case.toml:stdout:1282	cd7d33728d633fbe506ba80be76c973448c215c11c85be0ab3e686ec62e6185a	828fd5354b878d0f8400b13fce70511aa6096a289f4c142e2ff508fb089eb0c6	crates/veln-stdlib/veln/http2/core_test.veln#test outbound_data_send_emits_exact_bytes_and_updates_stream_state(
stdout	case.toml:stdout:1283	3ef0136f1b421d345aff1a7c31d8f6888909acd28c77d493c1a6a1d4e231b53d	828fd5354b878d0f8400b13fce70511aa6096a289f4c142e2ff508fb089eb0c6	crates/veln-stdlib/veln/http2/core_test.veln#test outbound_data_send_emits_exact_bytes_and_updates_stream_state(
stdout	case.toml:stdout:1284	1d1162b4de1c44d5b1d47261c8e1b3ce12c4610f1901a0112e9d9caecc550542	828fd5354b878d0f8400b13fce70511aa6096a289f4c142e2ff508fb089eb0c6	crates/veln-stdlib/veln/http2/core_test.veln#test outbound_data_send_emits_exact_bytes_and_updates_stream_state(
stdout	case.toml:stdout:1285	e553f4271c57aee9c5a89813c6703dffa30c08de07b62750e72e86f1c3aba0ca	828fd5354b878d0f8400b13fce70511aa6096a289f4c142e2ff508fb089eb0c6	crates/veln-stdlib/veln/http2/core_test.veln#test outbound_data_send_emits_exact_bytes_and_updates_stream_state(
stdout	case.toml:stdout:1286	8441e1e16fcc35862d8b74eca7f0cec53e998d25a7ea41dfdb58bf25bfc8ac43	2f337f86d32c4c67bb06fec21650e83e36cdb396d194467a47c366a817025353	examples/specification/run/http2-core-connection-shutdown/case.toml#http2.protocol.stream_after_goaway
stdout	case.toml:stdout:1287	1f1d33d08a4493471407281b4b5cb0bf733581e7e99f3404f6adec7df7e26893	828fd5354b878d0f8400b13fce70511aa6096a289f4c142e2ff508fb089eb0c6	crates/veln-stdlib/veln/http2/core_test.veln#test outbound_data_send_emits_exact_bytes_and_updates_stream_state(
stdout	case.toml:stdout:1288	dc603d673ec046a64354b33b8bf5e735b87b98d53161d83b77c0798ea3e929f0	828fd5354b878d0f8400b13fce70511aa6096a289f4c142e2ff508fb089eb0c6	crates/veln-stdlib/veln/http2/core_test.veln#test outbound_data_send_emits_exact_bytes_and_updates_stream_state(
stdout	case.toml:stdout:1289	51d40970b92f3bcaff87dc669fd8a00337ee72b556e5a419f2a57a5b5b169f70	828fd5354b878d0f8400b13fce70511aa6096a289f4c142e2ff508fb089eb0c6	crates/veln-stdlib/veln/http2/core_test.veln#test outbound_data_send_emits_exact_bytes_and_updates_stream_state(
stdout	case.toml:stdout:1290	ac6a77821a222810f0dffb3eb81b6901c4fb854c66e5a81c2c639841dce510e3	828fd5354b878d0f8400b13fce70511aa6096a289f4c142e2ff508fb089eb0c6	crates/veln-stdlib/veln/http2/core_test.veln#test outbound_data_send_emits_exact_bytes_and_updates_stream_state(
stdout	case.toml:stdout:1291	5465fdbd7aed3d79070e07bd5876dc9e2ea0c751abdeae04b56547587926b30e	828fd5354b878d0f8400b13fce70511aa6096a289f4c142e2ff508fb089eb0c6	crates/veln-stdlib/veln/http2/core_test.veln#test outbound_data_send_emits_exact_bytes_and_updates_stream_state(
stdout	case.toml:stdout:1292	1af5bd0ab10b1fc8be98897e6425099fdc0dd9580b2437bc94e4873a2a231443	2f337f86d32c4c67bb06fec21650e83e36cdb396d194467a47c366a817025353	examples/specification/run/http2-core-connection-shutdown/case.toml#http2.protocol.stream_after_goaway
stdout	case.toml:stdout:1293	2923cb2fc1f4a75c7c1b7d91362f7422e9038dfd647a3309ea868da38321fb8e	828fd5354b878d0f8400b13fce70511aa6096a289f4c142e2ff508fb089eb0c6	crates/veln-stdlib/veln/http2/core_test.veln#test outbound_data_send_emits_exact_bytes_and_updates_stream_state(
stdout	case.toml:stdout:1294	5472d83d59dcf6119e229423b521847951ec32b66cf6e6005e6bdd7595db31dd	828fd5354b878d0f8400b13fce70511aa6096a289f4c142e2ff508fb089eb0c6	crates/veln-stdlib/veln/http2/core_test.veln#test outbound_data_send_emits_exact_bytes_and_updates_stream_state(
stdout	case.toml:stdout:1295	cc9148d999650abb0856619d8365b56b61b6de43e1ebd47116fd846d8204e0e5	dbb50bad61e0c8e9a2f82925c5277ba80cf150a4e2ca1480b245ccb98344434c	crates/veln-stdlib/veln/http2/core_test.veln#test outbound_window_update_send_emits_exact_bytes_and_refills_receive_credit(
stdout	case.toml:stdout:1296	6e984d95a3e55ee809d0442b916ff72198b57bccf0f1559b95dc98ccc4702909	dbb50bad61e0c8e9a2f82925c5277ba80cf150a4e2ca1480b245ccb98344434c	crates/veln-stdlib/veln/http2/core_test.veln#test outbound_window_update_send_emits_exact_bytes_and_refills_receive_credit(
stdout	case.toml:stdout:1297	484caf9cd426bc4a46c883facc4a29cb39a9add18e860912277a58f845d6c66a	828fd5354b878d0f8400b13fce70511aa6096a289f4c142e2ff508fb089eb0c6	crates/veln-stdlib/veln/http2/core_test.veln#test outbound_data_send_emits_exact_bytes_and_updates_stream_state(
stdout	case.toml:stdout:1298	99645bbaecc34bd2b31f0b3f0d2c30cabd0bf245cd8df4f957d704fe402960c0	dbb50bad61e0c8e9a2f82925c5277ba80cf150a4e2ca1480b245ccb98344434c	crates/veln-stdlib/veln/http2/core_test.veln#test outbound_window_update_send_emits_exact_bytes_and_refills_receive_credit(
stdout	case.toml:stdout:1299	f73b014f630f209503477bd9b9638a606a715b7be7a12b306f490ca68f67dd45	dbb50bad61e0c8e9a2f82925c5277ba80cf150a4e2ca1480b245ccb98344434c	crates/veln-stdlib/veln/http2/core_test.veln#test outbound_window_update_send_emits_exact_bytes_and_refills_receive_credit(
stdout	case.toml:stdout:1300	eb2e35770fac948f8c3858243c16cad6c8c6ef4673d2bf7d54935dcdda0ca9b3	828fd5354b878d0f8400b13fce70511aa6096a289f4c142e2ff508fb089eb0c6	crates/veln-stdlib/veln/http2/core_test.veln#test outbound_data_send_emits_exact_bytes_and_updates_stream_state(
stdout	case.toml:stdout:1301	6e9ccdd4f9fa7074f9fef3abbe592297ee5005325b358d30c37de5d7df1b02a9	828fd5354b878d0f8400b13fce70511aa6096a289f4c142e2ff508fb089eb0c6	crates/veln-stdlib/veln/http2/core_test.veln#test outbound_data_send_emits_exact_bytes_and_updates_stream_state(
stdout	case.toml:stdout:1302	58ed84730a6d5531ce04b47a5a57f0915bee84b18a26634e3ff18ae00e01107c	828fd5354b878d0f8400b13fce70511aa6096a289f4c142e2ff508fb089eb0c6	crates/veln-stdlib/veln/http2/core_test.veln#test outbound_data_send_emits_exact_bytes_and_updates_stream_state(
stdout	case.toml:stdout:1303	80ac90c42c5c02825b8907c4fdea1c662c4fa5cc85f3d2b44c23123c4bda41c2	828fd5354b878d0f8400b13fce70511aa6096a289f4c142e2ff508fb089eb0c6	crates/veln-stdlib/veln/http2/core_test.veln#test outbound_data_send_emits_exact_bytes_and_updates_stream_state(
stdout	case.toml:stdout:1304	94d715bfc57f6acaf96d1861d3c35810fcce65d0de8c4574d4ffd23dce1f7b78	828fd5354b878d0f8400b13fce70511aa6096a289f4c142e2ff508fb089eb0c6	crates/veln-stdlib/veln/http2/core_test.veln#test outbound_data_send_emits_exact_bytes_and_updates_stream_state(
stdout	case.toml:stdout:1305	cc263c1d3af926428d523f643e4458575e4da9fab4ff919f9c1205d32b38a9ae	828fd5354b878d0f8400b13fce70511aa6096a289f4c142e2ff508fb089eb0c6	crates/veln-stdlib/veln/http2/core_test.veln#test outbound_data_send_emits_exact_bytes_and_updates_stream_state(
stdout	case.toml:stdout:1306	c9634088a1580595e38cf8b9f692eacc943815d8f80ed13075a399595d430633	c9cdc2a6ac32b5b594efce5d43c3e1ce111e2526f8c76208d94dbb009754e7da	crates/veln-stdlib/veln/http2/core_test.veln#test outbound_request_headers_send_emits_hpack_bytes_and_creates_stream(
stdout	case.toml:stdout:1307	0c6082f58383b3d5a1221e350838217e1d48ba25de3e38b6887e37ca93b785ce	828fd5354b878d0f8400b13fce70511aa6096a289f4c142e2ff508fb089eb0c6	crates/veln-stdlib/veln/http2/core_test.veln#test outbound_data_send_emits_exact_bytes_and_updates_stream_state(
stdout	case.toml:stdout:1308	61132873d4f2de9b222028207346be942a541e19e3c8921125b9b44fd8789ed6	828fd5354b878d0f8400b13fce70511aa6096a289f4c142e2ff508fb089eb0c6	crates/veln-stdlib/veln/http2/core_test.veln#test outbound_data_send_emits_exact_bytes_and_updates_stream_state(
stdout	case.toml:stdout:1309	71caf1db388a9710278910576b10420b4fb8d60117cfc4b54516b878580bb74c	c9cdc2a6ac32b5b594efce5d43c3e1ce111e2526f8c76208d94dbb009754e7da	crates/veln-stdlib/veln/http2/core_test.veln#test outbound_request_headers_send_emits_hpack_bytes_and_creates_stream(
stdout	case.toml:stdout:1310	70dc851881012e300fa8e7a70b54d05514837b02ffdd8cc6befe936a7e4da832	828fd5354b878d0f8400b13fce70511aa6096a289f4c142e2ff508fb089eb0c6	crates/veln-stdlib/veln/http2/core_test.veln#test outbound_data_send_emits_exact_bytes_and_updates_stream_state(
stdout	case.toml:stdout:1311	91f7f1002f81a70f39befb7c04eca8e8ad10ef70e4622ce1d61af461bcc3568f	828fd5354b878d0f8400b13fce70511aa6096a289f4c142e2ff508fb089eb0c6	crates/veln-stdlib/veln/http2/core_test.veln#test outbound_data_send_emits_exact_bytes_and_updates_stream_state(
stdout	case.toml:stdout:1312	48bbae239645275dd4e9f571cf48c3d4ef75104c363f63f4a948e13f0775ec95	828fd5354b878d0f8400b13fce70511aa6096a289f4c142e2ff508fb089eb0c6	crates/veln-stdlib/veln/http2/core_test.veln#test outbound_data_send_emits_exact_bytes_and_updates_stream_state(
stdout	case.toml:stdout:1313	3291444d80643723b5e35279cd7cf118edf4c079f43e8fdce8d4aab1877626e7	dbb50bad61e0c8e9a2f82925c5277ba80cf150a4e2ca1480b245ccb98344434c	crates/veln-stdlib/veln/http2/core_test.veln#test outbound_window_update_send_emits_exact_bytes_and_refills_receive_credit(
stdout	case.toml:stdout:1314	ef492cacca977b3213e2ad42ea2a8e6fecc3b585efd9594a43db62e049cab661	dbb50bad61e0c8e9a2f82925c5277ba80cf150a4e2ca1480b245ccb98344434c	crates/veln-stdlib/veln/http2/core_test.veln#test outbound_window_update_send_emits_exact_bytes_and_refills_receive_credit(
stdout	case.toml:stdout:1315	bff05876be526c3bce164996896e35c3be9b79c89bae54b75120bb4111c040c3	828fd5354b878d0f8400b13fce70511aa6096a289f4c142e2ff508fb089eb0c6	crates/veln-stdlib/veln/http2/core_test.veln#test outbound_data_send_emits_exact_bytes_and_updates_stream_state(
stdout	case.toml:stdout:1316	c79df7ad3543adf22d939ad69a320f1027c89d5b8d57bb7f9c38a6751003ad23	dbb50bad61e0c8e9a2f82925c5277ba80cf150a4e2ca1480b245ccb98344434c	crates/veln-stdlib/veln/http2/core_test.veln#test outbound_window_update_send_emits_exact_bytes_and_refills_receive_credit(
stdout	case.toml:stdout:1317	1110bdd2ceb1084b1631a3922370d1c1c32d8b99ef37b11282078b1db2090c6e	dbb50bad61e0c8e9a2f82925c5277ba80cf150a4e2ca1480b245ccb98344434c	crates/veln-stdlib/veln/http2/core_test.veln#test outbound_window_update_send_emits_exact_bytes_and_refills_receive_credit(
stdout	case.toml:stdout:1318	5836481b2b68d5757612095235577ef2969986d56bf2b23ec521e34a9d68ef60	2f337f86d32c4c67bb06fec21650e83e36cdb396d194467a47c366a817025353	examples/specification/run/http2-core-connection-shutdown/case.toml#http2.protocol.stream_after_goaway
stdout	case.toml:stdout:1319	63f311f92bfcdd25eeff76eeedc9593d1e1e5597f3ccc9f2db0baf5123c58533	828fd5354b878d0f8400b13fce70511aa6096a289f4c142e2ff508fb089eb0c6	crates/veln-stdlib/veln/http2/core_test.veln#test outbound_data_send_emits_exact_bytes_and_updates_stream_state(
stdout	case.toml:stdout:1320	94231626bd2de2f56addcb1ea31618cca66f56b6b1e0a40c16248be6d75e86e9	dbb50bad61e0c8e9a2f82925c5277ba80cf150a4e2ca1480b245ccb98344434c	crates/veln-stdlib/veln/http2/core_test.veln#test outbound_window_update_send_emits_exact_bytes_and_refills_receive_credit(
stdout	case.toml:stdout:1321	3934b649287feab66b8481dc7d4158d46e62730c4a38e03ae1673df5aa7cfd49	dbb50bad61e0c8e9a2f82925c5277ba80cf150a4e2ca1480b245ccb98344434c	crates/veln-stdlib/veln/http2/core_test.veln#test outbound_window_update_send_emits_exact_bytes_and_refills_receive_credit(
stdout	case.toml:stdout:1322	9c36d9e8e7d81953e2d0819532ffc24586c7771b0d6a7a75fca05fdc75b8e47e	828fd5354b878d0f8400b13fce70511aa6096a289f4c142e2ff508fb089eb0c6	crates/veln-stdlib/veln/http2/core_test.veln#test outbound_data_send_emits_exact_bytes_and_updates_stream_state(
stdout	case.toml:stdout:1323	ffea650ef41786f8e246c7f4306905bdca1030f5c40c2fbb60d4d1099dc856cf	dbb50bad61e0c8e9a2f82925c5277ba80cf150a4e2ca1480b245ccb98344434c	crates/veln-stdlib/veln/http2/core_test.veln#test outbound_window_update_send_emits_exact_bytes_and_refills_receive_credit(
stdout	case.toml:stdout:1324	d7e4e33b303c331436fc90919e47992b2dd76ddf404a92d61beb8dd25dd78847	dbb50bad61e0c8e9a2f82925c5277ba80cf150a4e2ca1480b245ccb98344434c	crates/veln-stdlib/veln/http2/core_test.veln#test outbound_window_update_send_emits_exact_bytes_and_refills_receive_credit(
stdout	case.toml:stdout:1325	1c7fe286db6b469224c5688c81833b60b9eff7322ea9e889004b11769d7553d7	828fd5354b878d0f8400b13fce70511aa6096a289f4c142e2ff508fb089eb0c6	crates/veln-stdlib/veln/http2/core_test.veln#test outbound_data_send_emits_exact_bytes_and_updates_stream_state(
stdout	case.toml:stdout:1326	7b06a4286d9b09f4d8d9462fe5be3dc14a50bbf30905759d8f819c3c9cb0cd75	dbb50bad61e0c8e9a2f82925c5277ba80cf150a4e2ca1480b245ccb98344434c	crates/veln-stdlib/veln/http2/core_test.veln#test outbound_window_update_send_emits_exact_bytes_and_refills_receive_credit(
stdout	case.toml:stdout:1327	1179fa4b0700e0e277e3ae92cbeed33c93bdc6906cf1e4f634c2223f2e6310e4	dbb50bad61e0c8e9a2f82925c5277ba80cf150a4e2ca1480b245ccb98344434c	crates/veln-stdlib/veln/http2/core_test.veln#test outbound_window_update_send_emits_exact_bytes_and_refills_receive_credit(
stdout	case.toml:stdout:1328	549c2615cd16e71bd521b7de6af3923cd25fa3a08f190fb6915ee9213735ac64	2f337f86d32c4c67bb06fec21650e83e36cdb396d194467a47c366a817025353	examples/specification/run/http2-core-connection-shutdown/case.toml#http2.protocol.stream_after_goaway
stdout	case.toml:stdout:1329	e428a84b51a3e307b431d7e6ab159bc956ae057691a02dbb5f734cdb87bed577	828fd5354b878d0f8400b13fce70511aa6096a289f4c142e2ff508fb089eb0c6	crates/veln-stdlib/veln/http2/core_test.veln#test outbound_data_send_emits_exact_bytes_and_updates_stream_state(
stdout	case.toml:stdout:1330	86c438f6bfbd20208c06eeb3f5cdfaaf3f3722bbe0e8351e9c1bdcd23b5b5519	f446cd9402c3e063b90bed8de47cf10e8258deddc5e5a046281b0c4abf41b329	crates/veln-stdlib/veln/http2/core_test.veln#test outbound_rst_stream_send_emits_exact_bytes_and_resets_stream_immutably(
stdout	case.toml:stdout:1331	106abd0280018ca08af8972958b43990cc43b4ef8f6e5cf18f3bfdc64c1e7171	f446cd9402c3e063b90bed8de47cf10e8258deddc5e5a046281b0c4abf41b329	crates/veln-stdlib/veln/http2/core_test.veln#test outbound_rst_stream_send_emits_exact_bytes_and_resets_stream_immutably(
stdout	case.toml:stdout:1332	3589ce3bfcaa3451aff2f615503f1cd03479ebe7baf7d071f1c79a41c779babb	828fd5354b878d0f8400b13fce70511aa6096a289f4c142e2ff508fb089eb0c6	crates/veln-stdlib/veln/http2/core_test.veln#test outbound_data_send_emits_exact_bytes_and_updates_stream_state(
stdout	case.toml:stdout:1333	bc7e85b6dc8f5f9ec612e1ec3673dc5793493963d74c8a21c059be66bc6ef5ec	828fd5354b878d0f8400b13fce70511aa6096a289f4c142e2ff508fb089eb0c6	crates/veln-stdlib/veln/http2/core_test.veln#test outbound_data_send_emits_exact_bytes_and_updates_stream_state(
stdout	case.toml:stdout:1334	c669cd4afc7a6b5c93295ab941100d415115dce43de3551442a0e051afeec839	c9cdc2a6ac32b5b594efce5d43c3e1ce111e2526f8c76208d94dbb009754e7da	crates/veln-stdlib/veln/http2/core_test.veln#test outbound_request_headers_send_emits_hpack_bytes_and_creates_stream(
stdout	case.toml:stdout:1335	089699f254cad7c05d1b1825634c736c1dc93c468cc3856e55103a5b291e8d32	828fd5354b878d0f8400b13fce70511aa6096a289f4c142e2ff508fb089eb0c6	crates/veln-stdlib/veln/http2/core_test.veln#test outbound_data_send_emits_exact_bytes_and_updates_stream_state(
stdout	case.toml:stdout:1336	105dfd4f1a51bbfbbaa7df9c357dd90c2af430e611c2b91d6135ecff09f7d9f2	828fd5354b878d0f8400b13fce70511aa6096a289f4c142e2ff508fb089eb0c6	crates/veln-stdlib/veln/http2/core_test.veln#test outbound_data_send_emits_exact_bytes_and_updates_stream_state(
stdout	case.toml:stdout:1337	1dd4cabaa5fed59440c5eb3e5788ae73b69404efa4f6867f5ed0867cdffa6490	c9cdc2a6ac32b5b594efce5d43c3e1ce111e2526f8c76208d94dbb009754e7da	crates/veln-stdlib/veln/http2/core_test.veln#test outbound_request_headers_send_emits_hpack_bytes_and_creates_stream(
stdout	case.toml:stdout:1338	3379ef0ad0758306d72a3b144f9bdfb3f397017b65c9a8c95bee56d65271104b	828fd5354b878d0f8400b13fce70511aa6096a289f4c142e2ff508fb089eb0c6	crates/veln-stdlib/veln/http2/core_test.veln#test outbound_data_send_emits_exact_bytes_and_updates_stream_state(
stdout	case.toml:stdout:1339	7603027f47cdb4e8845925148f88ca474e56d96ac4e36dc416bf6007977a9966	828fd5354b878d0f8400b13fce70511aa6096a289f4c142e2ff508fb089eb0c6	crates/veln-stdlib/veln/http2/core_test.veln#test outbound_data_send_emits_exact_bytes_and_updates_stream_state(
stdout	case.toml:stdout:1340	ef9b775e48a0cacd1740e331e83695d1e0c131b4808cbd269371ca37bdfcf20e	828fd5354b878d0f8400b13fce70511aa6096a289f4c142e2ff508fb089eb0c6	crates/veln-stdlib/veln/http2/core_test.veln#test outbound_data_send_emits_exact_bytes_and_updates_stream_state(
stdout	case.toml:stdout:1341	1101167714f823351864d48dba34498bfedf55543a03c6d875b5225a99621f7e	a5233f2abf51b85d49fdb669322940c5049b17ff3e456e8db3e6763cd156de63	crates/veln-stdlib/veln/http2/core_test.veln#test outbound_priority_send_emits_exact_bytes_and_preserves_state(
stdout	case.toml:stdout:1342	e2263197329e0708ec7c8dd232270d819d1a8fdef31cbddce071988325b5a15f	a5233f2abf51b85d49fdb669322940c5049b17ff3e456e8db3e6763cd156de63	crates/veln-stdlib/veln/http2/core_test.veln#test outbound_priority_send_emits_exact_bytes_and_preserves_state(
stdout	case.toml:stdout:1343	401eafc2644e67c377063f6f2e5f5f7202c01185b7ca8547c850cdca3d27b186	828fd5354b878d0f8400b13fce70511aa6096a289f4c142e2ff508fb089eb0c6	crates/veln-stdlib/veln/http2/core_test.veln#test outbound_data_send_emits_exact_bytes_and_updates_stream_state(
stdout	case.toml:stdout:1344	d2672a33c926d9893703bb46944ebaac96408f831511f572b882aefb702c67a9	a5233f2abf51b85d49fdb669322940c5049b17ff3e456e8db3e6763cd156de63	crates/veln-stdlib/veln/http2/core_test.veln#test outbound_priority_send_emits_exact_bytes_and_preserves_state(
stdout	case.toml:stdout:1345	120711693c6506f9245541fb9b7f4dfa4880ec9c93c1438bb27727f551400f91	a5233f2abf51b85d49fdb669322940c5049b17ff3e456e8db3e6763cd156de63	crates/veln-stdlib/veln/http2/core_test.veln#test outbound_priority_send_emits_exact_bytes_and_preserves_state(
stdout	case.toml:stdout:1346	7c9d2f52b1097410f378cdb2b3cf0ac457e0b481657db1d84b78594a5ae50882	828fd5354b878d0f8400b13fce70511aa6096a289f4c142e2ff508fb089eb0c6	crates/veln-stdlib/veln/http2/core_test.veln#test outbound_data_send_emits_exact_bytes_and_updates_stream_state(
stdout	case.toml:stdout:1347	a9bab639aa7f7365cb5ca6763cd3bf1af52ed8ee496e86a5e3062d746293712c	193c37d8897fe9a7e7c8fff21bc639e0df0bbcbb83baf31bc40ca9063becb30a	crates/veln-stdlib/veln/http2/core_test.veln#test goaway_send_emits_exact_bytes_and_updates_shutdown_immutably(
stdout	case.toml:stdout:1348	99a9638ce4400edaf2c867efb97c69e35dda02e839bd4310d98f2c5a291dcf57	193c37d8897fe9a7e7c8fff21bc639e0df0bbcbb83baf31bc40ca9063becb30a	crates/veln-stdlib/veln/http2/core_test.veln#test goaway_send_emits_exact_bytes_and_updates_shutdown_immutably(
stdout	case.toml:stdout:1349	36e866b8d3da6955a3c08f6896e1dca9b468a9f44754cc905593c6b302bd811f	828fd5354b878d0f8400b13fce70511aa6096a289f4c142e2ff508fb089eb0c6	crates/veln-stdlib/veln/http2/core_test.veln#test outbound_data_send_emits_exact_bytes_and_updates_stream_state(
stdout	case.toml:stdout:1350	a40cad074a51825ed4369c3838b14d740764feefd2a7bed900ff6903d3fea328	193c37d8897fe9a7e7c8fff21bc639e0df0bbcbb83baf31bc40ca9063becb30a	crates/veln-stdlib/veln/http2/core_test.veln#test goaway_send_emits_exact_bytes_and_updates_shutdown_immutably(
stdout	case.toml:stdout:1351	be653e816d7f819f295b50f46fa58fbf09f6c06064afe1c53250cf30d614c3b2	2f337f86d32c4c67bb06fec21650e83e36cdb396d194467a47c366a817025353	examples/specification/run/http2-core-connection-shutdown/case.toml#http2.protocol.stream_after_goaway
stdout	case.toml:stdout:1352	c6ef2cfedb5122a31528767fa6dd6c1ec078b3246a2acc0b7165b97803310f81	828fd5354b878d0f8400b13fce70511aa6096a289f4c142e2ff508fb089eb0c6	crates/veln-stdlib/veln/http2/core_test.veln#test outbound_data_send_emits_exact_bytes_and_updates_stream_state(
stdout	case.toml:stdout:1353	d5466d8652ba10c4f13aa2f9d3257fab66c6918f497cca9a7df102b7e50d9840	193c37d8897fe9a7e7c8fff21bc639e0df0bbcbb83baf31bc40ca9063becb30a	crates/veln-stdlib/veln/http2/core_test.veln#test goaway_send_emits_exact_bytes_and_updates_shutdown_immutably(
stdout	case.toml:stdout:1354	c312deb9557ae0722ae5dfdfcfd64076a90e08030497155bacfd048e74c1f8d6	193c37d8897fe9a7e7c8fff21bc639e0df0bbcbb83baf31bc40ca9063becb30a	crates/veln-stdlib/veln/http2/core_test.veln#test goaway_send_emits_exact_bytes_and_updates_shutdown_immutably(
stdout	case.toml:stdout:1355	92752175c5ff4bc25073f30a9b5cc25d593a2b413a69cd8a28044be0173fbc5f	828fd5354b878d0f8400b13fce70511aa6096a289f4c142e2ff508fb089eb0c6	crates/veln-stdlib/veln/http2/core_test.veln#test outbound_data_send_emits_exact_bytes_and_updates_stream_state(
stdout	case.toml:stdout:1356	9ab428e29cb8475f081a35521a6ca36cc951d3e9b8f1fcf17bd1d0f2c47eec39	193c37d8897fe9a7e7c8fff21bc639e0df0bbcbb83baf31bc40ca9063becb30a	crates/veln-stdlib/veln/http2/core_test.veln#test goaway_send_emits_exact_bytes_and_updates_shutdown_immutably(
stdout	case.toml:stdout:1357	f5b82a5442baa179019f87f5785d2fb7f70f6d17ec6a2cacb94111e5bc2798d2	2f337f86d32c4c67bb06fec21650e83e36cdb396d194467a47c366a817025353	examples/specification/run/http2-core-connection-shutdown/case.toml#http2.protocol.stream_after_goaway
stdout	case.toml:stdout:1358	fc23c1c5a63c7735435f4ce0c7aee0818f980700568fc5ed90dda5034dc11fbc	828fd5354b878d0f8400b13fce70511aa6096a289f4c142e2ff508fb089eb0c6	crates/veln-stdlib/veln/http2/core_test.veln#test outbound_data_send_emits_exact_bytes_and_updates_stream_state(
stdout	case.toml:stdout:1359	f984fb25b2175a112df158fc876d768d227f135cd7e118812f5f8b933a28e39c	828fd5354b878d0f8400b13fce70511aa6096a289f4c142e2ff508fb089eb0c6	crates/veln-stdlib/veln/http2/core_test.veln#test outbound_data_send_emits_exact_bytes_and_updates_stream_state(
stdout	case.toml:stdout:1360	d5674b9f3b0f2c16fa13bd271f44c98ac963d25df4abad78f6a50301a916fca2	c9cdc2a6ac32b5b594efce5d43c3e1ce111e2526f8c76208d94dbb009754e7da	crates/veln-stdlib/veln/http2/core_test.veln#test outbound_request_headers_send_emits_hpack_bytes_and_creates_stream(
stdout	case.toml:stdout:1361	75c9e01d4c1ca50bd8caf2d09458e8e3219c5644260374352132f799c79fc01c	828fd5354b878d0f8400b13fce70511aa6096a289f4c142e2ff508fb089eb0c6	crates/veln-stdlib/veln/http2/core_test.veln#test outbound_data_send_emits_exact_bytes_and_updates_stream_state(
stdout	case.toml:stdout:1362	bc54f0a5dec5adc6637654e2d27ca1785b06254a52e44da2718188351284a1bb	828fd5354b878d0f8400b13fce70511aa6096a289f4c142e2ff508fb089eb0c6	crates/veln-stdlib/veln/http2/core_test.veln#test outbound_data_send_emits_exact_bytes_and_updates_stream_state(
stdout	case.toml:stdout:1363	13d7b1bee3fb18ae207209a87898cc2291126f4525fdc2345aa2aedd034b47fa	c9cdc2a6ac32b5b594efce5d43c3e1ce111e2526f8c76208d94dbb009754e7da	crates/veln-stdlib/veln/http2/core_test.veln#test outbound_request_headers_send_emits_hpack_bytes_and_creates_stream(
stdout	case.toml:stdout:1364	b30ebe46d9415c5ec89bc3f8ce6e18675a25cb03f6cb7a45ad55a902f765e6a4	828fd5354b878d0f8400b13fce70511aa6096a289f4c142e2ff508fb089eb0c6	crates/veln-stdlib/veln/http2/core_test.veln#test outbound_data_send_emits_exact_bytes_and_updates_stream_state(
stdout	case.toml:stdout:1365	a8f39fe731af06c38e79c51d4c9d75d4557020310896e190326d13a7d668bb39	828fd5354b878d0f8400b13fce70511aa6096a289f4c142e2ff508fb089eb0c6	crates/veln-stdlib/veln/http2/core_test.veln#test outbound_data_send_emits_exact_bytes_and_updates_stream_state(
stdout	case.toml:stdout:1366	8b148d72d662744dfed83e96bd6d8f5cfd011ad9e692510c7825104d2a87efea	828fd5354b878d0f8400b13fce70511aa6096a289f4c142e2ff508fb089eb0c6	crates/veln-stdlib/veln/http2/core_test.veln#test outbound_data_send_emits_exact_bytes_and_updates_stream_state(
stdout	case.toml:stdout:1367	6073da921b436f15c06fc3efcd60ddc34c37e04cee4e2c97175048667adb20da	c9cdc2a6ac32b5b594efce5d43c3e1ce111e2526f8c76208d94dbb009754e7da	crates/veln-stdlib/veln/http2/core_test.veln#test outbound_request_headers_send_emits_hpack_bytes_and_creates_stream(
stdout	case.toml:stdout:1368	21f84d11c73d6045401e900f3a39122415a9375f80d0b558791bd36f29cd946b	c9cdc2a6ac32b5b594efce5d43c3e1ce111e2526f8c76208d94dbb009754e7da	crates/veln-stdlib/veln/http2/core_test.veln#test outbound_request_headers_send_emits_hpack_bytes_and_creates_stream(
stdout	case.toml:stdout:1369	7157064da7305c51b6179afaee17eaef1b1cfd89bb5b18c6c4453fb4ea92d854	c9cdc2a6ac32b5b594efce5d43c3e1ce111e2526f8c76208d94dbb009754e7da	crates/veln-stdlib/veln/http2/core_test.veln#test outbound_request_headers_send_emits_hpack_bytes_and_creates_stream(
stdout	case.toml:stdout:1370	f4cae9ee7ada65eb1b3bd7fc4e1d7b601f36b68b97e60bc933be8091c3981760	d19401a15a1fd19e266c68f57f59129c889477e9e490b1da827fa51ed74728a6	crates/veln-stdlib/veln/http2/hpack_test.veln#test header_block_encoder_preserves_order_reuses_in_block_state_and_round_trips(
stdout	case.toml:stdout:1371	c9f69104433560f73a1c59cb151fe3c95ff49abf296ccaa9a7b9bb745ba38044	c9cdc2a6ac32b5b594efce5d43c3e1ce111e2526f8c76208d94dbb009754e7da	crates/veln-stdlib/veln/http2/core_test.veln#test outbound_request_headers_send_emits_hpack_bytes_and_creates_stream(
stdout	case.toml:stdout:1372	16843b1e4aa9e013c5ac165be2914b44da6df003905720bfcd2ae014ac48f163	c9cdc2a6ac32b5b594efce5d43c3e1ce111e2526f8c76208d94dbb009754e7da	crates/veln-stdlib/veln/http2/core_test.veln#test outbound_request_headers_send_emits_hpack_bytes_and_creates_stream(
stdout	case.toml:stdout:1373	1bad5e5267d326bfa96a588fe35925cdaae9875c7453969e38a66cfad0c6c9a9	d19401a15a1fd19e266c68f57f59129c889477e9e490b1da827fa51ed74728a6	crates/veln-stdlib/veln/http2/hpack_test.veln#test header_block_encoder_preserves_order_reuses_in_block_state_and_round_trips(
stdout	case.toml:stdout:1374	acc2747fd70c774c0acdc6016a8c68c2aef6b140d095a56502c199dc70fed116	d19401a15a1fd19e266c68f57f59129c889477e9e490b1da827fa51ed74728a6	crates/veln-stdlib/veln/http2/hpack_test.veln#test header_block_encoder_preserves_order_reuses_in_block_state_and_round_trips(
stdout	case.toml:stdout:1375	acbfc73c8a4e7156d63e68dfd9db56a2c3864a6ce2a684441c0d88b0134d7a1b	c9cdc2a6ac32b5b594efce5d43c3e1ce111e2526f8c76208d94dbb009754e7da	crates/veln-stdlib/veln/http2/core_test.veln#test outbound_request_headers_send_emits_hpack_bytes_and_creates_stream(
stdout	case.toml:stdout:1376	d9868e49e3f624f3c7d4ef33b9cfde0dd5048659253144bc8d5b1e8ec30c9f37	c9cdc2a6ac32b5b594efce5d43c3e1ce111e2526f8c76208d94dbb009754e7da	crates/veln-stdlib/veln/http2/core_test.veln#test outbound_request_headers_send_emits_hpack_bytes_and_creates_stream(
stdout	case.toml:stdout:1377	ad2c10618702463803638f2f9c814b534110a4a699cc1426bd851481416602fe	d19401a15a1fd19e266c68f57f59129c889477e9e490b1da827fa51ed74728a6	crates/veln-stdlib/veln/http2/hpack_test.veln#test header_block_encoder_preserves_order_reuses_in_block_state_and_round_trips(
stdout	case.toml:stdout:1378	12a6f3bb67f06c17951bc72f3c32844eead5f93341d3a030e59633b7704893d0	d19401a15a1fd19e266c68f57f59129c889477e9e490b1da827fa51ed74728a6	crates/veln-stdlib/veln/http2/hpack_test.veln#test header_block_encoder_preserves_order_reuses_in_block_state_and_round_trips(
stdout	case.toml:stdout:1379	d90a78a34150f124cf21c9594da784b5dd4452dbbb75cd7cfd227c40e9f90890	c9cdc2a6ac32b5b594efce5d43c3e1ce111e2526f8c76208d94dbb009754e7da	crates/veln-stdlib/veln/http2/core_test.veln#test outbound_request_headers_send_emits_hpack_bytes_and_creates_stream(
stdout	case.toml:stdout:1380	74efafba6e6031eca6444a2734e2fba7c93fa51e470d325a565eb5e015e21a92	c9cdc2a6ac32b5b594efce5d43c3e1ce111e2526f8c76208d94dbb009754e7da	crates/veln-stdlib/veln/http2/core_test.veln#test outbound_request_headers_send_emits_hpack_bytes_and_creates_stream(
stdout	case.toml:stdout:1381	5a096990a4a3ad052952e1027cdd2ab7deb1854f56a4a7f77940847d5e628747	d19401a15a1fd19e266c68f57f59129c889477e9e490b1da827fa51ed74728a6	crates/veln-stdlib/veln/http2/hpack_test.veln#test header_block_encoder_preserves_order_reuses_in_block_state_and_round_trips(
stdout	case.toml:stdout:1382	03bce8193c9e5104453f8db0c697e826abb19592f8da3bb4b81f3be97c0df6e6	d19401a15a1fd19e266c68f57f59129c889477e9e490b1da827fa51ed74728a6	crates/veln-stdlib/veln/http2/hpack_test.veln#test header_block_encoder_preserves_order_reuses_in_block_state_and_round_trips(
stdout	case.toml:stdout:1383	a51ab197e33761b3a143599f2c293254d703bf62b5e630a058849bb007650b29	c9cdc2a6ac32b5b594efce5d43c3e1ce111e2526f8c76208d94dbb009754e7da	crates/veln-stdlib/veln/http2/core_test.veln#test outbound_request_headers_send_emits_hpack_bytes_and_creates_stream(
stdout	case.toml:stdout:1384	02c90e41c1e3a8b9caef266c8ce2373f57232e68f7669d2cf43fe9d91aad50c2	c9cdc2a6ac32b5b594efce5d43c3e1ce111e2526f8c76208d94dbb009754e7da	crates/veln-stdlib/veln/http2/core_test.veln#test outbound_request_headers_send_emits_hpack_bytes_and_creates_stream(
stdout	case.toml:stdout:1385	df36bed36c2d6ff0bd49c3ea6723534613da78b6d40ac4f82e4e6addb0d6fd1e	d19401a15a1fd19e266c68f57f59129c889477e9e490b1da827fa51ed74728a6	crates/veln-stdlib/veln/http2/hpack_test.veln#test header_block_encoder_preserves_order_reuses_in_block_state_and_round_trips(
stdout	case.toml:stdout:1386	dc72cdf10b917c266bc1e6dec2a1663b7707bf26e5d6eb902a405d3b90088cac	d19401a15a1fd19e266c68f57f59129c889477e9e490b1da827fa51ed74728a6	crates/veln-stdlib/veln/http2/hpack_test.veln#test header_block_encoder_preserves_order_reuses_in_block_state_and_round_trips(
stdout	case.toml:stdout:1387	350193a200684505231a4f767ee7eccf72709aa395538473ce3d7258f1045362	c9cdc2a6ac32b5b594efce5d43c3e1ce111e2526f8c76208d94dbb009754e7da	crates/veln-stdlib/veln/http2/core_test.veln#test outbound_request_headers_send_emits_hpack_bytes_and_creates_stream(
stdout	case.toml:stdout:1388	8ecc5c965e1bed93e31fb6267b3379c75cabbeb0f9c3d8ce58b92b8625ce787b	c9cdc2a6ac32b5b594efce5d43c3e1ce111e2526f8c76208d94dbb009754e7da	crates/veln-stdlib/veln/http2/core_test.veln#test outbound_request_headers_send_emits_hpack_bytes_and_creates_stream(
stdout	case.toml:stdout:1389	b4e1d3ed3ec66028302d539b7ca9f7da350888d781c515dec8dad2eaefcf69bf	d19401a15a1fd19e266c68f57f59129c889477e9e490b1da827fa51ed74728a6	crates/veln-stdlib/veln/http2/hpack_test.veln#test header_block_encoder_preserves_order_reuses_in_block_state_and_round_trips(
stdout	case.toml:stdout:1390	d47bd1f2caa57b8dbaf66743e0cb84d8e92f94e89aabdf5bf6a34ae98e98a727	d19401a15a1fd19e266c68f57f59129c889477e9e490b1da827fa51ed74728a6	crates/veln-stdlib/veln/http2/hpack_test.veln#test header_block_encoder_preserves_order_reuses_in_block_state_and_round_trips(
stdout	case.toml:stdout:1391	8a35fd2890ef339776e5a4056f9b65397f88df98b754f5a21cc5b1c7a546ff80	c9cdc2a6ac32b5b594efce5d43c3e1ce111e2526f8c76208d94dbb009754e7da	crates/veln-stdlib/veln/http2/core_test.veln#test outbound_request_headers_send_emits_hpack_bytes_and_creates_stream(
stdout	case.toml:stdout:1392	5ab492b119aaaa862b875ff088b40cd2014094cece0bafe55dd2a5e45f30f960	c9cdc2a6ac32b5b594efce5d43c3e1ce111e2526f8c76208d94dbb009754e7da	crates/veln-stdlib/veln/http2/core_test.veln#test outbound_request_headers_send_emits_hpack_bytes_and_creates_stream(
stdout	case.toml:stdout:1393	540999c5934bd3473263cbe4d2b5368e2d60f7eea6bee7381fed79ca3e4c0d16	d19401a15a1fd19e266c68f57f59129c889477e9e490b1da827fa51ed74728a6	crates/veln-stdlib/veln/http2/hpack_test.veln#test header_block_encoder_preserves_order_reuses_in_block_state_and_round_trips(
stdout	case.toml:stdout:1394	85bf9a0eff3867797a6bf33f3bffc1f392741298cca9dd40265528d452f2c487	d19401a15a1fd19e266c68f57f59129c889477e9e490b1da827fa51ed74728a6	crates/veln-stdlib/veln/http2/hpack_test.veln#test header_block_encoder_preserves_order_reuses_in_block_state_and_round_trips(
stdout	case.toml:stdout:1395	f4e53345ea617c01a458cb3401da78a45fd5dd352f0a9ce64eb0b8b969e9f859	c9cdc2a6ac32b5b594efce5d43c3e1ce111e2526f8c76208d94dbb009754e7da	crates/veln-stdlib/veln/http2/core_test.veln#test outbound_request_headers_send_emits_hpack_bytes_and_creates_stream(
stdout	case.toml:stdout:1396	bc47a4ac0df6c0e8a3019523c2ee5e198dee8a5772f40b318e933497efb92900	c9cdc2a6ac32b5b594efce5d43c3e1ce111e2526f8c76208d94dbb009754e7da	crates/veln-stdlib/veln/http2/core_test.veln#test outbound_request_headers_send_emits_hpack_bytes_and_creates_stream(
stdout	case.toml:stdout:1397	5ce6406787f65017d11ae6d3af7021b3e28a80dff758d134fa9c8cbc7396d004	d19401a15a1fd19e266c68f57f59129c889477e9e490b1da827fa51ed74728a6	crates/veln-stdlib/veln/http2/hpack_test.veln#test header_block_encoder_preserves_order_reuses_in_block_state_and_round_trips(
stdout	case.toml:stdout:1398	55282c41410455f167e3b28ab3f0b8c36f14dda443140ea8373209b818ff7023	d19401a15a1fd19e266c68f57f59129c889477e9e490b1da827fa51ed74728a6	crates/veln-stdlib/veln/http2/hpack_test.veln#test header_block_encoder_preserves_order_reuses_in_block_state_and_round_trips(
stdout	case.toml:stdout:1399	882232e5c364ec7e099eab767a7972c46bdbef5e2ae2d980619a29390fe2dcbd	c9cdc2a6ac32b5b594efce5d43c3e1ce111e2526f8c76208d94dbb009754e7da	crates/veln-stdlib/veln/http2/core_test.veln#test outbound_request_headers_send_emits_hpack_bytes_and_creates_stream(
stdout	case.toml:stdout:1400	1a7686813e9015f47c7663e0acc9edda5fdb7c821feb4c30353dc469eba69230	c9cdc2a6ac32b5b594efce5d43c3e1ce111e2526f8c76208d94dbb009754e7da	crates/veln-stdlib/veln/http2/core_test.veln#test outbound_request_headers_send_emits_hpack_bytes_and_creates_stream(
stdout	case.toml:stdout:1401	3cd759a782518ba58b4d5c3b690640c4479352618136ab9a8b2067392508a27b	d19401a15a1fd19e266c68f57f59129c889477e9e490b1da827fa51ed74728a6	crates/veln-stdlib/veln/http2/hpack_test.veln#test header_block_encoder_preserves_order_reuses_in_block_state_and_round_trips(
stdout	case.toml:stdout:1402	df8d4f07c5333feef8f4a61ea94772f8f2694695787d2a5c48794f5c9173d285	d19401a15a1fd19e266c68f57f59129c889477e9e490b1da827fa51ed74728a6	crates/veln-stdlib/veln/http2/hpack_test.veln#test header_block_encoder_preserves_order_reuses_in_block_state_and_round_trips(
stdout	case.toml:stdout:1403	2c6dbc67c2b097d5a86c81a80fd78744c56c8cf1c4f80d1238f7d75e4ae6a1e6	c9cdc2a6ac32b5b594efce5d43c3e1ce111e2526f8c76208d94dbb009754e7da	crates/veln-stdlib/veln/http2/core_test.veln#test outbound_request_headers_send_emits_hpack_bytes_and_creates_stream(
stdout	case.toml:stdout:1404	34f2ad04718e96bd86b3ed3d714bd157f03b6c58fa80f10098188118b7a286bd	c9cdc2a6ac32b5b594efce5d43c3e1ce111e2526f8c76208d94dbb009754e7da	crates/veln-stdlib/veln/http2/core_test.veln#test outbound_request_headers_send_emits_hpack_bytes_and_creates_stream(
stdout	case.toml:stdout:1405	b978683f79359229b8b175b05e869080a052a4346a93211493c907f981b3cf66	d19401a15a1fd19e266c68f57f59129c889477e9e490b1da827fa51ed74728a6	crates/veln-stdlib/veln/http2/hpack_test.veln#test header_block_encoder_preserves_order_reuses_in_block_state_and_round_trips(
stdout	case.toml:stdout:1406	d97b7c31eabe39cd20c387e550692a62be7fe517cc150f6fc9a35975d8da8ef9	c9cdc2a6ac32b5b594efce5d43c3e1ce111e2526f8c76208d94dbb009754e7da	crates/veln-stdlib/veln/http2/core_test.veln#test outbound_request_headers_send_emits_hpack_bytes_and_creates_stream(
stdout	case.toml:stdout:1407	4fde24a734783b3768c3bce3fa710468dc046f87172fdcbdaaf8db37c3af1d25	c9cdc2a6ac32b5b594efce5d43c3e1ce111e2526f8c76208d94dbb009754e7da	crates/veln-stdlib/veln/http2/core_test.veln#test outbound_request_headers_send_emits_hpack_bytes_and_creates_stream(
stdout	case.toml:stdout:1408	905bd72d2ea29fbb220962a3a6b4323e83182545d0f5006c546bebeba5bde607	d19401a15a1fd19e266c68f57f59129c889477e9e490b1da827fa51ed74728a6	crates/veln-stdlib/veln/http2/hpack_test.veln#test header_block_encoder_preserves_order_reuses_in_block_state_and_round_trips(
stdout	case.toml:stdout:1409	8106ff8efe83e4eade5952ad309e31fa93c274365032fccc630c2247944420ec	d19401a15a1fd19e266c68f57f59129c889477e9e490b1da827fa51ed74728a6	crates/veln-stdlib/veln/http2/hpack_test.veln#test header_block_encoder_preserves_order_reuses_in_block_state_and_round_trips(
stdout	case.toml:stdout:1410	34d39852aa27350de96ba502c43ac11709c964f32770e0aa41cc9060b72a8c91	d19401a15a1fd19e266c68f57f59129c889477e9e490b1da827fa51ed74728a6	crates/veln-stdlib/veln/http2/hpack_test.veln#test header_block_encoder_preserves_order_reuses_in_block_state_and_round_trips(
stdout	case.toml:stdout:1411	647fecb6a48c2abbed510a6f59622243711f64d3ed2f135cde3a1dd9e8b2f329	c9cdc2a6ac32b5b594efce5d43c3e1ce111e2526f8c76208d94dbb009754e7da	crates/veln-stdlib/veln/http2/core_test.veln#test outbound_request_headers_send_emits_hpack_bytes_and_creates_stream(
stdout	case.toml:stdout:1412	455aefc443697b9f232bd899563754b904ed3c9d3049b690fd4a806ffdf3f9bc	c9cdc2a6ac32b5b594efce5d43c3e1ce111e2526f8c76208d94dbb009754e7da	crates/veln-stdlib/veln/http2/core_test.veln#test outbound_request_headers_send_emits_hpack_bytes_and_creates_stream(
stdout	case.toml:stdout:1413	cf719de2814676269a4ccb009262dcd81036a39ad0f2701ceb3d2bf5ca9dfab0	d19401a15a1fd19e266c68f57f59129c889477e9e490b1da827fa51ed74728a6	crates/veln-stdlib/veln/http2/hpack_test.veln#test header_block_encoder_preserves_order_reuses_in_block_state_and_round_trips(
stdout	case.toml:stdout:1414	d2df45d15d0eaa65944b69626aad3473639de814a30c81eaa36c793de8fa5028	d19401a15a1fd19e266c68f57f59129c889477e9e490b1da827fa51ed74728a6	crates/veln-stdlib/veln/http2/hpack_test.veln#test header_block_encoder_preserves_order_reuses_in_block_state_and_round_trips(
stdout	case.toml:stdout:1415	0246b61b1181c9b6d993b03edf8c5fe98bf597a5f462283423d754e76fd24569	d19401a15a1fd19e266c68f57f59129c889477e9e490b1da827fa51ed74728a6	crates/veln-stdlib/veln/http2/hpack_test.veln#test header_block_encoder_preserves_order_reuses_in_block_state_and_round_trips(
stdout	case.toml:stdout:1416	7ce5ad6b977fe393736c226a0fefc8461c848b28a5f4331922faeb0f74f41edf	c9cdc2a6ac32b5b594efce5d43c3e1ce111e2526f8c76208d94dbb009754e7da	crates/veln-stdlib/veln/http2/core_test.veln#test outbound_request_headers_send_emits_hpack_bytes_and_creates_stream(
stdout	case.toml:stdout:1417	47f3ec92b378cc5d4238e275f84f17eed32dd5cc94b68687038e198a1c5fa897	c9cdc2a6ac32b5b594efce5d43c3e1ce111e2526f8c76208d94dbb009754e7da	crates/veln-stdlib/veln/http2/core_test.veln#test outbound_request_headers_send_emits_hpack_bytes_and_creates_stream(
stdout	case.toml:stdout:1418	d6374e73c08a8be514e1ddf65e85343eed26e3b7d83c149d599fc25943d85cdc	d19401a15a1fd19e266c68f57f59129c889477e9e490b1da827fa51ed74728a6	crates/veln-stdlib/veln/http2/hpack_test.veln#test header_block_encoder_preserves_order_reuses_in_block_state_and_round_trips(
stdout	case.toml:stdout:1419	b399bcbf51af4eeab1b0e84b323f3d955027c70799449b437cd1cbdee573104a	d19401a15a1fd19e266c68f57f59129c889477e9e490b1da827fa51ed74728a6	crates/veln-stdlib/veln/http2/hpack_test.veln#test header_block_encoder_preserves_order_reuses_in_block_state_and_round_trips(
stdout	case.toml:stdout:1420	0b431a033ff5e8d3ad2e4495e51d9fa64fc2c7301def2b9fc9aacf7724b52563	c9cdc2a6ac32b5b594efce5d43c3e1ce111e2526f8c76208d94dbb009754e7da	crates/veln-stdlib/veln/http2/core_test.veln#test outbound_request_headers_send_emits_hpack_bytes_and_creates_stream(
stdout	case.toml:stdout:1421	43312521f17aad4ccf428dd3cb1006a9e94dd314468a3011475243180dee5ee7	c9cdc2a6ac32b5b594efce5d43c3e1ce111e2526f8c76208d94dbb009754e7da	crates/veln-stdlib/veln/http2/core_test.veln#test outbound_request_headers_send_emits_hpack_bytes_and_creates_stream(
stdout	case.toml:stdout:1422	10d818f71fa8026c954d194cc23529914a336abc083ce2a3ccaf8a96d289de66	d19401a15a1fd19e266c68f57f59129c889477e9e490b1da827fa51ed74728a6	crates/veln-stdlib/veln/http2/hpack_test.veln#test header_block_encoder_preserves_order_reuses_in_block_state_and_round_trips(
stdout	case.toml:stdout:1423	d5cf2cb90a6e58ca500adc3676e3ed50cd91e318fdb55ff3bcdfdd9c85c7e552	d19401a15a1fd19e266c68f57f59129c889477e9e490b1da827fa51ed74728a6	crates/veln-stdlib/veln/http2/hpack_test.veln#test header_block_encoder_preserves_order_reuses_in_block_state_and_round_trips(
stdout	case.toml:stdout:1424	6ae89f7753bd068f4c3bff2457481d7308f07dfcb94185e04c4442adc3ab5b60	d19401a15a1fd19e266c68f57f59129c889477e9e490b1da827fa51ed74728a6	crates/veln-stdlib/veln/http2/hpack_test.veln#test header_block_encoder_preserves_order_reuses_in_block_state_and_round_trips(
stdout	case.toml:stdout:1425	d12e5997abdf40a43a1357b81642293e011a54c95b4495912765208929a9ab5e	c9cdc2a6ac32b5b594efce5d43c3e1ce111e2526f8c76208d94dbb009754e7da	crates/veln-stdlib/veln/http2/core_test.veln#test outbound_request_headers_send_emits_hpack_bytes_and_creates_stream(
stdout	case.toml:stdout:1426	75f73d8c2a0877e6379f13b4aa40d80ed679b92e95ecb7299c4034ad1e5c22ac	c9cdc2a6ac32b5b594efce5d43c3e1ce111e2526f8c76208d94dbb009754e7da	crates/veln-stdlib/veln/http2/core_test.veln#test outbound_request_headers_send_emits_hpack_bytes_and_creates_stream(
stdout	case.toml:stdout:1427	6af88874f3468dc6af2613e593a6f541fb56f9636ee57e2572cff2527b41776e	d19401a15a1fd19e266c68f57f59129c889477e9e490b1da827fa51ed74728a6	crates/veln-stdlib/veln/http2/hpack_test.veln#test header_block_encoder_preserves_order_reuses_in_block_state_and_round_trips(
stdout	case.toml:stdout:1428	1046a2bb84bae5195dbe5b4530596b9f05f05bee2f14e4ebf8d761470b7af96f	d19401a15a1fd19e266c68f57f59129c889477e9e490b1da827fa51ed74728a6	crates/veln-stdlib/veln/http2/hpack_test.veln#test header_block_encoder_preserves_order_reuses_in_block_state_and_round_trips(
stdout	case.toml:stdout:1429	1a31130e8f31a84aee07f990d30104272a4876a259bb93576f67b71a3b12e8cc	c9cdc2a6ac32b5b594efce5d43c3e1ce111e2526f8c76208d94dbb009754e7da	crates/veln-stdlib/veln/http2/core_test.veln#test outbound_request_headers_send_emits_hpack_bytes_and_creates_stream(
stdout	case.toml:stdout:1430	d02618cb06a617e92e6e03438d4ce18f2a2b17c34f42c6a5061adb60c02fe425	c9cdc2a6ac32b5b594efce5d43c3e1ce111e2526f8c76208d94dbb009754e7da	crates/veln-stdlib/veln/http2/core_test.veln#test outbound_request_headers_send_emits_hpack_bytes_and_creates_stream(
stdout	case.toml:stdout:1431	106b2bba23adf72d614b8831f2ef3c195475037c62915cea2929a671cf5868d0	d19401a15a1fd19e266c68f57f59129c889477e9e490b1da827fa51ed74728a6	crates/veln-stdlib/veln/http2/hpack_test.veln#test header_block_encoder_preserves_order_reuses_in_block_state_and_round_trips(
stdout	case.toml:stdout:1432	f815ae4303944e290935b321265dbf3e9bee9b4f964a044b99c5e8d7b0e61af7	d19401a15a1fd19e266c68f57f59129c889477e9e490b1da827fa51ed74728a6	crates/veln-stdlib/veln/http2/hpack_test.veln#test header_block_encoder_preserves_order_reuses_in_block_state_and_round_trips(
stdout	case.toml:stdout:1433	22c74a336b566769e97ee4068f211bb1d2ede209c39a9c22c37d5828b3cae430	d19401a15a1fd19e266c68f57f59129c889477e9e490b1da827fa51ed74728a6	crates/veln-stdlib/veln/http2/hpack_test.veln#test header_block_encoder_preserves_order_reuses_in_block_state_and_round_trips(
stdout	case.toml:stdout:1434	750e42907b2aeb69a4525902b8ccb138d0220c9036e4b4b4d8f7eccdd7e318b3	c9cdc2a6ac32b5b594efce5d43c3e1ce111e2526f8c76208d94dbb009754e7da	crates/veln-stdlib/veln/http2/core_test.veln#test outbound_request_headers_send_emits_hpack_bytes_and_creates_stream(
stdout	case.toml:stdout:1435	993c1ebf58282b10df062070162a7e45ecd0e74647d17734e5e0781248c73e39	c9cdc2a6ac32b5b594efce5d43c3e1ce111e2526f8c76208d94dbb009754e7da	crates/veln-stdlib/veln/http2/core_test.veln#test outbound_request_headers_send_emits_hpack_bytes_and_creates_stream(
stdout	case.toml:stdout:1436	c450ecb1cfc59335cdd15c6807cdd788714166e89624745552d0197adb284af0	d19401a15a1fd19e266c68f57f59129c889477e9e490b1da827fa51ed74728a6	crates/veln-stdlib/veln/http2/hpack_test.veln#test header_block_encoder_preserves_order_reuses_in_block_state_and_round_trips(
stdout	case.toml:stdout:1437	77310aa46d0cc0bca525ff312a17110b0e4fb10f0ffd1f4e00fb74a103c4214c	d19401a15a1fd19e266c68f57f59129c889477e9e490b1da827fa51ed74728a6	crates/veln-stdlib/veln/http2/hpack_test.veln#test header_block_encoder_preserves_order_reuses_in_block_state_and_round_trips(
stdout	case.toml:stdout:1438	19e549fda5a1bcd559c3435021c7c271c9fee064aa59dd9d466cc960d0540bd9	c9cdc2a6ac32b5b594efce5d43c3e1ce111e2526f8c76208d94dbb009754e7da	crates/veln-stdlib/veln/http2/core_test.veln#test outbound_request_headers_send_emits_hpack_bytes_and_creates_stream(
stdout	case.toml:stdout:1439	2ea9969d551415f6c1950c1869483f73e005385dcf331aaaeba55ec67751cc12	c9cdc2a6ac32b5b594efce5d43c3e1ce111e2526f8c76208d94dbb009754e7da	crates/veln-stdlib/veln/http2/core_test.veln#test outbound_request_headers_send_emits_hpack_bytes_and_creates_stream(
stdout	case.toml:stdout:1440	d76a54bd784e62123533a92e6079a8e67b99eac10993836e36d86169b5338b73	d19401a15a1fd19e266c68f57f59129c889477e9e490b1da827fa51ed74728a6	crates/veln-stdlib/veln/http2/hpack_test.veln#test header_block_encoder_preserves_order_reuses_in_block_state_and_round_trips(
stdout	case.toml:stdout:1441	c7cfb15060151429f64c6208b74d65b36ea50323a9db1741457e81df614367ec	d19401a15a1fd19e266c68f57f59129c889477e9e490b1da827fa51ed74728a6	crates/veln-stdlib/veln/http2/hpack_test.veln#test header_block_encoder_preserves_order_reuses_in_block_state_and_round_trips(
stdout	case.toml:stdout:1442	9f545ef8cd1f7f4d0ffb5167acf0d8b691fe3a4df164ec7dcfcac0c977223b35	c9cdc2a6ac32b5b594efce5d43c3e1ce111e2526f8c76208d94dbb009754e7da	crates/veln-stdlib/veln/http2/core_test.veln#test outbound_request_headers_send_emits_hpack_bytes_and_creates_stream(
stdout	case.toml:stdout:1443	6705a079aa386ea9732264aa21a463f3a64d3885967794e287198df8aed3a88c	c9cdc2a6ac32b5b594efce5d43c3e1ce111e2526f8c76208d94dbb009754e7da	crates/veln-stdlib/veln/http2/core_test.veln#test outbound_request_headers_send_emits_hpack_bytes_and_creates_stream(
stdout	case.toml:stdout:1444	6dcc15785210568b45a24feea1210a0703a6a134fc47b613d8dfa4ea46fc21c6	d19401a15a1fd19e266c68f57f59129c889477e9e490b1da827fa51ed74728a6	crates/veln-stdlib/veln/http2/hpack_test.veln#test header_block_encoder_preserves_order_reuses_in_block_state_and_round_trips(
stdout	case.toml:stdout:1445	4e8f4683928a1874740e06a0c49b0ad2e4aad8dc1268b659149ec6bdbe2daa9a	d19401a15a1fd19e266c68f57f59129c889477e9e490b1da827fa51ed74728a6	crates/veln-stdlib/veln/http2/hpack_test.veln#test header_block_encoder_preserves_order_reuses_in_block_state_and_round_trips(
stdout	case.toml:stdout:1446	a3a2201438bc732c2d4c3e6e977caeec29853e462b80069b95511d7637e1ac56	d19401a15a1fd19e266c68f57f59129c889477e9e490b1da827fa51ed74728a6	crates/veln-stdlib/veln/http2/hpack_test.veln#test header_block_encoder_preserves_order_reuses_in_block_state_and_round_trips(
stdout	case.toml:stdout:1447	25b7a6283605b1448b400049309cb1f34af4f255fcbd539b304a9da925130568	c9cdc2a6ac32b5b594efce5d43c3e1ce111e2526f8c76208d94dbb009754e7da	crates/veln-stdlib/veln/http2/core_test.veln#test outbound_request_headers_send_emits_hpack_bytes_and_creates_stream(
stdout	case.toml:stdout:1448	105ad9437e2ec2d328d738ac27da95bfd6725bc6e421747b33988f811178c7e3	c9cdc2a6ac32b5b594efce5d43c3e1ce111e2526f8c76208d94dbb009754e7da	crates/veln-stdlib/veln/http2/core_test.veln#test outbound_request_headers_send_emits_hpack_bytes_and_creates_stream(
stdout	case.toml:stdout:1449	8dec21606f1627305e81769060db1bf31fa7cac16579dc0335e62617e5590d94	d19401a15a1fd19e266c68f57f59129c889477e9e490b1da827fa51ed74728a6	crates/veln-stdlib/veln/http2/hpack_test.veln#test header_block_encoder_preserves_order_reuses_in_block_state_and_round_trips(
stdout	case.toml:stdout:1450	c34319f16302002731492d18a8c9f284a9d3bc00f2c84d598b8242780ff0a2eb	d19401a15a1fd19e266c68f57f59129c889477e9e490b1da827fa51ed74728a6	crates/veln-stdlib/veln/http2/hpack_test.veln#test header_block_encoder_preserves_order_reuses_in_block_state_and_round_trips(
stdout	case.toml:stdout:1451	5aa8083418689669b1e146aadd27eeec761829673c7e9e5fb40aa5e4ef11160a	d19401a15a1fd19e266c68f57f59129c889477e9e490b1da827fa51ed74728a6	crates/veln-stdlib/veln/http2/hpack_test.veln#test header_block_encoder_preserves_order_reuses_in_block_state_and_round_trips(
stdout	case.toml:stdout:1452	b720aea72da457e3608c13498742a681aab6d669a3d275da89e2b11ba6215999	c9cdc2a6ac32b5b594efce5d43c3e1ce111e2526f8c76208d94dbb009754e7da	crates/veln-stdlib/veln/http2/core_test.veln#test outbound_request_headers_send_emits_hpack_bytes_and_creates_stream(
stdout	case.toml:stdout:1453	127a1c6ebef5ea20e9a6ee2ddd083f011e95eb0ffa3bbb4c471ee23dbce3a5d6	c9cdc2a6ac32b5b594efce5d43c3e1ce111e2526f8c76208d94dbb009754e7da	crates/veln-stdlib/veln/http2/core_test.veln#test outbound_request_headers_send_emits_hpack_bytes_and_creates_stream(
stdout	case.toml:stdout:1454	cc1bcf52680799e6f69dccc653700ce99b9700941fd54dd0903204003496a42b	d19401a15a1fd19e266c68f57f59129c889477e9e490b1da827fa51ed74728a6	crates/veln-stdlib/veln/http2/hpack_test.veln#test header_block_encoder_preserves_order_reuses_in_block_state_and_round_trips(
stdout	case.toml:stdout:1455	47cdc8fc404c8f2ccfa812628d38ca3f7456af2488e93fe31aaea1725e489418	d19401a15a1fd19e266c68f57f59129c889477e9e490b1da827fa51ed74728a6	crates/veln-stdlib/veln/http2/hpack_test.veln#test header_block_encoder_preserves_order_reuses_in_block_state_and_round_trips(
stdout	case.toml:stdout:1456	535e2ca85514157f0281582f52d86d2049ab0384ca41c495ac8866d4d4cc3ed7	d19401a15a1fd19e266c68f57f59129c889477e9e490b1da827fa51ed74728a6	crates/veln-stdlib/veln/http2/hpack_test.veln#test header_block_encoder_preserves_order_reuses_in_block_state_and_round_trips(
stdout	case.toml:stdout:1457	1fc29a831b63741b983819ee1b5c21138c92fca1734aac44ad4e8786e52d9580	c9cdc2a6ac32b5b594efce5d43c3e1ce111e2526f8c76208d94dbb009754e7da	crates/veln-stdlib/veln/http2/core_test.veln#test outbound_request_headers_send_emits_hpack_bytes_and_creates_stream(
stdout	case.toml:stdout:1458	4e6596e4f9b03268fba832a171c6bfe7e23314468f0f14ff8352f683597b0bdd	c9cdc2a6ac32b5b594efce5d43c3e1ce111e2526f8c76208d94dbb009754e7da	crates/veln-stdlib/veln/http2/core_test.veln#test outbound_request_headers_send_emits_hpack_bytes_and_creates_stream(
stdout	case.toml:stdout:1459	0f80cc8993a34a388cd6a4aac26933f821672366fa26b1888a6d46a1d21bd694	d19401a15a1fd19e266c68f57f59129c889477e9e490b1da827fa51ed74728a6	crates/veln-stdlib/veln/http2/hpack_test.veln#test header_block_encoder_preserves_order_reuses_in_block_state_and_round_trips(
stdout	case.toml:stdout:1460	73e871839aa7e23e32351b0cec92707e32264664ab8d3690cc4adbb63fad11e2	d19401a15a1fd19e266c68f57f59129c889477e9e490b1da827fa51ed74728a6	crates/veln-stdlib/veln/http2/hpack_test.veln#test header_block_encoder_preserves_order_reuses_in_block_state_and_round_trips(
stdout	case.toml:stdout:1461	ed771c22152accdbc0b20f6f3bcf8ea5c81f4f4a4f3b4315fcfd5dfeee7a650e	c9cdc2a6ac32b5b594efce5d43c3e1ce111e2526f8c76208d94dbb009754e7da	crates/veln-stdlib/veln/http2/core_test.veln#test outbound_request_headers_send_emits_hpack_bytes_and_creates_stream(
stdout	case.toml:stdout:1462	ddcced8215554b2cb1fd23cc354bec29ad644a1f58f85b4ebf48ba7dee7ff8e5	c9cdc2a6ac32b5b594efce5d43c3e1ce111e2526f8c76208d94dbb009754e7da	crates/veln-stdlib/veln/http2/core_test.veln#test outbound_request_headers_send_emits_hpack_bytes_and_creates_stream(
stdout	case.toml:stdout:1463	a7fc590b58a19362108118e5c83f46e850fc672fbcb4d9869a876d5a48c37257	d19401a15a1fd19e266c68f57f59129c889477e9e490b1da827fa51ed74728a6	crates/veln-stdlib/veln/http2/hpack_test.veln#test header_block_encoder_preserves_order_reuses_in_block_state_and_round_trips(
stdout	case.toml:stdout:1464	e227e2bea2444b5ad63cc8cc937c1ac7e6d8b589d1b54d97e4cbf37da9376753	d19401a15a1fd19e266c68f57f59129c889477e9e490b1da827fa51ed74728a6	crates/veln-stdlib/veln/http2/hpack_test.veln#test header_block_encoder_preserves_order_reuses_in_block_state_and_round_trips(
stdout	case.toml:stdout:1465	39b1d75f01188bf0601894e2a0afb1a2e1dd42380b4cbbc888baf92b4f1a6c36	d19401a15a1fd19e266c68f57f59129c889477e9e490b1da827fa51ed74728a6	crates/veln-stdlib/veln/http2/hpack_test.veln#test header_block_encoder_preserves_order_reuses_in_block_state_and_round_trips(
stdout	case.toml:stdout:1466	6e2587bea7f13d5c34b38c44f8f6b31bd1af278e2d0a605305a456b37ca3ea8f	c9cdc2a6ac32b5b594efce5d43c3e1ce111e2526f8c76208d94dbb009754e7da	crates/veln-stdlib/veln/http2/core_test.veln#test outbound_request_headers_send_emits_hpack_bytes_and_creates_stream(
stdout	case.toml:stdout:1467	8eaa2a5ba71b0477bf9b8bdf4315ec12762239d1b664eefecef2d642d29ced3d	c9cdc2a6ac32b5b594efce5d43c3e1ce111e2526f8c76208d94dbb009754e7da	crates/veln-stdlib/veln/http2/core_test.veln#test outbound_request_headers_send_emits_hpack_bytes_and_creates_stream(
stdout	case.toml:stdout:1468	7df8954b04fa1ba3186e1c07c76010dd3722afb4196bfb033e50f5e137974dcb	d19401a15a1fd19e266c68f57f59129c889477e9e490b1da827fa51ed74728a6	crates/veln-stdlib/veln/http2/hpack_test.veln#test header_block_encoder_preserves_order_reuses_in_block_state_and_round_trips(
stdout	case.toml:stdout:1469	c0dffd5ba553f799cf73f1c05cc4f731942e656d6645d10f1e6ee97f2e9ed46c	d19401a15a1fd19e266c68f57f59129c889477e9e490b1da827fa51ed74728a6	crates/veln-stdlib/veln/http2/hpack_test.veln#test header_block_encoder_preserves_order_reuses_in_block_state_and_round_trips(
stdout	case.toml:stdout:1470	4d69c3ccf7fe9449921c03ebf1e5519536f53d48abf903c7c9a2ecad4e016737	d19401a15a1fd19e266c68f57f59129c889477e9e490b1da827fa51ed74728a6	crates/veln-stdlib/veln/http2/hpack_test.veln#test header_block_encoder_preserves_order_reuses_in_block_state_and_round_trips(
stdout	case.toml:stdout:1471	0190383617061a242aad6b6a1b239d1fcc7af14e4d756e4536f6a272d6c967aa	c9cdc2a6ac32b5b594efce5d43c3e1ce111e2526f8c76208d94dbb009754e7da	crates/veln-stdlib/veln/http2/core_test.veln#test outbound_request_headers_send_emits_hpack_bytes_and_creates_stream(
stdout	case.toml:stdout:1472	a62b617d8ab2e9a9cf5a1343f6686f0f8233489ec4e8b1bb39c85635dab79f6c	c9cdc2a6ac32b5b594efce5d43c3e1ce111e2526f8c76208d94dbb009754e7da	crates/veln-stdlib/veln/http2/core_test.veln#test outbound_request_headers_send_emits_hpack_bytes_and_creates_stream(
stdout	case.toml:stdout:1473	8d2e57ac2eef89f21398771304854a2b8340dd0c05a4a472258f07543ba966dd	d19401a15a1fd19e266c68f57f59129c889477e9e490b1da827fa51ed74728a6	crates/veln-stdlib/veln/http2/hpack_test.veln#test header_block_encoder_preserves_order_reuses_in_block_state_and_round_trips(
stdout	case.toml:stdout:1474	7506f235096874fd05c5dd28ed72edeecf2a0d3cfea7fff685ad6aa02ea107e0	d19401a15a1fd19e266c68f57f59129c889477e9e490b1da827fa51ed74728a6	crates/veln-stdlib/veln/http2/hpack_test.veln#test header_block_encoder_preserves_order_reuses_in_block_state_and_round_trips(
stdout	case.toml:stdout:1475	7e1ee9aa5ca09173f63499ee08051370229df8671fc20475d618781881d64485	c9cdc2a6ac32b5b594efce5d43c3e1ce111e2526f8c76208d94dbb009754e7da	crates/veln-stdlib/veln/http2/core_test.veln#test outbound_request_headers_send_emits_hpack_bytes_and_creates_stream(
stdout	case.toml:stdout:1476	61de78a37bd01448733bb58571280f3249eb318168bf868152682aedc804e6c5	c9cdc2a6ac32b5b594efce5d43c3e1ce111e2526f8c76208d94dbb009754e7da	crates/veln-stdlib/veln/http2/core_test.veln#test outbound_request_headers_send_emits_hpack_bytes_and_creates_stream(
stdout	case.toml:stdout:1477	14840ba23a9291f0f1b02bf80c32eb30b08d5e2ce105508883d1456471bca1b3	d19401a15a1fd19e266c68f57f59129c889477e9e490b1da827fa51ed74728a6	crates/veln-stdlib/veln/http2/hpack_test.veln#test header_block_encoder_preserves_order_reuses_in_block_state_and_round_trips(
stdout	case.toml:stdout:1478	627178bf1cd32c8d2f6e3a2b2a9b19b5562afa5db81f58a162c4708097ddce16	d19401a15a1fd19e266c68f57f59129c889477e9e490b1da827fa51ed74728a6	crates/veln-stdlib/veln/http2/hpack_test.veln#test header_block_encoder_preserves_order_reuses_in_block_state_and_round_trips(
stdout	case.toml:stdout:1479	ccb493cc6d3c0fde9a93a2fc838074cfcdbd46641c336cada5ffba6ad0bf52a8	d19401a15a1fd19e266c68f57f59129c889477e9e490b1da827fa51ed74728a6	crates/veln-stdlib/veln/http2/hpack_test.veln#test header_block_encoder_preserves_order_reuses_in_block_state_and_round_trips(
stdout	case.toml:stdout:1480	3eee6ec781d7d9663b4984454348a49896aa302b1dc691d7c6fef4376c2d1ebc	d19401a15a1fd19e266c68f57f59129c889477e9e490b1da827fa51ed74728a6	crates/veln-stdlib/veln/http2/hpack_test.veln#test header_block_encoder_preserves_order_reuses_in_block_state_and_round_trips(
stdout	case.toml:stdout:1481	e139067b84dcec91f4b092b7f07b01ac4d33eb89c35fd173e335b56a77bdcf39	d19401a15a1fd19e266c68f57f59129c889477e9e490b1da827fa51ed74728a6	crates/veln-stdlib/veln/http2/hpack_test.veln#test header_block_encoder_preserves_order_reuses_in_block_state_and_round_trips(
stdout	case.toml:stdout:1482	b736fbd9815d32f4b290e9d39c28dcf15eb9270aabd96032ecbbb8bc92272db3	d19401a15a1fd19e266c68f57f59129c889477e9e490b1da827fa51ed74728a6	crates/veln-stdlib/veln/http2/hpack_test.veln#test header_block_encoder_preserves_order_reuses_in_block_state_and_round_trips(
stdout	case.toml:stdout:1483	1745f3f9481479293e70f0e894fe752acc909bed3653d1145d81fe4aa56a76f6	c9cdc2a6ac32b5b594efce5d43c3e1ce111e2526f8c76208d94dbb009754e7da	crates/veln-stdlib/veln/http2/core_test.veln#test outbound_request_headers_send_emits_hpack_bytes_and_creates_stream(
stdout	case.toml:stdout:1484	8a059b17370edf368329869d2e64013673f342c7ef94faa18b5bb4118fd44ed5	c9cdc2a6ac32b5b594efce5d43c3e1ce111e2526f8c76208d94dbb009754e7da	crates/veln-stdlib/veln/http2/core_test.veln#test outbound_request_headers_send_emits_hpack_bytes_and_creates_stream(
stdout	case.toml:stdout:1485	eeb854d4436d63db1ec50b0767b1efa92ad0ea23a3819f6b82b57aada880f781	d19401a15a1fd19e266c68f57f59129c889477e9e490b1da827fa51ed74728a6	crates/veln-stdlib/veln/http2/hpack_test.veln#test header_block_encoder_preserves_order_reuses_in_block_state_and_round_trips(
stdout	case.toml:stdout:1486	ad7d655b73b4827a4ead3c9f96ed9009ff5be11f7e525022ad49b9badf7d4075	d19401a15a1fd19e266c68f57f59129c889477e9e490b1da827fa51ed74728a6	crates/veln-stdlib/veln/http2/hpack_test.veln#test header_block_encoder_preserves_order_reuses_in_block_state_and_round_trips(
stdout	case.toml:stdout:1487	5608fb9ea8b55855de0fb11de257a7f205b1a17ff80647841e819baa4cbaefa4	d19401a15a1fd19e266c68f57f59129c889477e9e490b1da827fa51ed74728a6	crates/veln-stdlib/veln/http2/hpack_test.veln#test header_block_encoder_preserves_order_reuses_in_block_state_and_round_trips(
stdout	case.toml:stdout:1488	814bff0375625a280afc0af32563dbecdb5f677a7c0434d7541b533944314862	c9cdc2a6ac32b5b594efce5d43c3e1ce111e2526f8c76208d94dbb009754e7da	crates/veln-stdlib/veln/http2/core_test.veln#test outbound_request_headers_send_emits_hpack_bytes_and_creates_stream(
stdout	case.toml:stdout:1489	2c518bca9481fd16e42ee7e25bfa63c340efd607b41a548d2b95c54f2bcc677f	c9cdc2a6ac32b5b594efce5d43c3e1ce111e2526f8c76208d94dbb009754e7da	crates/veln-stdlib/veln/http2/core_test.veln#test outbound_request_headers_send_emits_hpack_bytes_and_creates_stream(
stdout	case.toml:stdout:1490	54bdb91e85385237d3b4b6eab7985ca5f9407827286d56de74108cb0c9ef51d7	d19401a15a1fd19e266c68f57f59129c889477e9e490b1da827fa51ed74728a6	crates/veln-stdlib/veln/http2/hpack_test.veln#test header_block_encoder_preserves_order_reuses_in_block_state_and_round_trips(
stdout	case.toml:stdout:1491	0b8bb4e739c8d5097c135a97da2196e1f522e5048d25b13f9b2b0a59513e296f	d19401a15a1fd19e266c68f57f59129c889477e9e490b1da827fa51ed74728a6	crates/veln-stdlib/veln/http2/hpack_test.veln#test header_block_encoder_preserves_order_reuses_in_block_state_and_round_trips(
stdout	case.toml:stdout:1492	790f9db3a06fea03b88957d04f71b1f0fc1110396e29c2a2c4bbaa067d176cf7	c9cdc2a6ac32b5b594efce5d43c3e1ce111e2526f8c76208d94dbb009754e7da	crates/veln-stdlib/veln/http2/core_test.veln#test outbound_request_headers_send_emits_hpack_bytes_and_creates_stream(
stdout	case.toml:stdout:1493	17824e18a6c19b1cc0e0d58c742aa6531c62d317d395e783dde1efa938e4ae65	c9cdc2a6ac32b5b594efce5d43c3e1ce111e2526f8c76208d94dbb009754e7da	crates/veln-stdlib/veln/http2/core_test.veln#test outbound_request_headers_send_emits_hpack_bytes_and_creates_stream(
stdout	case.toml:stdout:1494	74494695168b1d94e8dcdf5f4590990516335b02178dade3963d987c20721e72	d19401a15a1fd19e266c68f57f59129c889477e9e490b1da827fa51ed74728a6	crates/veln-stdlib/veln/http2/hpack_test.veln#test header_block_encoder_preserves_order_reuses_in_block_state_and_round_trips(
stdout	case.toml:stdout:1495	66b6d120153386d0b36ec86d6f0f42827650800f2a1636a85d6868f604c95963	d19401a15a1fd19e266c68f57f59129c889477e9e490b1da827fa51ed74728a6	crates/veln-stdlib/veln/http2/hpack_test.veln#test header_block_encoder_preserves_order_reuses_in_block_state_and_round_trips(
stdout	case.toml:stdout:1496	60dd9d8d6d792f1b93be3202cf847809986ea25e5ca0e3291fa344e8b19efd6e	d19401a15a1fd19e266c68f57f59129c889477e9e490b1da827fa51ed74728a6	crates/veln-stdlib/veln/http2/hpack_test.veln#test header_block_encoder_preserves_order_reuses_in_block_state_and_round_trips(
stdout	case.toml:stdout:1497	7803f6a51fdb4eea154e179bc5fe9ba969c14044da9ef8c8e42213a72dd14a06	d19401a15a1fd19e266c68f57f59129c889477e9e490b1da827fa51ed74728a6	crates/veln-stdlib/veln/http2/hpack_test.veln#test header_block_encoder_preserves_order_reuses_in_block_state_and_round_trips(
stdout	case.toml:stdout:1498	a975febce1a1733d0e7df792281ba44df2d5fccecc6d49c69ed5e288290288cf	c9cdc2a6ac32b5b594efce5d43c3e1ce111e2526f8c76208d94dbb009754e7da	crates/veln-stdlib/veln/http2/core_test.veln#test outbound_request_headers_send_emits_hpack_bytes_and_creates_stream(
stdout	case.toml:stdout:1499	cdfd33b6d3f78888deb8de5380b434111afbc2b5eb5fac4df94ab838abad05e4	c9cdc2a6ac32b5b594efce5d43c3e1ce111e2526f8c76208d94dbb009754e7da	crates/veln-stdlib/veln/http2/core_test.veln#test outbound_request_headers_send_emits_hpack_bytes_and_creates_stream(
stdout	case.toml:stdout:1500	c291bf0333639803699b829ccd75a6544ac7efd670d713bff877ca873e3a95b9	d19401a15a1fd19e266c68f57f59129c889477e9e490b1da827fa51ed74728a6	crates/veln-stdlib/veln/http2/hpack_test.veln#test header_block_encoder_preserves_order_reuses_in_block_state_and_round_trips(
stdout	case.toml:stdout:1501	84fc14b5d229dcefe2758acdc57d74c8330c74dbe41e20895607b1d431bf14b5	d19401a15a1fd19e266c68f57f59129c889477e9e490b1da827fa51ed74728a6	crates/veln-stdlib/veln/http2/hpack_test.veln#test header_block_encoder_preserves_order_reuses_in_block_state_and_round_trips(
stdout	case.toml:stdout:1502	a1b7ed41bdcaf7f615f4d0104fa197c74b0e4276870c2ed90df6cc3dfa019215	c9cdc2a6ac32b5b594efce5d43c3e1ce111e2526f8c76208d94dbb009754e7da	crates/veln-stdlib/veln/http2/core_test.veln#test outbound_request_headers_send_emits_hpack_bytes_and_creates_stream(
stdout	case.toml:stdout:1503	86e50c1d1d7f739a2b0062d64a3bb6fd7185b3cbb0146c736570b1ce4912bed7	c9cdc2a6ac32b5b594efce5d43c3e1ce111e2526f8c76208d94dbb009754e7da	crates/veln-stdlib/veln/http2/core_test.veln#test outbound_request_headers_send_emits_hpack_bytes_and_creates_stream(
stdout	case.toml:stdout:1504	b2a6c311b1b5471e83c5652ec5639ef9d8225c26371259f54af5634ab92d0837	d19401a15a1fd19e266c68f57f59129c889477e9e490b1da827fa51ed74728a6	crates/veln-stdlib/veln/http2/hpack_test.veln#test header_block_encoder_preserves_order_reuses_in_block_state_and_round_trips(
stdout	case.toml:stdout:1505	9fcb63691f505c07cd6fb9e95d97448a96bfac23d58dab95caf51b4a93ad52d1	d19401a15a1fd19e266c68f57f59129c889477e9e490b1da827fa51ed74728a6	crates/veln-stdlib/veln/http2/hpack_test.veln#test header_block_encoder_preserves_order_reuses_in_block_state_and_round_trips(
stdout	case.toml:stdout:1506	e83a031005d95db11e244a9a12d94759f60b075c16304209d5bb6dcc94c866c9	d19401a15a1fd19e266c68f57f59129c889477e9e490b1da827fa51ed74728a6	crates/veln-stdlib/veln/http2/hpack_test.veln#test header_block_encoder_preserves_order_reuses_in_block_state_and_round_trips(
stdout	case.toml:stdout:1507	c4aca0c36c50bc98bdf7da1bce9b1cd2e48fb40c59b77747590944999e1c9d69	c9cdc2a6ac32b5b594efce5d43c3e1ce111e2526f8c76208d94dbb009754e7da	crates/veln-stdlib/veln/http2/core_test.veln#test outbound_request_headers_send_emits_hpack_bytes_and_creates_stream(
stdout	case.toml:stdout:1508	b2b727b258b5c6c39c556804caf050d244eb03b467c3f885fbf8e146b126bf4d	c9cdc2a6ac32b5b594efce5d43c3e1ce111e2526f8c76208d94dbb009754e7da	crates/veln-stdlib/veln/http2/core_test.veln#test outbound_request_headers_send_emits_hpack_bytes_and_creates_stream(
stdout	case.toml:stdout:1509	970058646d8c58b262458be11f8777aa3a8a23242514f96e48bca93f52c1e306	d19401a15a1fd19e266c68f57f59129c889477e9e490b1da827fa51ed74728a6	crates/veln-stdlib/veln/http2/hpack_test.veln#test header_block_encoder_preserves_order_reuses_in_block_state_and_round_trips(
stdout	case.toml:stdout:1510	eee0264ad93662c59ed4ab71c7123ebaba57aac3d72a802960251d5ab8b6a6bf	d19401a15a1fd19e266c68f57f59129c889477e9e490b1da827fa51ed74728a6	crates/veln-stdlib/veln/http2/hpack_test.veln#test header_block_encoder_preserves_order_reuses_in_block_state_and_round_trips(
stdout	case.toml:stdout:1511	0f3e9c1b662b16e0b80c6c94df4ee8c5a4e140dbecfc885d4b5ca624ec6d9bce	d19401a15a1fd19e266c68f57f59129c889477e9e490b1da827fa51ed74728a6	crates/veln-stdlib/veln/http2/hpack_test.veln#test header_block_encoder_preserves_order_reuses_in_block_state_and_round_trips(
stdout	case.toml:stdout:1512	ffd130595c663d2b21fed0acc6e331322e7d6d150a89e333c556a41cf9da94b5	c9cdc2a6ac32b5b594efce5d43c3e1ce111e2526f8c76208d94dbb009754e7da	crates/veln-stdlib/veln/http2/core_test.veln#test outbound_request_headers_send_emits_hpack_bytes_and_creates_stream(
stdout	case.toml:stdout:1513	371f39da3c3121885204eb0408b417175286434e8c9988ded16c97a1fa3855a5	c9cdc2a6ac32b5b594efce5d43c3e1ce111e2526f8c76208d94dbb009754e7da	crates/veln-stdlib/veln/http2/core_test.veln#test outbound_request_headers_send_emits_hpack_bytes_and_creates_stream(
stdout	case.toml:stdout:1514	d90e659b92722e5a5cf554e56098edb5e39737dcc51af23fbbd3e22482a9dadf	d19401a15a1fd19e266c68f57f59129c889477e9e490b1da827fa51ed74728a6	crates/veln-stdlib/veln/http2/hpack_test.veln#test header_block_encoder_preserves_order_reuses_in_block_state_and_round_trips(
stdout	case.toml:stdout:1515	e2feb71e966a7f3537711c9cd9744ceb6c585661ee348fb75b33cf800605ea86	d19401a15a1fd19e266c68f57f59129c889477e9e490b1da827fa51ed74728a6	crates/veln-stdlib/veln/http2/hpack_test.veln#test header_block_encoder_preserves_order_reuses_in_block_state_and_round_trips(
stdout	case.toml:stdout:1516	25680ed2230caafe12cc1f5754a7c5b855943ade96e7ba9b889f2e334fd53efb	d19401a15a1fd19e266c68f57f59129c889477e9e490b1da827fa51ed74728a6	crates/veln-stdlib/veln/http2/hpack_test.veln#test header_block_encoder_preserves_order_reuses_in_block_state_and_round_trips(
stdout	case.toml:stdout:1517	0c6f96b8bb0376c201750f8e50678f68047547b2f570518bb1c65553238c209d	c9cdc2a6ac32b5b594efce5d43c3e1ce111e2526f8c76208d94dbb009754e7da	crates/veln-stdlib/veln/http2/core_test.veln#test outbound_request_headers_send_emits_hpack_bytes_and_creates_stream(
stdout	case.toml:stdout:1518	e14c5a9b7938ba3fb77ca02882b211de820c3a11f0eae181b5c0f6275743a9cf	c9cdc2a6ac32b5b594efce5d43c3e1ce111e2526f8c76208d94dbb009754e7da	crates/veln-stdlib/veln/http2/core_test.veln#test outbound_request_headers_send_emits_hpack_bytes_and_creates_stream(
stdout	case.toml:stdout:1519	1c31ef0d334763b8b25b02fc4616adc63cf20c0da7e9ad78e83e3a8d9e5a59c8	d19401a15a1fd19e266c68f57f59129c889477e9e490b1da827fa51ed74728a6	crates/veln-stdlib/veln/http2/hpack_test.veln#test header_block_encoder_preserves_order_reuses_in_block_state_and_round_trips(
stdout	case.toml:stdout:1520	b8db9d4fa3036e45fce93e71539fdfe8f8e85181d85c55705d6dc8b464194576	d19401a15a1fd19e266c68f57f59129c889477e9e490b1da827fa51ed74728a6	crates/veln-stdlib/veln/http2/hpack_test.veln#test header_block_encoder_preserves_order_reuses_in_block_state_and_round_trips(
stdout	case.toml:stdout:1521	bc30beea4031d5cac4d6af19c4580e2b483cb9999ee716a0edbbd2ec7f16531f	d19401a15a1fd19e266c68f57f59129c889477e9e490b1da827fa51ed74728a6	crates/veln-stdlib/veln/http2/hpack_test.veln#test header_block_encoder_preserves_order_reuses_in_block_state_and_round_trips(
stdout	case.toml:stdout:1522	d77cc876432801db533db2d65a3eb4e76a7d5978cad10c258f24738c66e3a8b1	c9cdc2a6ac32b5b594efce5d43c3e1ce111e2526f8c76208d94dbb009754e7da	crates/veln-stdlib/veln/http2/core_test.veln#test outbound_request_headers_send_emits_hpack_bytes_and_creates_stream(
stdout	case.toml:stdout:1523	80a9c5d49037df0a53bb0dc7b258f8142c67b1d796542e8482eb6f927cd25a59	c9cdc2a6ac32b5b594efce5d43c3e1ce111e2526f8c76208d94dbb009754e7da	crates/veln-stdlib/veln/http2/core_test.veln#test outbound_request_headers_send_emits_hpack_bytes_and_creates_stream(
stdout	case.toml:stdout:1524	3c0de611917bef94324900a7d696bd1b8e89495d2558c39c1e30904b4d33ecec	d19401a15a1fd19e266c68f57f59129c889477e9e490b1da827fa51ed74728a6	crates/veln-stdlib/veln/http2/hpack_test.veln#test header_block_encoder_preserves_order_reuses_in_block_state_and_round_trips(
stdout	case.toml:stdout:1525	79402d365a174103d84e7c1a98c9a78466c4dce16e51869ea7d5e9c48f0c2f34	d19401a15a1fd19e266c68f57f59129c889477e9e490b1da827fa51ed74728a6	crates/veln-stdlib/veln/http2/hpack_test.veln#test header_block_encoder_preserves_order_reuses_in_block_state_and_round_trips(
stdout	case.toml:stdout:1526	0fe31710cd9a79a496fb94b61bb19321b8c9b655467107274e0fc2aa55b7857c	d19401a15a1fd19e266c68f57f59129c889477e9e490b1da827fa51ed74728a6	crates/veln-stdlib/veln/http2/hpack_test.veln#test header_block_encoder_preserves_order_reuses_in_block_state_and_round_trips(
stdout	case.toml:stdout:1527	5f5e6c4e9eec4d0c53f184d9f34f75a4f1fe1cfba6b9704fedb809cf56ff4241	c9cdc2a6ac32b5b594efce5d43c3e1ce111e2526f8c76208d94dbb009754e7da	crates/veln-stdlib/veln/http2/core_test.veln#test outbound_request_headers_send_emits_hpack_bytes_and_creates_stream(
stdout	case.toml:stdout:1528	ebd12fe74f9212a18e5247002a45578036459d882ee02f6ed174cc6a16fbce0e	c9cdc2a6ac32b5b594efce5d43c3e1ce111e2526f8c76208d94dbb009754e7da	crates/veln-stdlib/veln/http2/core_test.veln#test outbound_request_headers_send_emits_hpack_bytes_and_creates_stream(
stdout	case.toml:stdout:1529	f31818314aec024b5460451e202877d27185fe994f840fe3484ccdda799028a1	d19401a15a1fd19e266c68f57f59129c889477e9e490b1da827fa51ed74728a6	crates/veln-stdlib/veln/http2/hpack_test.veln#test header_block_encoder_preserves_order_reuses_in_block_state_and_round_trips(
stdout	case.toml:stdout:1530	559009e709e815fb4b98767e16c4bea860cda1dcf71564afe845f0f856b1a726	d19401a15a1fd19e266c68f57f59129c889477e9e490b1da827fa51ed74728a6	crates/veln-stdlib/veln/http2/hpack_test.veln#test header_block_encoder_preserves_order_reuses_in_block_state_and_round_trips(
stdout	case.toml:stdout:1531	fc09c2d03e26b6888c5ee8110df6800e1344198f49bde909201e80d2c02ac427	c9cdc2a6ac32b5b594efce5d43c3e1ce111e2526f8c76208d94dbb009754e7da	crates/veln-stdlib/veln/http2/core_test.veln#test outbound_request_headers_send_emits_hpack_bytes_and_creates_stream(
stdout	case.toml:stdout:1532	b99c7ea3de5aa653020751b0c049370e11f066153172f810d5cfdf2c81a7a89c	c9cdc2a6ac32b5b594efce5d43c3e1ce111e2526f8c76208d94dbb009754e7da	crates/veln-stdlib/veln/http2/core_test.veln#test outbound_request_headers_send_emits_hpack_bytes_and_creates_stream(
stdout	case.toml:stdout:1533	10487a592de7bc8ce5a5c9c0758cb4f7725764189bfc8e30b15100cc1d3ced46	d19401a15a1fd19e266c68f57f59129c889477e9e490b1da827fa51ed74728a6	crates/veln-stdlib/veln/http2/hpack_test.veln#test header_block_encoder_preserves_order_reuses_in_block_state_and_round_trips(
stdout	case.toml:stdout:1534	e603f3b0794c5e48df7c5499bb947861e336f02d0ca9bf682f6e70e3e87fec3f	d19401a15a1fd19e266c68f57f59129c889477e9e490b1da827fa51ed74728a6	crates/veln-stdlib/veln/http2/hpack_test.veln#test header_block_encoder_preserves_order_reuses_in_block_state_and_round_trips(
stdout	case.toml:stdout:1535	a4703b0b73b41c6737f6ac371dda14e76f7ac4a599e0a2eb7cf67eabc189180f	d19401a15a1fd19e266c68f57f59129c889477e9e490b1da827fa51ed74728a6	crates/veln-stdlib/veln/http2/hpack_test.veln#test header_block_encoder_preserves_order_reuses_in_block_state_and_round_trips(
stdout	case.toml:stdout:1536	d17b532ef0be0dbdb8529741cb23948e611002b4b6b53880e8a09b8751a01a5a	c9cdc2a6ac32b5b594efce5d43c3e1ce111e2526f8c76208d94dbb009754e7da	crates/veln-stdlib/veln/http2/core_test.veln#test outbound_request_headers_send_emits_hpack_bytes_and_creates_stream(
stdout	case.toml:stdout:1537	7c2ab89405eb7e476ead3f22918a8f639c0844cd64a94e834e9256eade1b44b2	c9cdc2a6ac32b5b594efce5d43c3e1ce111e2526f8c76208d94dbb009754e7da	crates/veln-stdlib/veln/http2/core_test.veln#test outbound_request_headers_send_emits_hpack_bytes_and_creates_stream(
stdout	case.toml:stdout:1538	aad35648c7e379f11acafc97a6e152ec303cf1f9142d7f806f6df4408b45e117	d19401a15a1fd19e266c68f57f59129c889477e9e490b1da827fa51ed74728a6	crates/veln-stdlib/veln/http2/hpack_test.veln#test header_block_encoder_preserves_order_reuses_in_block_state_and_round_trips(
stdout	case.toml:stdout:1539	2352eef69841a0ec42933f6bedaa98f5af4167173b93b557ee80fffb38a045cd	d19401a15a1fd19e266c68f57f59129c889477e9e490b1da827fa51ed74728a6	crates/veln-stdlib/veln/http2/hpack_test.veln#test header_block_encoder_preserves_order_reuses_in_block_state_and_round_trips(
stdout	case.toml:stdout:1540	2f4bfc80c383dbd4fb9a592867334506f4aa5ec1a84f279fc02a018f054fea4d	d19401a15a1fd19e266c68f57f59129c889477e9e490b1da827fa51ed74728a6	crates/veln-stdlib/veln/http2/hpack_test.veln#test header_block_encoder_preserves_order_reuses_in_block_state_and_round_trips(
stdout	case.toml:stdout:1541	5a2913a8cfe34a8fcfd866e0aecf1e2290f4086d8adb781d19a9535aca4a4779	c9cdc2a6ac32b5b594efce5d43c3e1ce111e2526f8c76208d94dbb009754e7da	crates/veln-stdlib/veln/http2/core_test.veln#test outbound_request_headers_send_emits_hpack_bytes_and_creates_stream(
stdout	case.toml:stdout:1542	77c83784ecbb7c7ee057d96bed6c86bf2d065ace0c9d45f332f81578899b5d74	c9cdc2a6ac32b5b594efce5d43c3e1ce111e2526f8c76208d94dbb009754e7da	crates/veln-stdlib/veln/http2/core_test.veln#test outbound_request_headers_send_emits_hpack_bytes_and_creates_stream(
stdout	case.toml:stdout:1543	76149139eee123923ff71c8e8ec721bd2463868a1db634156ca60391ebf3fc28	d19401a15a1fd19e266c68f57f59129c889477e9e490b1da827fa51ed74728a6	crates/veln-stdlib/veln/http2/hpack_test.veln#test header_block_encoder_preserves_order_reuses_in_block_state_and_round_trips(
stdout	case.toml:stdout:1544	ad6d27a4ca325b95fe1d0a9b3191d3a24d981c670decde75567a94a56446aa59	d19401a15a1fd19e266c68f57f59129c889477e9e490b1da827fa51ed74728a6	crates/veln-stdlib/veln/http2/hpack_test.veln#test header_block_encoder_preserves_order_reuses_in_block_state_and_round_trips(
stdout	case.toml:stdout:1545	af88329e4d2959c62eabb65b0e31fe730aa02ba58dbaca85c1e54c0de6ddd4de	c9cdc2a6ac32b5b594efce5d43c3e1ce111e2526f8c76208d94dbb009754e7da	crates/veln-stdlib/veln/http2/core_test.veln#test outbound_request_headers_send_emits_hpack_bytes_and_creates_stream(
stdout	case.toml:stdout:1546	738f5717a07d17d508e5131802862ad9a80773436d99b5a576cb0fc56d7f4a3c	c9cdc2a6ac32b5b594efce5d43c3e1ce111e2526f8c76208d94dbb009754e7da	crates/veln-stdlib/veln/http2/core_test.veln#test outbound_request_headers_send_emits_hpack_bytes_and_creates_stream(
stdout	case.toml:stdout:1547	154988b709c97e11c19e609f114aa6835a35db901e7fa572d2ca027a0987c4bd	d19401a15a1fd19e266c68f57f59129c889477e9e490b1da827fa51ed74728a6	crates/veln-stdlib/veln/http2/hpack_test.veln#test header_block_encoder_preserves_order_reuses_in_block_state_and_round_trips(
stdout	case.toml:stdout:1548	7118366bdcebdfe3e72442e877ae2f83384f831d700baf6c985681331beba829	d19401a15a1fd19e266c68f57f59129c889477e9e490b1da827fa51ed74728a6	crates/veln-stdlib/veln/http2/hpack_test.veln#test header_block_encoder_preserves_order_reuses_in_block_state_and_round_trips(
stdout	case.toml:stdout:1549	746845fb35391b7fab675ab8834ff2fd7756959d6f5a473a44c1471d5cd23c66	d19401a15a1fd19e266c68f57f59129c889477e9e490b1da827fa51ed74728a6	crates/veln-stdlib/veln/http2/hpack_test.veln#test header_block_encoder_preserves_order_reuses_in_block_state_and_round_trips(
stdout	case.toml:stdout:1550	619f2f9bcc8d0191961795b69dd451c399f236a7005ebf12ff6f9d0b824bd528	c9cdc2a6ac32b5b594efce5d43c3e1ce111e2526f8c76208d94dbb009754e7da	crates/veln-stdlib/veln/http2/core_test.veln#test outbound_request_headers_send_emits_hpack_bytes_and_creates_stream(
stdout	case.toml:stdout:1551	1f532f5eadfd815da90654646ddc7511b1bb39e5068d9cbb88f4fe435704e008	c9cdc2a6ac32b5b594efce5d43c3e1ce111e2526f8c76208d94dbb009754e7da	crates/veln-stdlib/veln/http2/core_test.veln#test outbound_request_headers_send_emits_hpack_bytes_and_creates_stream(
stdout	case.toml:stdout:1552	fea01f14410f83b9f6fc1b99e7245bca856a35a9f8176ba704aa985f0dda5a61	d19401a15a1fd19e266c68f57f59129c889477e9e490b1da827fa51ed74728a6	crates/veln-stdlib/veln/http2/hpack_test.veln#test header_block_encoder_preserves_order_reuses_in_block_state_and_round_trips(
stdout	case.toml:stdout:1553	d97f11ae1bb81177552c2ce0e0fb2e6abce7b04fffb986c492dd2fd58d2f1cb6	d19401a15a1fd19e266c68f57f59129c889477e9e490b1da827fa51ed74728a6	crates/veln-stdlib/veln/http2/hpack_test.veln#test header_block_encoder_preserves_order_reuses_in_block_state_and_round_trips(
stdout	case.toml:stdout:1554	9b30fb6a842b8deeb2e97b64e2abb22b7839602594bdf5a2dff409f318825fe0	c9cdc2a6ac32b5b594efce5d43c3e1ce111e2526f8c76208d94dbb009754e7da	crates/veln-stdlib/veln/http2/core_test.veln#test outbound_request_headers_send_emits_hpack_bytes_and_creates_stream(
stdout	case.toml:stdout:1555	23f435b756893669a812a4f0aaa705f8d2efc2922b2c5c924a94a68107617a70	d19401a15a1fd19e266c68f57f59129c889477e9e490b1da827fa51ed74728a6	crates/veln-stdlib/veln/http2/hpack_test.veln#test header_block_encoder_preserves_order_reuses_in_block_state_and_round_trips(
stdout	case.toml:stdout:1556	1572a05900faf3ff4662f0704cbc47fb6c8796f9cf7d9312ceac8d3d49d76df6	c9cdc2a6ac32b5b594efce5d43c3e1ce111e2526f8c76208d94dbb009754e7da	crates/veln-stdlib/veln/http2/core_test.veln#test outbound_request_headers_send_emits_hpack_bytes_and_creates_stream(
stdout	case.toml:stdout:1557	355d893c083ce93ed1c1d4b0b21480397269b98addac964d0b983c8356a6de63	c9cdc2a6ac32b5b594efce5d43c3e1ce111e2526f8c76208d94dbb009754e7da	crates/veln-stdlib/veln/http2/core_test.veln#test outbound_request_headers_send_emits_hpack_bytes_and_creates_stream(
stdout	case.toml:stdout:1558	a4fb342d8a406476149ecb7325d6f470663684e3d29cac49c0b7b764b886e881	d19401a15a1fd19e266c68f57f59129c889477e9e490b1da827fa51ed74728a6	crates/veln-stdlib/veln/http2/hpack_test.veln#test header_block_encoder_preserves_order_reuses_in_block_state_and_round_trips(
stdout	case.toml:stdout:1559	1c14e1cea83ffeaa80ac4d160f99cb4b90eb18b7fb4ede4a1621e8577dec54eb	c9cdc2a6ac32b5b594efce5d43c3e1ce111e2526f8c76208d94dbb009754e7da	crates/veln-stdlib/veln/http2/core_test.veln#test outbound_request_headers_send_emits_hpack_bytes_and_creates_stream(
stdout	case.toml:stdout:1560	2c50c0c1f320b6104a8bdc0aac506e3094efc1046e1c086f72ab5e57abe32961	c9cdc2a6ac32b5b594efce5d43c3e1ce111e2526f8c76208d94dbb009754e7da	crates/veln-stdlib/veln/http2/core_test.veln#test outbound_request_headers_send_emits_hpack_bytes_and_creates_stream(
stdout	case.toml:stdout:1561	f6a5acd30e8cdfc573fbdfc473c133e824eb16063b704ce33d1541e0d00c635e	d19401a15a1fd19e266c68f57f59129c889477e9e490b1da827fa51ed74728a6	crates/veln-stdlib/veln/http2/hpack_test.veln#test header_block_encoder_preserves_order_reuses_in_block_state_and_round_trips(
stdout	case.toml:stdout:1562	e604c1724a41e0eb9a0641c12a454d6aac65dbca073dc5a211e2a90a8f2d1a61	c9cdc2a6ac32b5b594efce5d43c3e1ce111e2526f8c76208d94dbb009754e7da	crates/veln-stdlib/veln/http2/core_test.veln#test outbound_request_headers_send_emits_hpack_bytes_and_creates_stream(
stdout	case.toml:stdout:1563	dfcbcc24ae6dc5201833fd62d8b47ad5abe92dc28e58843b5c73bdb68d725a87	c9cdc2a6ac32b5b594efce5d43c3e1ce111e2526f8c76208d94dbb009754e7da	crates/veln-stdlib/veln/http2/core_test.veln#test outbound_request_headers_send_emits_hpack_bytes_and_creates_stream(
stdout	case.toml:stdout:1564	2f65917340b8cd4fa4258221066af81fcae450c4cde2101c4a6b32bdb89e6e8e	d19401a15a1fd19e266c68f57f59129c889477e9e490b1da827fa51ed74728a6	crates/veln-stdlib/veln/http2/hpack_test.veln#test header_block_encoder_preserves_order_reuses_in_block_state_and_round_trips(
stdout	case.toml:stdout:1565	78f614fe7989b3fe401159f470ea8b8dc0338178b7a5d6cc74bffd77e35579ec	c9cdc2a6ac32b5b594efce5d43c3e1ce111e2526f8c76208d94dbb009754e7da	crates/veln-stdlib/veln/http2/core_test.veln#test outbound_request_headers_send_emits_hpack_bytes_and_creates_stream(
stdout	case.toml:stdout:1566	814641d7138682610e813b98b3b128949ddb4c423bbdec1f58b7b9fa16da3e29	c9cdc2a6ac32b5b594efce5d43c3e1ce111e2526f8c76208d94dbb009754e7da	crates/veln-stdlib/veln/http2/core_test.veln#test outbound_request_headers_send_emits_hpack_bytes_and_creates_stream(
stdout	case.toml:stdout:1567	9406c93c7c4309aae3e2c321e1b13c936008f036e6fd1206c4409db497ee86c6	d19401a15a1fd19e266c68f57f59129c889477e9e490b1da827fa51ed74728a6	crates/veln-stdlib/veln/http2/hpack_test.veln#test header_block_encoder_preserves_order_reuses_in_block_state_and_round_trips(
stdout	case.toml:stdout:1568	3320cc4c54057f3db4903ca09f1866c572f238d61d6ba6dffc101951486393d0	c9cdc2a6ac32b5b594efce5d43c3e1ce111e2526f8c76208d94dbb009754e7da	crates/veln-stdlib/veln/http2/core_test.veln#test outbound_request_headers_send_emits_hpack_bytes_and_creates_stream(
stdout	case.toml:stdout:1569	1078cd070e9b36df42f1262d753f6acebea39a6ce59882da7e4c0241baf4f2af	c9cdc2a6ac32b5b594efce5d43c3e1ce111e2526f8c76208d94dbb009754e7da	crates/veln-stdlib/veln/http2/core_test.veln#test outbound_request_headers_send_emits_hpack_bytes_and_creates_stream(
stdout	case.toml:stdout:1570	b41db16e2831a3a0702b4cc76894db035c2a2c25e77cc652b2534e141600daa6	d19401a15a1fd19e266c68f57f59129c889477e9e490b1da827fa51ed74728a6	crates/veln-stdlib/veln/http2/hpack_test.veln#test header_block_encoder_preserves_order_reuses_in_block_state_and_round_trips(
stdout	case.toml:stdout:1571	b7de9c5af195ea54ff5522c85ba4ad305fbe08ba08ee8fc32171ad27c3e44ba6	c9cdc2a6ac32b5b594efce5d43c3e1ce111e2526f8c76208d94dbb009754e7da	crates/veln-stdlib/veln/http2/core_test.veln#test outbound_request_headers_send_emits_hpack_bytes_and_creates_stream(
stdout	case.toml:stdout:1572	346fa17d5a86ede4f91ac639e6db7fbb173f5916308ca9b8a123390f470d4779	c9cdc2a6ac32b5b594efce5d43c3e1ce111e2526f8c76208d94dbb009754e7da	crates/veln-stdlib/veln/http2/core_test.veln#test outbound_request_headers_send_emits_hpack_bytes_and_creates_stream(
stdout	case.toml:stdout:1573	abe01f5ea3a568b593fb4e3f0e7ac31173cc1784f8bad393bd9d51f985c3eeba	d19401a15a1fd19e266c68f57f59129c889477e9e490b1da827fa51ed74728a6	crates/veln-stdlib/veln/http2/hpack_test.veln#test header_block_encoder_preserves_order_reuses_in_block_state_and_round_trips(
stdout	case.toml:stdout:1574	35f382b96cf39f18bbc810958b55cc5dd57cfc50fc2bb156e7c7bb7797c0c7d2	d19401a15a1fd19e266c68f57f59129c889477e9e490b1da827fa51ed74728a6	crates/veln-stdlib/veln/http2/hpack_test.veln#test header_block_encoder_preserves_order_reuses_in_block_state_and_round_trips(
stdout	case.toml:stdout:1575	4116dc558cabf81caed392c6eb8eab327f1853a7477f9b4e7bc10922b1e68d65	d19401a15a1fd19e266c68f57f59129c889477e9e490b1da827fa51ed74728a6	crates/veln-stdlib/veln/http2/hpack_test.veln#test header_block_encoder_preserves_order_reuses_in_block_state_and_round_trips(
stdout	case.toml:stdout:1576	1d3be089613d4e8420b4ae1d4f041813dd86292d9a595fdd814764ab8e700fb0	d19401a15a1fd19e266c68f57f59129c889477e9e490b1da827fa51ed74728a6	crates/veln-stdlib/veln/http2/hpack_test.veln#test header_block_encoder_preserves_order_reuses_in_block_state_and_round_trips(
stdout	case.toml:stdout:1577	c86d395de56f6ed0192e1f297968f19c6e399fb4ee1ccdce7c05ab9bb4e0425e	c9cdc2a6ac32b5b594efce5d43c3e1ce111e2526f8c76208d94dbb009754e7da	crates/veln-stdlib/veln/http2/core_test.veln#test outbound_request_headers_send_emits_hpack_bytes_and_creates_stream(
stdout	case.toml:stdout:1578	1c40a144f7305f931610b6141653d2ca9268e98d4f634ac07a4440e8f41ed2bd	c9cdc2a6ac32b5b594efce5d43c3e1ce111e2526f8c76208d94dbb009754e7da	crates/veln-stdlib/veln/http2/core_test.veln#test outbound_request_headers_send_emits_hpack_bytes_and_creates_stream(
stdout	case.toml:stdout:1579	0f33ad793f66bea4a17bc5c338bbcbe8b72ecdcb512fac22e3b696853a4dec87	c9cdc2a6ac32b5b594efce5d43c3e1ce111e2526f8c76208d94dbb009754e7da	crates/veln-stdlib/veln/http2/core_test.veln#test outbound_request_headers_send_emits_hpack_bytes_and_creates_stream(
stdout	case.toml:stdout:1580	b23d4f717ee1c39783647f56e18dc4a2bb503ede11226272f69dd59de1111e75	c9cdc2a6ac32b5b594efce5d43c3e1ce111e2526f8c76208d94dbb009754e7da	crates/veln-stdlib/veln/http2/core_test.veln#test outbound_request_headers_send_emits_hpack_bytes_and_creates_stream(
stdout	case.toml:stdout:1581	fff288b08bb9b3a69edeb065769a174c00eabed57c0904a4832ea2cd5f57645a	c9cdc2a6ac32b5b594efce5d43c3e1ce111e2526f8c76208d94dbb009754e7da	crates/veln-stdlib/veln/http2/core_test.veln#test outbound_request_headers_send_emits_hpack_bytes_and_creates_stream(
stdout	case.toml:stdout:1582	6d4d691e0f1da8c76db129eddb533bc591211975ecb478eba6dab4ab9612bf6d	c9cdc2a6ac32b5b594efce5d43c3e1ce111e2526f8c76208d94dbb009754e7da	crates/veln-stdlib/veln/http2/core_test.veln#test outbound_request_headers_send_emits_hpack_bytes_and_creates_stream(
stdout	case.toml:stdout:1583	23e4cdd3c7b81f60cb166b01f78871cd83ddf5bd252f566980178b5f1d633d07	c9cdc2a6ac32b5b594efce5d43c3e1ce111e2526f8c76208d94dbb009754e7da	crates/veln-stdlib/veln/http2/core_test.veln#test outbound_request_headers_send_emits_hpack_bytes_and_creates_stream(
stdout	case.toml:stdout:1584	900e9947f167549ada256fce502c705bfc747072d81e73471f6418e82339baa9	c9cdc2a6ac32b5b594efce5d43c3e1ce111e2526f8c76208d94dbb009754e7da	crates/veln-stdlib/veln/http2/core_test.veln#test outbound_request_headers_send_emits_hpack_bytes_and_creates_stream(
stdout	case.toml:stdout:1585	2e750210f96c6af38c1f6858ce940a3c123ef64b63bb63c2832c3d4989c657f2	c9cdc2a6ac32b5b594efce5d43c3e1ce111e2526f8c76208d94dbb009754e7da	crates/veln-stdlib/veln/http2/core_test.veln#test outbound_request_headers_send_emits_hpack_bytes_and_creates_stream(
stdout	case.toml:stdout:1586	725616daae261c6c7a6381862169898ddc295e804502c1e371dcfc2a23b809cf	c9cdc2a6ac32b5b594efce5d43c3e1ce111e2526f8c76208d94dbb009754e7da	crates/veln-stdlib/veln/http2/core_test.veln#test outbound_request_headers_send_emits_hpack_bytes_and_creates_stream(
stdout	case.toml:stdout:1587	e4badfad8046e4651ad5c298e0758bab598e9099059ef4eef98383bebea708fe	c9cdc2a6ac32b5b594efce5d43c3e1ce111e2526f8c76208d94dbb009754e7da	crates/veln-stdlib/veln/http2/core_test.veln#test outbound_request_headers_send_emits_hpack_bytes_and_creates_stream(
stdout	case.toml:stdout:1588	78f1c6e0d8d2bcbfb1214c510a30ced159f1caa13eb5b97f76c6099199cd8e97	c9cdc2a6ac32b5b594efce5d43c3e1ce111e2526f8c76208d94dbb009754e7da	crates/veln-stdlib/veln/http2/core_test.veln#test outbound_request_headers_send_emits_hpack_bytes_and_creates_stream(
stdout	case.toml:stdout:1589	c235aed5552fc92821ff1800b6fcbb22a150a4843cd0007a9af7085647fbeeaf	c9cdc2a6ac32b5b594efce5d43c3e1ce111e2526f8c76208d94dbb009754e7da	crates/veln-stdlib/veln/http2/core_test.veln#test outbound_request_headers_send_emits_hpack_bytes_and_creates_stream(
stdout	case.toml:stdout:1590	ccc3d7d7d2809e4b001bf2151416c88a7faa792cd24bbece2caf8887ab76c322	c9cdc2a6ac32b5b594efce5d43c3e1ce111e2526f8c76208d94dbb009754e7da	crates/veln-stdlib/veln/http2/core_test.veln#test outbound_request_headers_send_emits_hpack_bytes_and_creates_stream(
stdout	case.toml:stdout:1591	633fbe606c21e8fdf6aba38a1a2bce6dec15e8097e79073b229025333150b5fd	c9cdc2a6ac32b5b594efce5d43c3e1ce111e2526f8c76208d94dbb009754e7da	crates/veln-stdlib/veln/http2/core_test.veln#test outbound_request_headers_send_emits_hpack_bytes_and_creates_stream(
stdout	case.toml:stdout:1592	79329797585de8f5f7a857017b422753f7a055270155501044247ed04bd5a34f	c9cdc2a6ac32b5b594efce5d43c3e1ce111e2526f8c76208d94dbb009754e7da	crates/veln-stdlib/veln/http2/core_test.veln#test outbound_request_headers_send_emits_hpack_bytes_and_creates_stream(
stdout	case.toml:stdout:1593	50dbaf8ce82ba3855f2d4166ee297d68d7c58f463964eff10440415a2aec46ac	c9cdc2a6ac32b5b594efce5d43c3e1ce111e2526f8c76208d94dbb009754e7da	crates/veln-stdlib/veln/http2/core_test.veln#test outbound_request_headers_send_emits_hpack_bytes_and_creates_stream(
stdout	case.toml:stdout:1594	0fc6c258181e1282ab5ee7631ba10541f86da2d3011d56fe2336bee709442263	c9cdc2a6ac32b5b594efce5d43c3e1ce111e2526f8c76208d94dbb009754e7da	crates/veln-stdlib/veln/http2/core_test.veln#test outbound_request_headers_send_emits_hpack_bytes_and_creates_stream(
stdout	case.toml:stdout:1595	ab1478c5aabb0b974e4e4e82bc1bb8dcf4c4f2e76953bdf11ef507ee5cfce1ae	c9cdc2a6ac32b5b594efce5d43c3e1ce111e2526f8c76208d94dbb009754e7da	crates/veln-stdlib/veln/http2/core_test.veln#test outbound_request_headers_send_emits_hpack_bytes_and_creates_stream(
stdout	case.toml:stdout:1596	76a882111daf7c76e79a7d2d44667af0bcfc82a7820e5f001ddba60677f14146	c9cdc2a6ac32b5b594efce5d43c3e1ce111e2526f8c76208d94dbb009754e7da	crates/veln-stdlib/veln/http2/core_test.veln#test outbound_request_headers_send_emits_hpack_bytes_and_creates_stream(
stdout	case.toml:stdout:1597	3a44630aaa57bca7803c62f8a5cc2ad065ed9e28e36d372cb15ed1e5f07985f9	c9cdc2a6ac32b5b594efce5d43c3e1ce111e2526f8c76208d94dbb009754e7da	crates/veln-stdlib/veln/http2/core_test.veln#test outbound_request_headers_send_emits_hpack_bytes_and_creates_stream(
stdout	case.toml:stdout:1598	f0477b869e0071189e93465a2010fd6308ea555b96fb7388d36694b01955f466	c9cdc2a6ac32b5b594efce5d43c3e1ce111e2526f8c76208d94dbb009754e7da	crates/veln-stdlib/veln/http2/core_test.veln#test outbound_request_headers_send_emits_hpack_bytes_and_creates_stream(
stdout	case.toml:stdout:1599	456a2a37bb1c3838420cae7979ff59a07c6835ff303826e197de7903c1064491	c9cdc2a6ac32b5b594efce5d43c3e1ce111e2526f8c76208d94dbb009754e7da	crates/veln-stdlib/veln/http2/core_test.veln#test outbound_request_headers_send_emits_hpack_bytes_and_creates_stream(
stdout	case.toml:stdout:1600	a9eb597a562ffc8d15914fa28591a96a87246c74f4e4750908ce842bd639d921	c9cdc2a6ac32b5b594efce5d43c3e1ce111e2526f8c76208d94dbb009754e7da	crates/veln-stdlib/veln/http2/core_test.veln#test outbound_request_headers_send_emits_hpack_bytes_and_creates_stream(
stdout	case.toml:stdout:1601	49bd259ba93dc04ac6294fd20a53bb8c55b20a2aa73784fab0a423c6b0b38954	c9cdc2a6ac32b5b594efce5d43c3e1ce111e2526f8c76208d94dbb009754e7da	crates/veln-stdlib/veln/http2/core_test.veln#test outbound_request_headers_send_emits_hpack_bytes_and_creates_stream(
stdout	case.toml:stdout:1602	35b9404fe740545aa771bef85c933c05a7cc21b5716d258b10831cc5b53b1175	c9cdc2a6ac32b5b594efce5d43c3e1ce111e2526f8c76208d94dbb009754e7da	crates/veln-stdlib/veln/http2/core_test.veln#test outbound_request_headers_send_emits_hpack_bytes_and_creates_stream(
stdout	case.toml:stdout:1603	5e4577197681a171b3069f2c8f860bf835ae8257c010c5a22642c10672149500	c9cdc2a6ac32b5b594efce5d43c3e1ce111e2526f8c76208d94dbb009754e7da	crates/veln-stdlib/veln/http2/core_test.veln#test outbound_request_headers_send_emits_hpack_bytes_and_creates_stream(
stdout	case.toml:stdout:1604	74e83cd21461077d04a0dea724c782d9eb73217c1450baed015b8f6d9eb58509	c9cdc2a6ac32b5b594efce5d43c3e1ce111e2526f8c76208d94dbb009754e7da	crates/veln-stdlib/veln/http2/core_test.veln#test outbound_request_headers_send_emits_hpack_bytes_and_creates_stream(
stdout	case.toml:stdout:1605	dc41fe4a2cab06cdac6415002c0af19f73936bf241f20596d71177ce6aab5bd3	c9cdc2a6ac32b5b594efce5d43c3e1ce111e2526f8c76208d94dbb009754e7da	crates/veln-stdlib/veln/http2/core_test.veln#test outbound_request_headers_send_emits_hpack_bytes_and_creates_stream(
stdout	case.toml:stdout:1606	5bcc244aadc0566b9eb5c56e8194d467479f423ad912a8b1e88b315ac3274b80	2f337f86d32c4c67bb06fec21650e83e36cdb396d194467a47c366a817025353	examples/specification/run/http2-core-connection-shutdown/case.toml#http2.protocol.stream_after_goaway
stdout	case.toml:stdout:1607	6bbf9f8ebd5a1e0eac5af16c4a0daaf7aa90d6ca0c94115bfac8430581c83fa4	c9cdc2a6ac32b5b594efce5d43c3e1ce111e2526f8c76208d94dbb009754e7da	crates/veln-stdlib/veln/http2/core_test.veln#test outbound_request_headers_send_emits_hpack_bytes_and_creates_stream(
stdout	case.toml:stdout:1608	3062e9c478f230d3f4e79e23d16000b6faaa9685e660c2295b42034767314185	84f3e087677a844602f9f8dba0274c3b32e56f6288a2538445df5bb15accc33a	crates/veln-stdlib/veln/http2/core_test.veln#test outbound_push_promise_send_emits_hpack_bytes_and_reserves_promised_stream(
stdout	case.toml:stdout:1609	e00eddf70dd034150cf42e3355911ab8ee6af11b1018830fb408af7547e64d78	84f3e087677a844602f9f8dba0274c3b32e56f6288a2538445df5bb15accc33a	crates/veln-stdlib/veln/http2/core_test.veln#test outbound_push_promise_send_emits_hpack_bytes_and_reserves_promised_stream(
stdout	case.toml:stdout:1610	9d44373d7eaf2f63226a6645c27cc39e1e73428a660e1c875aeedbfe6ab76967	c9cdc2a6ac32b5b594efce5d43c3e1ce111e2526f8c76208d94dbb009754e7da	crates/veln-stdlib/veln/http2/core_test.veln#test outbound_request_headers_send_emits_hpack_bytes_and_creates_stream(
stdout	case.toml:stdout:1611	b02f76af340bd3f87f69ef7a0820ca3f02362f2e5c7dfdd60d78651f401d7d48	84f3e087677a844602f9f8dba0274c3b32e56f6288a2538445df5bb15accc33a	crates/veln-stdlib/veln/http2/core_test.veln#test outbound_push_promise_send_emits_hpack_bytes_and_reserves_promised_stream(
stdout	case.toml:stdout:1612	028285d3ed9d863d565a8b9a72fbcf11212106bd6b18b1a3a57fb0127cd24110	d19401a15a1fd19e266c68f57f59129c889477e9e490b1da827fa51ed74728a6	crates/veln-stdlib/veln/http2/hpack_test.veln#test header_block_encoder_preserves_order_reuses_in_block_state_and_round_trips(
stdout	case.toml:stdout:1613	0aa140f361ffed706269805d8576bca896c3cfb3c41196a9628c388fbaaa60c0	84f3e087677a844602f9f8dba0274c3b32e56f6288a2538445df5bb15accc33a	crates/veln-stdlib/veln/http2/core_test.veln#test outbound_push_promise_send_emits_hpack_bytes_and_reserves_promised_stream(
stdout	case.toml:stdout:1614	63d65e31bb00fc4788f6904b724789fda4706df19348f9bc55129ffa9497a760	84f3e087677a844602f9f8dba0274c3b32e56f6288a2538445df5bb15accc33a	crates/veln-stdlib/veln/http2/core_test.veln#test outbound_push_promise_send_emits_hpack_bytes_and_reserves_promised_stream(
stdout	case.toml:stdout:1615	e4a6c8ca1eda89208935f7c5cdace850b932b5224da63c4510b5a342bcd4d78d	d19401a15a1fd19e266c68f57f59129c889477e9e490b1da827fa51ed74728a6	crates/veln-stdlib/veln/http2/hpack_test.veln#test header_block_encoder_preserves_order_reuses_in_block_state_and_round_trips(
stdout	case.toml:stdout:1616	d91b14a37bf8bba10783c30a434633b3076e1e3d236453f36c31dbc4f259c8cd	84f3e087677a844602f9f8dba0274c3b32e56f6288a2538445df5bb15accc33a	crates/veln-stdlib/veln/http2/core_test.veln#test outbound_push_promise_send_emits_hpack_bytes_and_reserves_promised_stream(
stdout	case.toml:stdout:1617	57fc2b24115f57c55c84d6049f180ff8e7b4437366827c4a4dff94735c9e84a3	84f3e087677a844602f9f8dba0274c3b32e56f6288a2538445df5bb15accc33a	crates/veln-stdlib/veln/http2/core_test.veln#test outbound_push_promise_send_emits_hpack_bytes_and_reserves_promised_stream(
stdout	case.toml:stdout:1618	2f8794c47973ce8194c62ca3e208f4346397bebfbf33d2aff2fb8174c52b0972	d19401a15a1fd19e266c68f57f59129c889477e9e490b1da827fa51ed74728a6	crates/veln-stdlib/veln/http2/hpack_test.veln#test header_block_encoder_preserves_order_reuses_in_block_state_and_round_trips(
stdout	case.toml:stdout:1619	b2e8c639a99fd2b43cef429c74f89c662fff6aeb2aa4963a163dedd031cc46c1	84f3e087677a844602f9f8dba0274c3b32e56f6288a2538445df5bb15accc33a	crates/veln-stdlib/veln/http2/core_test.veln#test outbound_push_promise_send_emits_hpack_bytes_and_reserves_promised_stream(
stdout	case.toml:stdout:1620	f1c995a92ed7ca28fb5dbfefeedd8545e581efa58712788a1a41eeab4e1b9779	84f3e087677a844602f9f8dba0274c3b32e56f6288a2538445df5bb15accc33a	crates/veln-stdlib/veln/http2/core_test.veln#test outbound_push_promise_send_emits_hpack_bytes_and_reserves_promised_stream(
stdout	case.toml:stdout:1621	e5b053488f6734198b207f160bc14e4d65fa5a94332a965903399ca89d39f64c	d19401a15a1fd19e266c68f57f59129c889477e9e490b1da827fa51ed74728a6	crates/veln-stdlib/veln/http2/hpack_test.veln#test header_block_encoder_preserves_order_reuses_in_block_state_and_round_trips(
stdout	case.toml:stdout:1622	5834d7b3647c38f7db8fb1f8d5f2a8af891596c68848bae13f81db495b5107f0	84f3e087677a844602f9f8dba0274c3b32e56f6288a2538445df5bb15accc33a	crates/veln-stdlib/veln/http2/core_test.veln#test outbound_push_promise_send_emits_hpack_bytes_and_reserves_promised_stream(
stdout	case.toml:stdout:1623	463c2b4c3785f27957f1ca61f133578a444dcc1d002a6f437d11d503a611df37	84f3e087677a844602f9f8dba0274c3b32e56f6288a2538445df5bb15accc33a	crates/veln-stdlib/veln/http2/core_test.veln#test outbound_push_promise_send_emits_hpack_bytes_and_reserves_promised_stream(
stdout	case.toml:stdout:1624	4848a4e34a2afc6400e9caa3bc4543cb28a2f26967e98d35eb6a268216f7745c	d19401a15a1fd19e266c68f57f59129c889477e9e490b1da827fa51ed74728a6	crates/veln-stdlib/veln/http2/hpack_test.veln#test header_block_encoder_preserves_order_reuses_in_block_state_and_round_trips(
stdout	case.toml:stdout:1625	4223db7dc5abc7a0f04af1729a14bfd290b7ad264d85c67ed7ddcb089c12e360	84f3e087677a844602f9f8dba0274c3b32e56f6288a2538445df5bb15accc33a	crates/veln-stdlib/veln/http2/core_test.veln#test outbound_push_promise_send_emits_hpack_bytes_and_reserves_promised_stream(
stdout	case.toml:stdout:1626	12adc6357845d469850cf03c3663cf2d15ad3fa7dfd57625a3567929338bc73a	84f3e087677a844602f9f8dba0274c3b32e56f6288a2538445df5bb15accc33a	crates/veln-stdlib/veln/http2/core_test.veln#test outbound_push_promise_send_emits_hpack_bytes_and_reserves_promised_stream(
stdout	case.toml:stdout:1627	508e5e4abdd207bb2d6e77aa0a18c86a214fa5efd7f766dd60cb07e03315747a	d19401a15a1fd19e266c68f57f59129c889477e9e490b1da827fa51ed74728a6	crates/veln-stdlib/veln/http2/hpack_test.veln#test header_block_encoder_preserves_order_reuses_in_block_state_and_round_trips(
stdout	case.toml:stdout:1628	3391ee8732359d0a29c53051598dbf97c18a9d6821f7870575baa7847bacc7f8	84f3e087677a844602f9f8dba0274c3b32e56f6288a2538445df5bb15accc33a	crates/veln-stdlib/veln/http2/core_test.veln#test outbound_push_promise_send_emits_hpack_bytes_and_reserves_promised_stream(
stdout	case.toml:stdout:1629	9e360c4b268fcd07ff603ef3c8664cf60f357af1f8493d1fa4d9444e284f36b2	84f3e087677a844602f9f8dba0274c3b32e56f6288a2538445df5bb15accc33a	crates/veln-stdlib/veln/http2/core_test.veln#test outbound_push_promise_send_emits_hpack_bytes_and_reserves_promised_stream(
stdout	case.toml:stdout:1630	460816e25200628189b2ff8c5f66fdf40a85de7c35c86551273122a3e9b9b3f8	d19401a15a1fd19e266c68f57f59129c889477e9e490b1da827fa51ed74728a6	crates/veln-stdlib/veln/http2/hpack_test.veln#test header_block_encoder_preserves_order_reuses_in_block_state_and_round_trips(
stdout	case.toml:stdout:1631	85122ec50e4dbb54f4b115e9e017d53792c96cb3748e9ea425fad9325f509786	84f3e087677a844602f9f8dba0274c3b32e56f6288a2538445df5bb15accc33a	crates/veln-stdlib/veln/http2/core_test.veln#test outbound_push_promise_send_emits_hpack_bytes_and_reserves_promised_stream(
stdout	case.toml:stdout:1632	8b42575e6724076e43234965e11f34d47ae1ee4a4e2f2c1ecbb6f014e6f9ad70	84f3e087677a844602f9f8dba0274c3b32e56f6288a2538445df5bb15accc33a	crates/veln-stdlib/veln/http2/core_test.veln#test outbound_push_promise_send_emits_hpack_bytes_and_reserves_promised_stream(
stdout	case.toml:stdout:1633	98f2b757365bef679b725d859938476a6ef41ffde6ee94e4db8131b5d5c85240	d19401a15a1fd19e266c68f57f59129c889477e9e490b1da827fa51ed74728a6	crates/veln-stdlib/veln/http2/hpack_test.veln#test header_block_encoder_preserves_order_reuses_in_block_state_and_round_trips(
stdout	case.toml:stdout:1634	ca630ca804a54a78234945bbbc51d27a0a9990ef45661d5ac46087c8ad754915	84f3e087677a844602f9f8dba0274c3b32e56f6288a2538445df5bb15accc33a	crates/veln-stdlib/veln/http2/core_test.veln#test outbound_push_promise_send_emits_hpack_bytes_and_reserves_promised_stream(
stdout	case.toml:stdout:1635	f8bf4cd9c29ddbeb3e1456d481a7538002afbd51864ac88ca3661126335823db	84f3e087677a844602f9f8dba0274c3b32e56f6288a2538445df5bb15accc33a	crates/veln-stdlib/veln/http2/core_test.veln#test outbound_push_promise_send_emits_hpack_bytes_and_reserves_promised_stream(
stdout	case.toml:stdout:1636	c2a5d2d7cc8b75c90045397578be357a2fd938c41f752bd32a9692bed3b63a27	d19401a15a1fd19e266c68f57f59129c889477e9e490b1da827fa51ed74728a6	crates/veln-stdlib/veln/http2/hpack_test.veln#test header_block_encoder_preserves_order_reuses_in_block_state_and_round_trips(
stdout	case.toml:stdout:1637	78450a968e0ca2c5ab71ca632755c9d8c7026068276f0a6af7395eb9b4294102	d19401a15a1fd19e266c68f57f59129c889477e9e490b1da827fa51ed74728a6	crates/veln-stdlib/veln/http2/hpack_test.veln#test header_block_encoder_preserves_order_reuses_in_block_state_and_round_trips(
stdout	case.toml:stdout:1638	c0411254babfa2c0a5b1ce490e0a8e916eec3b4233b9bc81ace901c74fa98edd	84f3e087677a844602f9f8dba0274c3b32e56f6288a2538445df5bb15accc33a	crates/veln-stdlib/veln/http2/core_test.veln#test outbound_push_promise_send_emits_hpack_bytes_and_reserves_promised_stream(
stdout	case.toml:stdout:1639	1f592dde607b00c8cfb089a5d8bd75d41b341e17b3c7e2419fc9a52ade4bbf35	84f3e087677a844602f9f8dba0274c3b32e56f6288a2538445df5bb15accc33a	crates/veln-stdlib/veln/http2/core_test.veln#test outbound_push_promise_send_emits_hpack_bytes_and_reserves_promised_stream(
stdout	case.toml:stdout:1640	97c8b0a134268efb44c9f3bae9355bb9f65bc265a865b597380a58396ad3e256	d19401a15a1fd19e266c68f57f59129c889477e9e490b1da827fa51ed74728a6	crates/veln-stdlib/veln/http2/hpack_test.veln#test header_block_encoder_preserves_order_reuses_in_block_state_and_round_trips(
stdout	case.toml:stdout:1641	ca9ef5dfdcb31ffc15576aa87d725286c922b30b629e27b3b26e0898bac8c200	84f3e087677a844602f9f8dba0274c3b32e56f6288a2538445df5bb15accc33a	crates/veln-stdlib/veln/http2/core_test.veln#test outbound_push_promise_send_emits_hpack_bytes_and_reserves_promised_stream(
stdout	case.toml:stdout:1642	817ebaabdc725f7883be8f875750ecf5f4ecafcdbdb3251a1d8753cb7ba4d669	84f3e087677a844602f9f8dba0274c3b32e56f6288a2538445df5bb15accc33a	crates/veln-stdlib/veln/http2/core_test.veln#test outbound_push_promise_send_emits_hpack_bytes_and_reserves_promised_stream(
stdout	case.toml:stdout:1643	abade063b41ce7b927846e221782e24dd2298977e293bfaf95f9ee35f5154690	d19401a15a1fd19e266c68f57f59129c889477e9e490b1da827fa51ed74728a6	crates/veln-stdlib/veln/http2/hpack_test.veln#test header_block_encoder_preserves_order_reuses_in_block_state_and_round_trips(
stdout	case.toml:stdout:1644	eb67df326cf7ca7692428a3f88302c202c60969a52fdae34cb0bcd51f2fad6bf	84f3e087677a844602f9f8dba0274c3b32e56f6288a2538445df5bb15accc33a	crates/veln-stdlib/veln/http2/core_test.veln#test outbound_push_promise_send_emits_hpack_bytes_and_reserves_promised_stream(
stdout	case.toml:stdout:1645	87d1d82918c1c15a5dafa69162131b04bc8af0edce24f34cfa32bac329aac69d	84f3e087677a844602f9f8dba0274c3b32e56f6288a2538445df5bb15accc33a	crates/veln-stdlib/veln/http2/core_test.veln#test outbound_push_promise_send_emits_hpack_bytes_and_reserves_promised_stream(
stdout	case.toml:stdout:1646	753dc42e8701a6295635ab30088c8300984207381c9cae55b362234d18c33002	d19401a15a1fd19e266c68f57f59129c889477e9e490b1da827fa51ed74728a6	crates/veln-stdlib/veln/http2/hpack_test.veln#test header_block_encoder_preserves_order_reuses_in_block_state_and_round_trips(
stdout	case.toml:stdout:1647	c1521b23254b482a062a6e346ade734a0b24d3864582d17becc5b332dcd5251c	c9cdc2a6ac32b5b594efce5d43c3e1ce111e2526f8c76208d94dbb009754e7da	crates/veln-stdlib/veln/http2/core_test.veln#test outbound_request_headers_send_emits_hpack_bytes_and_creates_stream(
stdout	case.toml:stdout:1648	02086a69634ae13183ff5560eddb23366071740fc57dfb64c0adf4a83ea1a760	84f3e087677a844602f9f8dba0274c3b32e56f6288a2538445df5bb15accc33a	crates/veln-stdlib/veln/http2/core_test.veln#test outbound_push_promise_send_emits_hpack_bytes_and_reserves_promised_stream(
stdout	case.toml:stdout:1649	2fcd8505fd8211f162942d21d60d56f32e1043b7d960a50840fff34a88162cb6	84f3e087677a844602f9f8dba0274c3b32e56f6288a2538445df5bb15accc33a	crates/veln-stdlib/veln/http2/core_test.veln#test outbound_push_promise_send_emits_hpack_bytes_and_reserves_promised_stream(
stdout	case.toml:stdout:1650	a8c8797a1123515c93f094ed92600621b965f66e69fce1a581fd0fef6b996388	c9cdc2a6ac32b5b594efce5d43c3e1ce111e2526f8c76208d94dbb009754e7da	crates/veln-stdlib/veln/http2/core_test.veln#test outbound_request_headers_send_emits_hpack_bytes_and_creates_stream(
stdout	case.toml:stdout:1651	7b7f99cace57e00bee99990efafae8efa026e7e6c2289c9e557e63bc98b64753	84f3e087677a844602f9f8dba0274c3b32e56f6288a2538445df5bb15accc33a	crates/veln-stdlib/veln/http2/core_test.veln#test outbound_push_promise_send_emits_hpack_bytes_and_reserves_promised_stream(
stdout	case.toml:stdout:1652	111c9460b550e45420ab5441e24772493d5c415fad7b55c70e6b21a9ec22b400	84f3e087677a844602f9f8dba0274c3b32e56f6288a2538445df5bb15accc33a	crates/veln-stdlib/veln/http2/core_test.veln#test outbound_push_promise_send_emits_hpack_bytes_and_reserves_promised_stream(
stdout	case.toml:stdout:1653	75b782c1d7523a7b7140a8df0ccc0508ee466569cfec79e4a2810f93c1bc5e36	c9cdc2a6ac32b5b594efce5d43c3e1ce111e2526f8c76208d94dbb009754e7da	crates/veln-stdlib/veln/http2/core_test.veln#test outbound_request_headers_send_emits_hpack_bytes_and_creates_stream(
stdout	case.toml:stdout:1654	9f4e7084772d8443a415e071a67a03ee37c4ba0a2e5c2f3e6207893afad33c9d	84f3e087677a844602f9f8dba0274c3b32e56f6288a2538445df5bb15accc33a	crates/veln-stdlib/veln/http2/core_test.veln#test outbound_push_promise_send_emits_hpack_bytes_and_reserves_promised_stream(
stdout	case.toml:stdout:1655	d139c8131f047f71fe59def95a12fb2ccffc8f8404b1d4076aeb306a4fb37356	2f337f86d32c4c67bb06fec21650e83e36cdb396d194467a47c366a817025353	examples/specification/run/http2-core-connection-shutdown/case.toml#http2.protocol.stream_after_goaway
stdout	case.toml:stdout:1656	bfedbd94b7ac45d4d569146f8934223438ddc69541623a361e99ae214f3754ea	d19401a15a1fd19e266c68f57f59129c889477e9e490b1da827fa51ed74728a6	crates/veln-stdlib/veln/http2/hpack_test.veln#test header_block_encoder_preserves_order_reuses_in_block_state_and_round_trips(
stdout	case.toml:stdout:1657	00ed4c1895f39068c19454ee8e6a84e01fa849e9356d14e82365dba56039073c	c9cdc2a6ac32b5b594efce5d43c3e1ce111e2526f8c76208d94dbb009754e7da	crates/veln-stdlib/veln/http2/core_test.veln#test outbound_request_headers_send_emits_hpack_bytes_and_creates_stream(
stdout	case.toml:stdout:1658	334c22751378de23cbe3fb08b63b7ff79d495d006b05e40e7a9af6b6608013ca	84f3e087677a844602f9f8dba0274c3b32e56f6288a2538445df5bb15accc33a	crates/veln-stdlib/veln/http2/core_test.veln#test outbound_push_promise_send_emits_hpack_bytes_and_reserves_promised_stream(
stdout	case.toml:stdout:1659	af47acb45c3646db7cb9c2bea6af739acc0faf0746f557565f3856bb04c86b46	84f3e087677a844602f9f8dba0274c3b32e56f6288a2538445df5bb15accc33a	crates/veln-stdlib/veln/http2/core_test.veln#test outbound_push_promise_send_emits_hpack_bytes_and_reserves_promised_stream(
stdout	case.toml:stdout:1660	dc1126e4f1a217f676497458f272a9219a0e342805b0ac9e579cdd86e7b2f77c	c9cdc2a6ac32b5b594efce5d43c3e1ce111e2526f8c76208d94dbb009754e7da	crates/veln-stdlib/veln/http2/core_test.veln#test outbound_request_headers_send_emits_hpack_bytes_and_creates_stream(
stdout	case.toml:stdout:1661	30df518e05cf265dc57cd58aa62f67a9b1435c9cbe2fc304f0bb11b1632b5224	84f3e087677a844602f9f8dba0274c3b32e56f6288a2538445df5bb15accc33a	crates/veln-stdlib/veln/http2/core_test.veln#test outbound_push_promise_send_emits_hpack_bytes_and_reserves_promised_stream(
stdout	case.toml:stdout:1662	f42d2c3785c71fd19658b015abb2da198adafa0a53f32db370196182a5d38d2e	2f337f86d32c4c67bb06fec21650e83e36cdb396d194467a47c366a817025353	examples/specification/run/http2-core-connection-shutdown/case.toml#http2.protocol.stream_after_goaway
stdout	case.toml:stdout:1663	1abdbf9318eb9e66fbb7f6fa8ccf6847b3acec1d08dd78d7e8ab34234d4cf714	c9cdc2a6ac32b5b594efce5d43c3e1ce111e2526f8c76208d94dbb009754e7da	crates/veln-stdlib/veln/http2/core_test.veln#test outbound_request_headers_send_emits_hpack_bytes_and_creates_stream(
stdout	case.toml:stdout:1664	e85ea5d08dd7215698ccb5a17611ab2e193975166ed470dee279669958f6ec92	c9cdc2a6ac32b5b594efce5d43c3e1ce111e2526f8c76208d94dbb009754e7da	crates/veln-stdlib/veln/http2/core_test.veln#test outbound_request_headers_send_emits_hpack_bytes_and_creates_stream(
stdout	case.toml:stdout:1665	4cb81ed7da5f5470228ad49b9e776c8c7461d3192322cb4d41ea8ead48ca1e42	c9cdc2a6ac32b5b594efce5d43c3e1ce111e2526f8c76208d94dbb009754e7da	crates/veln-stdlib/veln/http2/core_test.veln#test outbound_request_headers_send_emits_hpack_bytes_and_creates_stream(
stdout	case.toml:stdout:1666	fcf3098d47211190a1d28144fae65b5de9dfeab9064914e27a901e0dd0f3d3a2	c9cdc2a6ac32b5b594efce5d43c3e1ce111e2526f8c76208d94dbb009754e7da	crates/veln-stdlib/veln/http2/core_test.veln#test outbound_request_headers_send_emits_hpack_bytes_and_creates_stream(
stdout	case.toml:stdout:1667	af68da59be69d22ed14dc92d60078e7e5f8422f573a3064bab5534cbae3d30db	c9cdc2a6ac32b5b594efce5d43c3e1ce111e2526f8c76208d94dbb009754e7da	crates/veln-stdlib/veln/http2/core_test.veln#test outbound_request_headers_send_emits_hpack_bytes_and_creates_stream(
stdout	case.toml:stdout:1668	fae7919e9bdb1b5188593733966c616e92c01313699e46ab5dd22d9cb31f672d	c9cdc2a6ac32b5b594efce5d43c3e1ce111e2526f8c76208d94dbb009754e7da	crates/veln-stdlib/veln/http2/core_test.veln#test outbound_request_headers_send_emits_hpack_bytes_and_creates_stream(
stdout	case.toml:stdout:1669	a9aa8be5260d6e951526936c06459ee01e08c83805d788333318a1f94405389f	c9cdc2a6ac32b5b594efce5d43c3e1ce111e2526f8c76208d94dbb009754e7da	crates/veln-stdlib/veln/http2/core_test.veln#test outbound_request_headers_send_emits_hpack_bytes_and_creates_stream(
stdout	case.toml:stdout:1670	a1a1fabbc6859c9b13128c81918cf5cc39a6a608458dfdddcc8482680650d8c0	c9cdc2a6ac32b5b594efce5d43c3e1ce111e2526f8c76208d94dbb009754e7da	crates/veln-stdlib/veln/http2/core_test.veln#test outbound_request_headers_send_emits_hpack_bytes_and_creates_stream(
stdout	case.toml:stdout:1671	44e1736ad5f03db871024e3fa819fa2cc60f720d23d847e91f34e255067cc3db	c9cdc2a6ac32b5b594efce5d43c3e1ce111e2526f8c76208d94dbb009754e7da	crates/veln-stdlib/veln/http2/core_test.veln#test outbound_request_headers_send_emits_hpack_bytes_and_creates_stream(
stdout	case.toml:stdout:1672	b489c862b35d592d6e8390bd00a2667200147e78a7d907ba357d6d956d24f54a	c9cdc2a6ac32b5b594efce5d43c3e1ce111e2526f8c76208d94dbb009754e7da	crates/veln-stdlib/veln/http2/core_test.veln#test outbound_request_headers_send_emits_hpack_bytes_and_creates_stream(
stdout	case.toml:stdout:1673	411fbdfb6c2bb5dcd5223aa33bccdb1ca8925f03b022722cbe8b8d67e9333095	b1fa1d099d16603c832490d45874c3627ffb479b5120d41a8667b4c7bf9cee90	crates/veln-stdlib/veln/http2/core_test.veln#test output_buffer_preserves_successful_send_order(
stdout	case.toml:stdout:1674	4621064ce91219f0df030a48818485c7e2526b27d5e4f1427c5a91b42066976e	193c37d8897fe9a7e7c8fff21bc639e0df0bbcbb83baf31bc40ca9063becb30a	crates/veln-stdlib/veln/http2/core_test.veln#test goaway_send_emits_exact_bytes_and_updates_shutdown_immutably(
stdout	case.toml:stdout:1675	00a2b55cdf18e96db3b5cd5e53980cd87adf32c23ef3f68149fd78923b4aaf7e	193c37d8897fe9a7e7c8fff21bc639e0df0bbcbb83baf31bc40ca9063becb30a	crates/veln-stdlib/veln/http2/core_test.veln#test goaway_send_emits_exact_bytes_and_updates_shutdown_immutably(
stdout	case.toml:stdout:1676	ce0f93ea478cf2bb0d87c13addfe51cc96be3f61636fcabc5025f5d389bf0ce4	828fd5354b878d0f8400b13fce70511aa6096a289f4c142e2ff508fb089eb0c6	crates/veln-stdlib/veln/http2/core_test.veln#test outbound_data_send_emits_exact_bytes_and_updates_stream_state(
stdout	case.toml:stdout:1677	d3656f4043195686fcf2c8439112e93783311904fea1ba46e2de6aa30a2bb1ad	828fd5354b878d0f8400b13fce70511aa6096a289f4c142e2ff508fb089eb0c6	crates/veln-stdlib/veln/http2/core_test.veln#test outbound_data_send_emits_exact_bytes_and_updates_stream_state(
stdout	case.toml:stdout:1678	508559a681b7af7de48cdd8d4b2b78fcde8969d86d9bd964b070e17f285d41c3	828fd5354b878d0f8400b13fce70511aa6096a289f4c142e2ff508fb089eb0c6	crates/veln-stdlib/veln/http2/core_test.veln#test outbound_data_send_emits_exact_bytes_and_updates_stream_state(
stdout	case.toml:stdout:1679	5d1763f2b8fb3e0ef4518f048ab17337f8b9af204f7e8e9465f3282e4281e7c7	b1fa1d099d16603c832490d45874c3627ffb479b5120d41a8667b4c7bf9cee90	crates/veln-stdlib/veln/http2/core_test.veln#test output_buffer_preserves_successful_send_order(
stdout	case.toml:stdout:1680	a9e67181a552f8987dc603108dd9f46e302acab740a27fb1b291b37bdf0aad45	2f337f86d32c4c67bb06fec21650e83e36cdb396d194467a47c366a817025353	examples/specification/run/http2-core-connection-shutdown/case.toml#http2.protocol.stream_after_goaway
stdout	case.toml:stdout:1681	e6c7460b3ed99f0da73d6270ad12ff1756dbe77cf9a03efaa6b76596b274b10a	b1fa1d099d16603c832490d45874c3627ffb479b5120d41a8667b4c7bf9cee90	crates/veln-stdlib/veln/http2/core_test.veln#test output_buffer_preserves_successful_send_order(
stdout	case.toml:stdout:1682	720622457d9d73f49ef1ed49e57690ed20ef328eb187452789984f97e9b77d88	b1fa1d099d16603c832490d45874c3627ffb479b5120d41a8667b4c7bf9cee90	crates/veln-stdlib/veln/http2/core_test.veln#test output_buffer_preserves_successful_send_order(
stdout	case.toml:stdout:1683	525a2c1a64bce7bb030a8708753cee2173bb243d62650eb0f5a384e6e21dc994	b1fa1d099d16603c832490d45874c3627ffb479b5120d41a8667b4c7bf9cee90	crates/veln-stdlib/veln/http2/core_test.veln#test output_buffer_preserves_successful_send_order(
stdout	case.toml:stdout:1684	2d80d4560fd72a03267fcfac1b68054bb107801dc68886a7edeeb6e0b5aa4972	b1fa1d099d16603c832490d45874c3627ffb479b5120d41a8667b4c7bf9cee90	crates/veln-stdlib/veln/http2/core_test.veln#test output_buffer_preserves_successful_send_order(
stdout	case.toml:stdout:1685	e3c5f05f6ea5767651f7c7e6102167727089d88bad1ba5971010f8373b8fddd0	193c37d8897fe9a7e7c8fff21bc639e0df0bbcbb83baf31bc40ca9063becb30a	crates/veln-stdlib/veln/http2/core_test.veln#test goaway_send_emits_exact_bytes_and_updates_shutdown_immutably(
stdout	case.toml:stdout:1686	b6f15a0b31f930ff656261b749023cb9e6adb990b8904856016cd41b2a9d1e80	193c37d8897fe9a7e7c8fff21bc639e0df0bbcbb83baf31bc40ca9063becb30a	crates/veln-stdlib/veln/http2/core_test.veln#test goaway_send_emits_exact_bytes_and_updates_shutdown_immutably(
stdout	case.toml:stdout:1687	33134ea4d42a3cbcb00ce7fde4c53fd91ce4c931539b451e58d04a69dfee07b7	b1fa1d099d16603c832490d45874c3627ffb479b5120d41a8667b4c7bf9cee90	crates/veln-stdlib/veln/http2/core_test.veln#test output_buffer_preserves_successful_send_order(
stdout	case.toml:stdout:1688	0712c5dd85eb1e98db411a2354bef1e65c458e68607a05e65da183e34dee0be5	828fd5354b878d0f8400b13fce70511aa6096a289f4c142e2ff508fb089eb0c6	crates/veln-stdlib/veln/http2/core_test.veln#test outbound_data_send_emits_exact_bytes_and_updates_stream_state(
stdout	case.toml:stdout:1689	019fd10e643b08eb5481e7e10ef020363c105b0d1fe7d317e690720aa272767a	828fd5354b878d0f8400b13fce70511aa6096a289f4c142e2ff508fb089eb0c6	crates/veln-stdlib/veln/http2/core_test.veln#test outbound_data_send_emits_exact_bytes_and_updates_stream_state(
stdout	case.toml:stdout:1690	e678d499887f41580c5abf106fe1803e21bfe5419e4a982592b7e74dbdceef2e	828fd5354b878d0f8400b13fce70511aa6096a289f4c142e2ff508fb089eb0c6	crates/veln-stdlib/veln/http2/core_test.veln#test outbound_data_send_emits_exact_bytes_and_updates_stream_state(
stdout	case.toml:stdout:1691	858239708e84adb4f893fb252a246565d6a09173518d058daa8751bfb11424de	828fd5354b878d0f8400b13fce70511aa6096a289f4c142e2ff508fb089eb0c6	crates/veln-stdlib/veln/http2/core_test.veln#test outbound_data_send_emits_exact_bytes_and_updates_stream_state(
stdout	case.toml:stdout:1692	20cf49958cc2291900d34a1e1a26a28d32c8b1380c61d93c086085cfa6e884ca	c9cdc2a6ac32b5b594efce5d43c3e1ce111e2526f8c76208d94dbb009754e7da	crates/veln-stdlib/veln/http2/core_test.veln#test outbound_request_headers_send_emits_hpack_bytes_and_creates_stream(
stdout	case.toml:stdout:1693	330214221a5a31dd6f6fa9aae8922cfb51ebf5ea4f6e017c719b7b7493216c1b	193c37d8897fe9a7e7c8fff21bc639e0df0bbcbb83baf31bc40ca9063becb30a	crates/veln-stdlib/veln/http2/core_test.veln#test goaway_send_emits_exact_bytes_and_updates_shutdown_immutably(
stdout	case.toml:stdout:1694	05b1be6b5e472dc21e04d8c9e1e6e28b90c7cdf25393cb22b7d5f52826ee72c7	193c37d8897fe9a7e7c8fff21bc639e0df0bbcbb83baf31bc40ca9063becb30a	crates/veln-stdlib/veln/http2/core_test.veln#test goaway_send_emits_exact_bytes_and_updates_shutdown_immutably(
stdout	case.toml:stdout:1695	9fbda4d58c01e965d587ca059d81d7ac48479dd7aa1ae7e02d4e6c38f5ca9d24	c9cdc2a6ac32b5b594efce5d43c3e1ce111e2526f8c76208d94dbb009754e7da	crates/veln-stdlib/veln/http2/core_test.veln#test outbound_request_headers_send_emits_hpack_bytes_and_creates_stream(
stdout	case.toml:stdout:1696	3ff1659a6c5e0d729915e88f75b2f2df9e26a2a5832eebdda2f7a41ea7b6cc72	b1fa1d099d16603c832490d45874c3627ffb479b5120d41a8667b4c7bf9cee90	crates/veln-stdlib/veln/http2/core_test.veln#test output_buffer_preserves_successful_send_order(
stdout	case.toml:stdout:1697	55a725c2024ce0c435261ef6e6925a88b374a3473f494217603055b06d7f7c3e	193c37d8897fe9a7e7c8fff21bc639e0df0bbcbb83baf31bc40ca9063becb30a	crates/veln-stdlib/veln/http2/core_test.veln#test goaway_send_emits_exact_bytes_and_updates_shutdown_immutably(
stdout	case.toml:stdout:1698	9bf2090f866a9daff53b3f3db868f7493de1eda2614d6f6e0860ea0ab9b81b1e	193c37d8897fe9a7e7c8fff21bc639e0df0bbcbb83baf31bc40ca9063becb30a	crates/veln-stdlib/veln/http2/core_test.veln#test goaway_send_emits_exact_bytes_and_updates_shutdown_immutably(
stdout	case.toml:stdout:1699	f8b809884c81e95a529d225a20e4e1029ab0db090f24cbed96b4f7e6d0c2f333	b1fa1d099d16603c832490d45874c3627ffb479b5120d41a8667b4c7bf9cee90	crates/veln-stdlib/veln/http2/core_test.veln#test output_buffer_preserves_successful_send_order(
stdout	case.toml:stdout:1700	6c71d461cb7cfbd2fdec1eafa12794fa7007956bc8c5506e981501aa35b7ee44	b1fa1d099d16603c832490d45874c3627ffb479b5120d41a8667b4c7bf9cee90	crates/veln-stdlib/veln/http2/core_test.veln#test output_buffer_preserves_successful_send_order(
stdout	case.toml:stdout:1701	5f919ea5bec7f3068c07236538a29de9082456204a6e5d2e9030ed37a620b302	193c37d8897fe9a7e7c8fff21bc639e0df0bbcbb83baf31bc40ca9063becb30a	crates/veln-stdlib/veln/http2/core_test.veln#test goaway_send_emits_exact_bytes_and_updates_shutdown_immutably(
stdout	case.toml:stdout:1702	751fbd746d46552f2396f5eee58674006c18b0780e9f817c387ce13e743dc14f	193c37d8897fe9a7e7c8fff21bc639e0df0bbcbb83baf31bc40ca9063becb30a	crates/veln-stdlib/veln/http2/core_test.veln#test goaway_send_emits_exact_bytes_and_updates_shutdown_immutably(
stdout	case.toml:stdout:1703	5f218a49b12ef76fb15b69768dd2c34bc487cbddfcf412ffbe0288d22f719844	b1fa1d099d16603c832490d45874c3627ffb479b5120d41a8667b4c7bf9cee90	crates/veln-stdlib/veln/http2/core_test.veln#test output_buffer_preserves_successful_send_order(
stdout	case.toml:stdout:1704	3b259d3dee69e7c106ea280a057e0e4a718ab4dcf820eb779507ad9bbc429788	b1fa1d099d16603c832490d45874c3627ffb479b5120d41a8667b4c7bf9cee90	crates/veln-stdlib/veln/http2/core_test.veln#test output_buffer_preserves_successful_send_order(
stdout	case.toml:stdout:1705	bd735fb069bb98a8fb8bb4565c90d08f564f0c6ef9019acad143d0730e13ad6d	193c37d8897fe9a7e7c8fff21bc639e0df0bbcbb83baf31bc40ca9063becb30a	crates/veln-stdlib/veln/http2/core_test.veln#test goaway_send_emits_exact_bytes_and_updates_shutdown_immutably(
stdout	case.toml:stdout:1706	e551808ab36fb4b20de4467b4d27586857596e38f87cf91ec7dd54f7454c467c	2f337f86d32c4c67bb06fec21650e83e36cdb396d194467a47c366a817025353	examples/specification/run/http2-core-connection-shutdown/case.toml#http2.protocol.stream_after_goaway
stdout	case.toml:stdout:1707	823ce10089538a4454e4576dbdfdeeafaa4ed1b4c949767814cea483b1369a57	2f337f86d32c4c67bb06fec21650e83e36cdb396d194467a47c366a817025353	examples/specification/run/http2-core-connection-shutdown/case.toml#http2.protocol.stream_after_goaway
stdout	case.toml:stdout:1708	edf49464abfc227e14fff72f045d70bea3b3118e3202ce87f54f313f093c4dea	828fd5354b878d0f8400b13fce70511aa6096a289f4c142e2ff508fb089eb0c6	crates/veln-stdlib/veln/http2/core_test.veln#test outbound_data_send_emits_exact_bytes_and_updates_stream_state(
stdout	case.toml:stdout:1709	d61de3dffb3295e3f39824b21b9fd2df179a66d1b7b5d62b139fc6369f27d707	828fd5354b878d0f8400b13fce70511aa6096a289f4c142e2ff508fb089eb0c6	crates/veln-stdlib/veln/http2/core_test.veln#test outbound_data_send_emits_exact_bytes_and_updates_stream_state(
stdout	case.toml:stdout:1710	d22faec0441a19c3c11ad6d7886bbacc98fc10a47714686331f57dea029b320c	2f337f86d32c4c67bb06fec21650e83e36cdb396d194467a47c366a817025353	examples/specification/run/http2-core-connection-shutdown/case.toml#http2.protocol.stream_after_goaway
stdout	case.toml:stdout:1711	ffc02dda4f00e9e7a9e4641c0282f4c819c132c5f144f3ce182d876702f79adc	c9cdc2a6ac32b5b594efce5d43c3e1ce111e2526f8c76208d94dbb009754e7da	crates/veln-stdlib/veln/http2/core_test.veln#test outbound_request_headers_send_emits_hpack_bytes_and_creates_stream(
stdout	case.toml:stdout:1712	855012d9bcd50f6cd2173fc3581722d509bff4e2d7c76a0372129e2d8d66b87b	c9cdc2a6ac32b5b594efce5d43c3e1ce111e2526f8c76208d94dbb009754e7da	crates/veln-stdlib/veln/http2/core_test.veln#test outbound_request_headers_send_emits_hpack_bytes_and_creates_stream(
stdout	case.toml:stdout:1713	62d4e810cd2eadd1133f2fd6d12cd4a79559584b8d868002e74e3c25629b7081	c9cdc2a6ac32b5b594efce5d43c3e1ce111e2526f8c76208d94dbb009754e7da	crates/veln-stdlib/veln/http2/core_test.veln#test outbound_request_headers_send_emits_hpack_bytes_and_creates_stream(
stdout	case.toml:stdout:1714	1a7a901d79974dbb7a97821d9dcb370d47a3b3315f74e785d88714268fcb226f	2f337f86d32c4c67bb06fec21650e83e36cdb396d194467a47c366a817025353	examples/specification/run/http2-core-connection-shutdown/case.toml#http2.protocol.stream_after_goaway
stdout	case.toml:stdout:1715	0a418a469954a34c045071a170a67cc526e6261fe9bbae24ec990ef88684017b	828fd5354b878d0f8400b13fce70511aa6096a289f4c142e2ff508fb089eb0c6	crates/veln-stdlib/veln/http2/core_test.veln#test outbound_data_send_emits_exact_bytes_and_updates_stream_state(
stdout	case.toml:stdout:1716	a49a35ae33c3a89e6aaa89b2f8b92bc77fb1810714d17fb7dcadc52f2d8f8f83	193c37d8897fe9a7e7c8fff21bc639e0df0bbcbb83baf31bc40ca9063becb30a	crates/veln-stdlib/veln/http2/core_test.veln#test goaway_send_emits_exact_bytes_and_updates_shutdown_immutably(
stdout	case.toml:stdout:1717	93d66048a3b5c761a10ba7a4a2e7c44c8b085c471aadf938cfcc9c6fa97e996f	2f337f86d32c4c67bb06fec21650e83e36cdb396d194467a47c366a817025353	examples/specification/run/http2-core-connection-shutdown/case.toml#http2.protocol.stream_after_goaway
stdout	case.toml:stdout:1718	48abd9b072c9542d689956342e56b6f3cdfbebd891477df87f32e78ad825cd52	c9cdc2a6ac32b5b594efce5d43c3e1ce111e2526f8c76208d94dbb009754e7da	crates/veln-stdlib/veln/http2/core_test.veln#test outbound_request_headers_send_emits_hpack_bytes_and_creates_stream(
stdout	case.toml:stdout:1719	241413a53fb96835585c02461be0f61cffcc1c5d656f4f598602c3b4c835ffdb	84f3e087677a844602f9f8dba0274c3b32e56f6288a2538445df5bb15accc33a	crates/veln-stdlib/veln/http2/core_test.veln#test outbound_push_promise_send_emits_hpack_bytes_and_reserves_promised_stream(
stdout	case.toml:stdout:1720	c9ceec5579ed535ed55a30a38cf88d726bca5f34a70b96f8ef72db6934eb3d8b	2f337f86d32c4c67bb06fec21650e83e36cdb396d194467a47c366a817025353	examples/specification/run/http2-core-connection-shutdown/case.toml#http2.protocol.stream_after_goaway
stdout	case.toml:stdout:1721	e1e770076af78a6feb95c89b5fe4fa2ef7a32da287abaa01e6aed797dc42d560	b1fa1d099d16603c832490d45874c3627ffb479b5120d41a8667b4c7bf9cee90	crates/veln-stdlib/veln/http2/core_test.veln#test output_buffer_preserves_successful_send_order(
stdout	case.toml:stdout:1722	c27407873a6d42f1dc974ca17284be1e3162577b5535efd794a4119ed9021b25	b1fa1d099d16603c832490d45874c3627ffb479b5120d41a8667b4c7bf9cee90	crates/veln-stdlib/veln/http2/core_test.veln#test output_buffer_preserves_successful_send_order(
stdout	case.toml:stdout:1723	3b417073f0d5e5bf588f06abdc365d07e6ee2716abe0cb20ce922509274649fb	b1fa1d099d16603c832490d45874c3627ffb479b5120d41a8667b4c7bf9cee90	crates/veln-stdlib/veln/http2/core_test.veln#test output_buffer_preserves_successful_send_order(
stdout	case.toml:stdout:1724	268fd388c102bf6f25b84f0861a534d0ab3dbfca980e0f6c8edff4d89f86c792	c7f3afd06f113baeb62ed2cc651844aa6ae13637f76cd3b8636a25e3cb6de554	crates/veln-stdlib/veln/http2/core_test.veln#test ping_response_ack_preserves_payload_and_emits_exact_bytes(
stdout	case.toml:stdout:1725	34b6317940b67c1be2d890462523901b8dc3e18f8c7fcb9e6a871f68cd2ba43b	c7f3afd06f113baeb62ed2cc651844aa6ae13637f76cd3b8636a25e3cb6de554	crates/veln-stdlib/veln/http2/core_test.veln#test ping_response_ack_preserves_payload_and_emits_exact_bytes(
stdout	case.toml:stdout:1726	13b86ef98bdc33440e38c299237698fdc1685a2fe361f80b23f826a099cfb2ef	b1fa1d099d16603c832490d45874c3627ffb479b5120d41a8667b4c7bf9cee90	crates/veln-stdlib/veln/http2/core_test.veln#test output_buffer_preserves_successful_send_order(
stdout	case.toml:stdout:1727	18cb5ad44aeb4c27b5cc72034840832108e4fdc1010ddabd71ce4e5c6dcd06c1	c7f3afd06f113baeb62ed2cc651844aa6ae13637f76cd3b8636a25e3cb6de554	crates/veln-stdlib/veln/http2/core_test.veln#test ping_response_ack_preserves_payload_and_emits_exact_bytes(
stdout	case.toml:stdout:1728	dfde0084b55fea19f782192ae3f07d9443f7d27c322e661b0c2179989ec0af9d	b1fa1d099d16603c832490d45874c3627ffb479b5120d41a8667b4c7bf9cee90	crates/veln-stdlib/veln/http2/core_test.veln#test output_buffer_preserves_successful_send_order(
stdout	case.toml:stdout:1729	5c004a7ad586e1cb58711f68af31b609fe584997fadb14ec5bcb8809b840bd0b	c7f3afd06f113baeb62ed2cc651844aa6ae13637f76cd3b8636a25e3cb6de554	crates/veln-stdlib/veln/http2/core_test.veln#test ping_response_ack_preserves_payload_and_emits_exact_bytes(
stdout	case.toml:stdout:1730	b0a0807ec0eb87e58a2eb7f8a341076cdeff0901e0cc95478eb6ce3d80b461ea	f085e6baa133463c58715773e83a0cf33793f1b823c95493d886244b7f0499dd	crates/veln-stdlib/veln/http2/core_test.veln#test receive_connection_boundary_consumes_preface_initial_settings_and_ping_chunks(
stdout	case.toml:stdout:1731	7e6d91cccdd129ef920988b1b724a65b27185b1c2c72ff3eec94ddef504f96d6	f085e6baa133463c58715773e83a0cf33793f1b823c95493d886244b7f0499dd	crates/veln-stdlib/veln/http2/core_test.veln#test receive_connection_boundary_consumes_preface_initial_settings_and_ping_chunks(
stdout	case.toml:stdout:1732	7f423477d1b6a267e0c2bc9367832024f919bf3dbf499835c17ea00048a7bd36	f085e6baa133463c58715773e83a0cf33793f1b823c95493d886244b7f0499dd	crates/veln-stdlib/veln/http2/core_test.veln#test receive_connection_boundary_consumes_preface_initial_settings_and_ping_chunks(
stdout	case.toml:stdout:1733	461589cbd8699d6689a3fb4d02c3229e4127b54e0b854dc14adb55247d856970	f085e6baa133463c58715773e83a0cf33793f1b823c95493d886244b7f0499dd	crates/veln-stdlib/veln/http2/core_test.veln#test receive_connection_boundary_consumes_preface_initial_settings_and_ping_chunks(
stdout	case.toml:stdout:1734	ce753143b4dbc7fd2200c6fdf86f53ba79ae9f47b1ed7d4b65b56143762ddd3b	f085e6baa133463c58715773e83a0cf33793f1b823c95493d886244b7f0499dd	crates/veln-stdlib/veln/http2/core_test.veln#test receive_connection_boundary_consumes_preface_initial_settings_and_ping_chunks(
stdout	case.toml:stdout:1735	31573dadad92106b754534f529730d1713b2590be69e01711776478671ed5547	f085e6baa133463c58715773e83a0cf33793f1b823c95493d886244b7f0499dd	crates/veln-stdlib/veln/http2/core_test.veln#test receive_connection_boundary_consumes_preface_initial_settings_and_ping_chunks(
stdout	case.toml:stdout:1736	238d1bac1e9e489ec392d4358402948c0c9857194676ad44e5342bf846e64ddd	f085e6baa133463c58715773e83a0cf33793f1b823c95493d886244b7f0499dd	crates/veln-stdlib/veln/http2/core_test.veln#test receive_connection_boundary_consumes_preface_initial_settings_and_ping_chunks(
stdout	case.toml:stdout:1737	19a2687fead1a7f1331fc97a0aaa7965f23527579a0e00da6f8ebecd571f6959	dec13eee3e1cce9184b92c0ac0a2f333afb93480962461d0364d756cb356b12f	examples/specification/run/http2-protocol-core-flow-control-connection-human/case.toml#http2.peer_limit.flow_control_window_exceeded
stdout	case.toml:stdout:1738	aae998440d35f2903a7c03665001fa4a9a06bd5bc4e9c1f19f03b48f25ba4fc3	f085e6baa133463c58715773e83a0cf33793f1b823c95493d886244b7f0499dd	crates/veln-stdlib/veln/http2/core_test.veln#test receive_connection_boundary_consumes_preface_initial_settings_and_ping_chunks(
stdout	case.toml:stdout:1739	e6198abc1e0f664d955da82882dc711b51c0fc774eb29a91aff26aa604fbbdfe	f085e6baa133463c58715773e83a0cf33793f1b823c95493d886244b7f0499dd	crates/veln-stdlib/veln/http2/core_test.veln#test receive_connection_boundary_consumes_preface_initial_settings_and_ping_chunks(
stdout	case.toml:stdout:1740	d2773824221129a22a98b33b9ef9d061cadbd6a48dea2f49913a6c7b58172407	f085e6baa133463c58715773e83a0cf33793f1b823c95493d886244b7f0499dd	crates/veln-stdlib/veln/http2/core_test.veln#test receive_connection_boundary_consumes_preface_initial_settings_and_ping_chunks(
stdout	case.toml:stdout:1741	477eb1e116fbb71df79a22967dba8b052c7d123b572b7ffedf13758b71ba7428	f085e6baa133463c58715773e83a0cf33793f1b823c95493d886244b7f0499dd	crates/veln-stdlib/veln/http2/core_test.veln#test receive_connection_boundary_consumes_preface_initial_settings_and_ping_chunks(
stdout	case.toml:stdout:1742	7fb24eb47378c2a28aa3951d860ca0308d658b4058c784333cfbafef644007a4	6560f16cfc73c4ae8cf678c0d65ca8ebc679c2cdbaa2fea963d533ff2fe0f153	examples/specification/run/http2-core-outbound-headers/case.toml#http2.protocol.invalid_stream_id
stdout	case.toml:stdout:1743	47bed8f83022bd5864ee1b936be2e024536b4646f27afd7157944c1d233e612f	6560f16cfc73c4ae8cf678c0d65ca8ebc679c2cdbaa2fea963d533ff2fe0f153	examples/specification/run/http2-core-outbound-headers/case.toml#http2.protocol.invalid_stream_id
stdout	case.toml:stdout:1744	9c5bef32d8c5e2683e106116565eae1e4d45457d4e551a860c031ef32d2d2fff	6560f16cfc73c4ae8cf678c0d65ca8ebc679c2cdbaa2fea963d533ff2fe0f153	examples/specification/run/http2-core-outbound-headers/case.toml#http2.protocol.invalid_stream_id
stdout	case.toml:stdout:1745	d1d55e3fad6b036d129ad8740e01f06b9597b633d9f3db65f7703ddad4b1bf1d	6560f16cfc73c4ae8cf678c0d65ca8ebc679c2cdbaa2fea963d533ff2fe0f153	examples/specification/run/http2-core-outbound-headers/case.toml#http2.protocol.invalid_stream_id
stdout	case.toml:stdout:1746	b9ab17a491cebc5b9c69a78e1dbb3319d3ed02c34ccc56524c4c0524f10f072d	6560f16cfc73c4ae8cf678c0d65ca8ebc679c2cdbaa2fea963d533ff2fe0f153	examples/specification/run/http2-core-outbound-headers/case.toml#http2.protocol.invalid_stream_id
stdout	case.toml:stdout:1747	c2ef5df3a9ccf22ffc18148b56700ca4ab0955be81bf618df754697655fe0cd1	8388bd156850d4cbdbfd1e5768b0ea690c5f266028b8e5327481779250aa7965	examples/specification/run/http2-core-outbound-stream-control/case.toml#http2.protocol.invalid_frame_kind
stdout	case.toml:stdout:1748	b16f4688af339c053b2ccd5a76ee054d3dcf5cb5ea99e5db0f2e45f681f5a726	e3fd7bcb4f295de2d9ef373d0a3f032f2c2c0452205731daea5516803cf5d24c	crates/veln-stdlib/veln/http2/core_test.veln#test peer_stream_admission_rejects_non_increasing_stream_ids_without_next_state(
stdout	case.toml:stdout:1749	a6899cbbc9e6ff5dc5c93e3e692e55d84b9ea9139b0de5ac99c160f9d7ac6b51	e3fd7bcb4f295de2d9ef373d0a3f032f2c2c0452205731daea5516803cf5d24c	crates/veln-stdlib/veln/http2/core_test.veln#test peer_stream_admission_rejects_non_increasing_stream_ids_without_next_state(
stdout	case.toml:stdout:1750	f4bc3cd46a2d1f3543519755ff7449c0b29e5a068d63607bf4ffa066b34b13d7	e3fd7bcb4f295de2d9ef373d0a3f032f2c2c0452205731daea5516803cf5d24c	crates/veln-stdlib/veln/http2/core_test.veln#test peer_stream_admission_rejects_non_increasing_stream_ids_without_next_state(
stdout	case.toml:stdout:1751	77eba79d6b95d6ec5c6d57eab2f9fb054f9b001820b826e949abcde5d355d4ae	e3fd7bcb4f295de2d9ef373d0a3f032f2c2c0452205731daea5516803cf5d24c	crates/veln-stdlib/veln/http2/core_test.veln#test peer_stream_admission_rejects_non_increasing_stream_ids_without_next_state(
stdout	case.toml:stdout:1752	47795f6cdfe36b35b11ea58d8f6933d01ff9413982424d33043d3085b13c58f3	e3fd7bcb4f295de2d9ef373d0a3f032f2c2c0452205731daea5516803cf5d24c	crates/veln-stdlib/veln/http2/core_test.veln#test peer_stream_admission_rejects_non_increasing_stream_ids_without_next_state(
stdout	case.toml:stdout:1753	e4679c1ff670ae580d69564fe8d5028cacdb8b6da7f3382ddea7c3fd0f2d072a	e3fd7bcb4f295de2d9ef373d0a3f032f2c2c0452205731daea5516803cf5d24c	crates/veln-stdlib/veln/http2/core_test.veln#test peer_stream_admission_rejects_non_increasing_stream_ids_without_next_state(
stdout	case.toml:stdout:1754	f666f577b3053bb4025d68002c7b30908b058c4e691f4ff8608ab3c58a07fe00	e3fd7bcb4f295de2d9ef373d0a3f032f2c2c0452205731daea5516803cf5d24c	crates/veln-stdlib/veln/http2/core_test.veln#test peer_stream_admission_rejects_non_increasing_stream_ids_without_next_state(
stdout	case.toml:stdout:1755	a4cfe0608327944ab2079954cf2d8323728336e13adb24c1c9f6d7eb6703ee72	e3fd7bcb4f295de2d9ef373d0a3f032f2c2c0452205731daea5516803cf5d24c	crates/veln-stdlib/veln/http2/core_test.veln#test peer_stream_admission_rejects_non_increasing_stream_ids_without_next_state(
stdout	case.toml:stdout:1756	56e15e21d88a15809eea6acb6f98f37adc188d899c8647cb9d881b0e4914661d	e3fd7bcb4f295de2d9ef373d0a3f032f2c2c0452205731daea5516803cf5d24c	crates/veln-stdlib/veln/http2/core_test.veln#test peer_stream_admission_rejects_non_increasing_stream_ids_without_next_state(
stdout	case.toml:stdout:1757	4906767d3ea5d7c4667a1fdb21220f0acbb5d4674f8838ec0263370b34eb40e2	e3fd7bcb4f295de2d9ef373d0a3f032f2c2c0452205731daea5516803cf5d24c	crates/veln-stdlib/veln/http2/core_test.veln#test peer_stream_admission_rejects_non_increasing_stream_ids_without_next_state(
stdout	case.toml:stdout:1758	dc43f5c66220280f40b1b0ab4fb208993c5ef291be030c303e839ede7f8a6ebe	e3fd7bcb4f295de2d9ef373d0a3f032f2c2c0452205731daea5516803cf5d24c	crates/veln-stdlib/veln/http2/core_test.veln#test peer_stream_admission_rejects_non_increasing_stream_ids_without_next_state(
stdout	case.toml:stdout:1759	aa9216d19b3b65b5c99dcd6df0a806a0f95fc3abee34448aab465a22103fc7d1	e3fd7bcb4f295de2d9ef373d0a3f032f2c2c0452205731daea5516803cf5d24c	crates/veln-stdlib/veln/http2/core_test.veln#test peer_stream_admission_rejects_non_increasing_stream_ids_without_next_state(
stdout	case.toml:stdout:1760	786a4c377d1cc33af2394b00ac58977e8b3f4b96e5750eeca0b46cb558a3b107	e3fd7bcb4f295de2d9ef373d0a3f032f2c2c0452205731daea5516803cf5d24c	crates/veln-stdlib/veln/http2/core_test.veln#test peer_stream_admission_rejects_non_increasing_stream_ids_without_next_state(
stdout	case.toml:stdout:1761	9b4d4acf24c3450b2146e29b6f19cfd4c748f8037e19555978d090990894e46a	e3fd7bcb4f295de2d9ef373d0a3f032f2c2c0452205731daea5516803cf5d24c	crates/veln-stdlib/veln/http2/core_test.veln#test peer_stream_admission_rejects_non_increasing_stream_ids_without_next_state(
stdout	case.toml:stdout:1762	633b6295863a2863c0521a2c12a61892cfd28db0d4a0841928f3734ae771d387	6560f16cfc73c4ae8cf678c0d65ca8ebc679c2cdbaa2fea963d533ff2fe0f153	examples/specification/run/http2-core-outbound-headers/case.toml#http2.protocol.invalid_stream_id
stdout	case.toml:stdout:1763	2ab505e1f54608b824d6a32d44a4ed4a5b5205bade7ec0e294d517bbc0799286	301698b93dfb09ccd5ec43fe5dddf44999f225d1b9b44f647a8cb7af4d09d0a7	examples/specification/run/http2-protocol-core-frame-size-human/case.toml#http2.peer_limit.frame_size_exceeded
stdout	case.toml:stdout:1764	839b4d6e923823aeb86e3b13f936278e3087fc1fba5c668783d31170f6cf20e4	7273b5b98c0d918b6ea228e28c669052ef02bc5326fd524a91f6655e3a9042a9	examples/specification/run/http2-core-ping-transitions/case.toml#http2.protocol.invalid_payload_length
stdout	case.toml:stdout:1765	d48d6f229ee3bcaf98c77442d83a33fffe63b75313c84b09833cd99f045a444f	82bc4feae8b46209347ff48afea732b640671e79aef81bd7c1ac54947e1283f7	examples/specification/run/hpack-fixture-codec-boundary/case.toml#hpack.fixture.malformed_huffman_padding
stdout	case.toml:stdout:1766	07a59ed24cf66221baf9d689dc8cde7cf7e6efa4528cc19ef357808f21263849	e3fd7bcb4f295de2d9ef373d0a3f032f2c2c0452205731daea5516803cf5d24c	crates/veln-stdlib/veln/http2/core_test.veln#test peer_stream_admission_rejects_non_increasing_stream_ids_without_next_state(
stdout	case.toml:stdout:1767	4f0e3858f7d315b964b69746785966f58d42d0236c08a72d8ca5fb67338d5e22	e3fd7bcb4f295de2d9ef373d0a3f032f2c2c0452205731daea5516803cf5d24c	crates/veln-stdlib/veln/http2/core_test.veln#test peer_stream_admission_rejects_non_increasing_stream_ids_without_next_state(
stdout	case.toml:stdout:1768	8da16d404eeba04e468b8919e2305a50e0238916c91b7bc668ec13d3914175df	730ff533783181b689ed388486cf7e40f3db69ba43d86738ea612c10a8a03731	examples/specification/run/http2-protocol-core-client-promised-stream-id-ordering-human/case.toml#http2.protocol.peer_stream_id_not_increasing
stdout	case.toml:stdout:1769	cf7c747bd0881b996336319f87cfde1722d08b600935485c1860383e054685dd	e3fd7bcb4f295de2d9ef373d0a3f032f2c2c0452205731daea5516803cf5d24c	crates/veln-stdlib/veln/http2/core_test.veln#test peer_stream_admission_rejects_non_increasing_stream_ids_without_next_state(
stdout	case.toml:stdout:1770	9af9db59a2dfd81af952f799e6848b0f2780b444e3503ccf81956f9179bda012	e3fd7bcb4f295de2d9ef373d0a3f032f2c2c0452205731daea5516803cf5d24c	crates/veln-stdlib/veln/http2/core_test.veln#test peer_stream_admission_rejects_non_increasing_stream_ids_without_next_state(
stdout	case.toml:stdout:1771	8052713a1e72635f3bea5814fc9825eb21c5ca4ae5c4bb7e1b5a37aebd057f06	e3fd7bcb4f295de2d9ef373d0a3f032f2c2c0452205731daea5516803cf5d24c	crates/veln-stdlib/veln/http2/core_test.veln#test peer_stream_admission_rejects_non_increasing_stream_ids_without_next_state(
stdout	case.toml:stdout:1772	339f4951649c9327a3e757993958d2636e07d281f02adf7ad18a86390aff120e	e3fd7bcb4f295de2d9ef373d0a3f032f2c2c0452205731daea5516803cf5d24c	crates/veln-stdlib/veln/http2/core_test.veln#test peer_stream_admission_rejects_non_increasing_stream_ids_without_next_state(
stdout	case.toml:stdout:1773	57d13564da56b597c77690c1c5ab24c5f32725a1133eeda3f02d3a658c58baa4	730ff533783181b689ed388486cf7e40f3db69ba43d86738ea612c10a8a03731	examples/specification/run/http2-protocol-core-client-promised-stream-id-ordering-human/case.toml#http2.protocol.peer_stream_id_not_increasing
stdout	case.toml:stdout:1774	ea3574403c264d4908e8586e5f99ef82020abb1bce708bc9dcb942a525d96c2d	e3fd7bcb4f295de2d9ef373d0a3f032f2c2c0452205731daea5516803cf5d24c	crates/veln-stdlib/veln/http2/core_test.veln#test peer_stream_admission_rejects_non_increasing_stream_ids_without_next_state(
stdout	case.toml:stdout:1775	d883ecba826ab74bad2a93cf8c137328aefa012ebd364321e0dbf240d3f47400	e3fd7bcb4f295de2d9ef373d0a3f032f2c2c0452205731daea5516803cf5d24c	crates/veln-stdlib/veln/http2/core_test.veln#test peer_stream_admission_rejects_non_increasing_stream_ids_without_next_state(
stdout	case.toml:stdout:1776	cdacbf83c25c9934c9339014441dbfa834d3a4d8fbc760dc2e6a1c856858f3d9	e3fd7bcb4f295de2d9ef373d0a3f032f2c2c0452205731daea5516803cf5d24c	crates/veln-stdlib/veln/http2/core_test.veln#test peer_stream_admission_rejects_non_increasing_stream_ids_without_next_state(
stdout	case.toml:stdout:1777	7063fb4aea67577eed3eb632ca883f7d56ac7e55ccb56c4c35538e0e1669d75f	730ff533783181b689ed388486cf7e40f3db69ba43d86738ea612c10a8a03731	examples/specification/run/http2-protocol-core-client-promised-stream-id-ordering-human/case.toml#http2.protocol.peer_stream_id_not_increasing
stdout	case.toml:stdout:1778	de9362a952c0d509ca3d96697dd2eb1e41f389ea379a596b9485591e5e254c4a	e3fd7bcb4f295de2d9ef373d0a3f032f2c2c0452205731daea5516803cf5d24c	crates/veln-stdlib/veln/http2/core_test.veln#test peer_stream_admission_rejects_non_increasing_stream_ids_without_next_state(
stdout	case.toml:stdout:1779	c2afab8c8eff9ba443c76124452be1050ff005ee085dddcdf66ab95e476a657d	8388bd156850d4cbdbfd1e5768b0ea690c5f266028b8e5327481779250aa7965	examples/specification/run/http2-core-outbound-stream-control/case.toml#http2.protocol.invalid_frame_kind
stdout	case.toml:stdout:1780	0362bc305587da417359f4624b4119be6348ec5183cdc225555ae337d2f8c21f	e3fd7bcb4f295de2d9ef373d0a3f032f2c2c0452205731daea5516803cf5d24c	crates/veln-stdlib/veln/http2/core_test.veln#test peer_stream_admission_rejects_non_increasing_stream_ids_without_next_state(
stdout	case.toml:stdout:1781	f77a17c789ebd625a40be048cb88a1bb4e855f11a9c0437b749bf4ebbbfc888c	e3fd7bcb4f295de2d9ef373d0a3f032f2c2c0452205731daea5516803cf5d24c	crates/veln-stdlib/veln/http2/core_test.veln#test peer_stream_admission_rejects_non_increasing_stream_ids_without_next_state(
stdout	case.toml:stdout:1782	b4891a8b19a6170da5dbe77677936a743423a5b407f8d58e154531c6ca8cd169	730ff533783181b689ed388486cf7e40f3db69ba43d86738ea612c10a8a03731	examples/specification/run/http2-protocol-core-client-promised-stream-id-ordering-human/case.toml#http2.protocol.peer_stream_id_not_increasing
stdout	case.toml:stdout:1783	087fac006c413dad57e6c0f6e494857af4880d7934ef137785361777f3ed0e4b	e3fd7bcb4f295de2d9ef373d0a3f032f2c2c0452205731daea5516803cf5d24c	crates/veln-stdlib/veln/http2/core_test.veln#test peer_stream_admission_rejects_non_increasing_stream_ids_without_next_state(
stdout	case.toml:stdout:1784	c738481825521ed7703ab2326104690c06a7cc36269cb3551c9b58d30462592c	e3fd7bcb4f295de2d9ef373d0a3f032f2c2c0452205731daea5516803cf5d24c	crates/veln-stdlib/veln/http2/core_test.veln#test peer_stream_admission_rejects_non_increasing_stream_ids_without_next_state(
stdout	case.toml:stdout:1785	6d0c4b840299215edff04bddb5000b13fa2b3587778c756773b9ec76f6480e4f	e3fd7bcb4f295de2d9ef373d0a3f032f2c2c0452205731daea5516803cf5d24c	crates/veln-stdlib/veln/http2/core_test.veln#test peer_stream_admission_rejects_non_increasing_stream_ids_without_next_state(
stdout	case.toml:stdout:1786	18c2b66294d9033d4cee4f802f8ffe1cf3848a3553ff14e9b22dfd4dd89f5cbb	e3fd7bcb4f295de2d9ef373d0a3f032f2c2c0452205731daea5516803cf5d24c	crates/veln-stdlib/veln/http2/core_test.veln#test peer_stream_admission_rejects_non_increasing_stream_ids_without_next_state(
stdout	case.toml:stdout:1787	f0ec9635c621631d9da1ca4c3458d1ef5fc17275760f001bf11a01841dd6867b	e3fd7bcb4f295de2d9ef373d0a3f032f2c2c0452205731daea5516803cf5d24c	crates/veln-stdlib/veln/http2/core_test.veln#test peer_stream_admission_rejects_non_increasing_stream_ids_without_next_state(
stdout	case.toml:stdout:1788	1e4fea9c1303856acf2d6f239b47a6259fd4a78cb5665cea5d03d8017c2a1952	e3fd7bcb4f295de2d9ef373d0a3f032f2c2c0452205731daea5516803cf5d24c	crates/veln-stdlib/veln/http2/core_test.veln#test peer_stream_admission_rejects_non_increasing_stream_ids_without_next_state(
stdout	case.toml:stdout:1789	7ac75ae7cc505b26a628c1eb591349ca44e3fb852de130f135b1f1a650c832f8	e3fd7bcb4f295de2d9ef373d0a3f032f2c2c0452205731daea5516803cf5d24c	crates/veln-stdlib/veln/http2/core_test.veln#test peer_stream_admission_rejects_non_increasing_stream_ids_without_next_state(
stdout	case.toml:stdout:1790	e71c68a28a7d71b9048d3334b35e10676f95f6878bb4276580d086a8db59acae	e3fd7bcb4f295de2d9ef373d0a3f032f2c2c0452205731daea5516803cf5d24c	crates/veln-stdlib/veln/http2/core_test.veln#test peer_stream_admission_rejects_non_increasing_stream_ids_without_next_state(
stdout	case.toml:stdout:1791	8f7d3a926406919794670cf2dc7a47998cafd652565f7e26219ff86fb94551a9	e3fd7bcb4f295de2d9ef373d0a3f032f2c2c0452205731daea5516803cf5d24c	crates/veln-stdlib/veln/http2/core_test.veln#test peer_stream_admission_rejects_non_increasing_stream_ids_without_next_state(
stdout	case.toml:stdout:1792	ef368e50708f670b593baa6612e0d999ce2d9f96928ca1b42d9b089acb29f638	e3fd7bcb4f295de2d9ef373d0a3f032f2c2c0452205731daea5516803cf5d24c	crates/veln-stdlib/veln/http2/core_test.veln#test peer_stream_admission_rejects_non_increasing_stream_ids_without_next_state(
stdout	case.toml:stdout:1793	22e918883c1e94a3477905a35a6972cf370ca4695a60870c359e478dd92092ec	e3fd7bcb4f295de2d9ef373d0a3f032f2c2c0452205731daea5516803cf5d24c	crates/veln-stdlib/veln/http2/core_test.veln#test peer_stream_admission_rejects_non_increasing_stream_ids_without_next_state(
stdout	case.toml:stdout:1794	0003f4adebabc9c28fe9c54f444165b073ff2a23f958a8c7a584fb8b3daea134	e3fd7bcb4f295de2d9ef373d0a3f032f2c2c0452205731daea5516803cf5d24c	crates/veln-stdlib/veln/http2/core_test.veln#test peer_stream_admission_rejects_non_increasing_stream_ids_without_next_state(
stdout	case.toml:stdout:1795	ce6b333f32b41d92750905170f9f4c69ca6ed5e760c6741486309879623d0414	e3fd7bcb4f295de2d9ef373d0a3f032f2c2c0452205731daea5516803cf5d24c	crates/veln-stdlib/veln/http2/core_test.veln#test peer_stream_admission_rejects_non_increasing_stream_ids_without_next_state(
stdout	case.toml:stdout:1796	505a8f211f167a8ad09e3c1d4659b98ad8a9982e3df938e4c49e237e9edc4f50	e3fd7bcb4f295de2d9ef373d0a3f032f2c2c0452205731daea5516803cf5d24c	crates/veln-stdlib/veln/http2/core_test.veln#test peer_stream_admission_rejects_non_increasing_stream_ids_without_next_state(
stdout	case.toml:stdout:1797	31e25d4423b0e62c8878cc8529ec5a804f319879dd80f54418bd63e85379f5ba	e3fd7bcb4f295de2d9ef373d0a3f032f2c2c0452205731daea5516803cf5d24c	crates/veln-stdlib/veln/http2/core_test.veln#test peer_stream_admission_rejects_non_increasing_stream_ids_without_next_state(
stdout	case.toml:stdout:1798	21d0a96d35a0046b911e7403eedbd0c601b0b52fb07ba0e77d251b9f030ad352	e3fd7bcb4f295de2d9ef373d0a3f032f2c2c0452205731daea5516803cf5d24c	crates/veln-stdlib/veln/http2/core_test.veln#test peer_stream_admission_rejects_non_increasing_stream_ids_without_next_state(
stdout	case.toml:stdout:1799	dcb92aaf0c818a1a195681f1d43f5c47533998038254632ccdf3bfda3ce12f54	e3fd7bcb4f295de2d9ef373d0a3f032f2c2c0452205731daea5516803cf5d24c	crates/veln-stdlib/veln/http2/core_test.veln#test peer_stream_admission_rejects_non_increasing_stream_ids_without_next_state(
stdout	case.toml:stdout:1800	d3f1984246dcb2877c75fca337e26e4cdd8885c8416df0bf627121c275532300	e3fd7bcb4f295de2d9ef373d0a3f032f2c2c0452205731daea5516803cf5d24c	crates/veln-stdlib/veln/http2/core_test.veln#test peer_stream_admission_rejects_non_increasing_stream_ids_without_next_state(
stdout	case.toml:stdout:1801	103d67fcef580c3aca53c6494b10954e188b42eb51cfcecdbbdd7958d4835224	e3fd7bcb4f295de2d9ef373d0a3f032f2c2c0452205731daea5516803cf5d24c	crates/veln-stdlib/veln/http2/core_test.veln#test peer_stream_admission_rejects_non_increasing_stream_ids_without_next_state(
stdout	case.toml:stdout:1802	6bdef576f16fcdd037c1b316619c0c33856562603feccf212b3633adb02635f5	e3fd7bcb4f295de2d9ef373d0a3f032f2c2c0452205731daea5516803cf5d24c	crates/veln-stdlib/veln/http2/core_test.veln#test peer_stream_admission_rejects_non_increasing_stream_ids_without_next_state(
stdout	case.toml:stdout:1803	3c83d5d99c9d156d69f41b7e229715fa06966435b1ec662297cc4d26ffca2dfc	e3fd7bcb4f295de2d9ef373d0a3f032f2c2c0452205731daea5516803cf5d24c	crates/veln-stdlib/veln/http2/core_test.veln#test peer_stream_admission_rejects_non_increasing_stream_ids_without_next_state(
stdout	case.toml:stdout:1804	7cd3c9eef1da4650cc86c0414727c3c3ce4b0624428fdb795af6fe2f1053a7db	e3fd7bcb4f295de2d9ef373d0a3f032f2c2c0452205731daea5516803cf5d24c	crates/veln-stdlib/veln/http2/core_test.veln#test peer_stream_admission_rejects_non_increasing_stream_ids_without_next_state(
stdout	case.toml:stdout:1805	cfba7755d9218847a0823e0e94cdb21048345e410331c4ed8df4fc5ef9739234	e3fd7bcb4f295de2d9ef373d0a3f032f2c2c0452205731daea5516803cf5d24c	crates/veln-stdlib/veln/http2/core_test.veln#test peer_stream_admission_rejects_non_increasing_stream_ids_without_next_state(
stdout	case.toml:stdout:1806	a670f1828c9f22ba97d3caf73fe7f2160c43ca73be245783921008dd091fb27d	e3fd7bcb4f295de2d9ef373d0a3f032f2c2c0452205731daea5516803cf5d24c	crates/veln-stdlib/veln/http2/core_test.veln#test peer_stream_admission_rejects_non_increasing_stream_ids_without_next_state(
stdout	case.toml:stdout:1807	76551f9c7bffd0f06aae8f4d22dbbd318b31b2c774a002efcfe7c42fd5f28579	e3fd7bcb4f295de2d9ef373d0a3f032f2c2c0452205731daea5516803cf5d24c	crates/veln-stdlib/veln/http2/core_test.veln#test peer_stream_admission_rejects_non_increasing_stream_ids_without_next_state(
stdout	case.toml:stdout:1808	d23488f19a9b8d362306c1f1fc764ccc9ecb902f016e5e8117d483a3d86681a6	e3fd7bcb4f295de2d9ef373d0a3f032f2c2c0452205731daea5516803cf5d24c	crates/veln-stdlib/veln/http2/core_test.veln#test peer_stream_admission_rejects_non_increasing_stream_ids_without_next_state(
stdout	case.toml:stdout:1809	8729eb466dd015e04f87fd3c67e0efabd51b6a6346db82c2da62c46ac2bae665	e3fd7bcb4f295de2d9ef373d0a3f032f2c2c0452205731daea5516803cf5d24c	crates/veln-stdlib/veln/http2/core_test.veln#test peer_stream_admission_rejects_non_increasing_stream_ids_without_next_state(
stdout	case.toml:stdout:1810	da2f8af9c4888e04bcc778f070949d59cee69b00677712819fbbabfba74744e3	e3fd7bcb4f295de2d9ef373d0a3f032f2c2c0452205731daea5516803cf5d24c	crates/veln-stdlib/veln/http2/core_test.veln#test peer_stream_admission_rejects_non_increasing_stream_ids_without_next_state(
stdout	case.toml:stdout:1811	2203caa9efa5c36f12bd985c9fef938b64d072d84c651c4c6145f87e3a607174	e3fd7bcb4f295de2d9ef373d0a3f032f2c2c0452205731daea5516803cf5d24c	crates/veln-stdlib/veln/http2/core_test.veln#test peer_stream_admission_rejects_non_increasing_stream_ids_without_next_state(
stdout	case.toml:stdout:1812	18073de540fe2b4da6b5b077a10667520fbf45902bc30a312eedfe9458a7749d	e3fd7bcb4f295de2d9ef373d0a3f032f2c2c0452205731daea5516803cf5d24c	crates/veln-stdlib/veln/http2/core_test.veln#test peer_stream_admission_rejects_non_increasing_stream_ids_without_next_state(
stdout	case.toml:stdout:1813	37368fbcbf898b4f4a86c9150f53246f7505a896e47e5745b30f23f168ece28b	e3fd7bcb4f295de2d9ef373d0a3f032f2c2c0452205731daea5516803cf5d24c	crates/veln-stdlib/veln/http2/core_test.veln#test peer_stream_admission_rejects_non_increasing_stream_ids_without_next_state(
stdout	case.toml:stdout:1814	c94686048d8be525c9bae91510ed7fbab46a4c99b20e6e87effba5ee6b34ba5b	e3fd7bcb4f295de2d9ef373d0a3f032f2c2c0452205731daea5516803cf5d24c	crates/veln-stdlib/veln/http2/core_test.veln#test peer_stream_admission_rejects_non_increasing_stream_ids_without_next_state(
stdout	case.toml:stdout:1815	d1dc357dd5c324e204ed8fb5149974433d21f07b26621456b5dc2a9a234e4753	e3fd7bcb4f295de2d9ef373d0a3f032f2c2c0452205731daea5516803cf5d24c	crates/veln-stdlib/veln/http2/core_test.veln#test peer_stream_admission_rejects_non_increasing_stream_ids_without_next_state(
stdout	case.toml:stdout:1816	f161d6517e277f77e7b614d8cd5c907de57d89da377749505f9cc7c7dbc67f45	e3fd7bcb4f295de2d9ef373d0a3f032f2c2c0452205731daea5516803cf5d24c	crates/veln-stdlib/veln/http2/core_test.veln#test peer_stream_admission_rejects_non_increasing_stream_ids_without_next_state(
stdout	case.toml:stdout:1817	fd6d5c57ea206e1abf51a9f45a9cd31e063ff91f45e2a91a071e4b980d6d7fab	e3fd7bcb4f295de2d9ef373d0a3f032f2c2c0452205731daea5516803cf5d24c	crates/veln-stdlib/veln/http2/core_test.veln#test peer_stream_admission_rejects_non_increasing_stream_ids_without_next_state(
stdout	case.toml:stdout:1818	50ec16d5f82f5216f4db6702a60f448b8aaa0ab7c23c6f2d317126e613c76865	e3fd7bcb4f295de2d9ef373d0a3f032f2c2c0452205731daea5516803cf5d24c	crates/veln-stdlib/veln/http2/core_test.veln#test peer_stream_admission_rejects_non_increasing_stream_ids_without_next_state(
stdout	case.toml:stdout:1819	caff67a999771a50b74504731f23210ba5fd4065d95b42c3655f7d80e07412a2	9137f5827a8206c8e92c915f89f1be2c7c6316698f11ee128a93ac0566f19aa2	examples/specification/run/http2-protocol-core-concurrent-streams-human/case.toml#http2.peer_limit.concurrent_streams_exceeded
stdout	case.toml:stdout:1820	a51c0f8cea179cb82273f228bbde333b9f51f1903737a720a0a1c55c0f4bfb71	e3fd7bcb4f295de2d9ef373d0a3f032f2c2c0452205731daea5516803cf5d24c	crates/veln-stdlib/veln/http2/core_test.veln#test peer_stream_admission_rejects_non_increasing_stream_ids_without_next_state(
stdout	case.toml:stdout:1821	1c25183e63ea5021837d78272f914845d4dd90ff16a7f2f4f392d97220698c38	e3fd7bcb4f295de2d9ef373d0a3f032f2c2c0452205731daea5516803cf5d24c	crates/veln-stdlib/veln/http2/core_test.veln#test peer_stream_admission_rejects_non_increasing_stream_ids_without_next_state(
stdout	case.toml:stdout:1822	f82d35d838b585ed3f9147403bb7873db258fbcb5dfc1e9721376bd3dae73e7f	e3fd7bcb4f295de2d9ef373d0a3f032f2c2c0452205731daea5516803cf5d24c	crates/veln-stdlib/veln/http2/core_test.veln#test peer_stream_admission_rejects_non_increasing_stream_ids_without_next_state(
stdout	case.toml:stdout:1823	331ae922a1406bf1743e5021eb44999f1f0970d124b5746eb2e008d9d2e6e424	e3fd7bcb4f295de2d9ef373d0a3f032f2c2c0452205731daea5516803cf5d24c	crates/veln-stdlib/veln/http2/core_test.veln#test peer_stream_admission_rejects_non_increasing_stream_ids_without_next_state(
stdout	case.toml:stdout:1824	cf11891f652f74b19bee18c2976fb15d0686577fa62d30b0f3b8597ae509e340	e3fd7bcb4f295de2d9ef373d0a3f032f2c2c0452205731daea5516803cf5d24c	crates/veln-stdlib/veln/http2/core_test.veln#test peer_stream_admission_rejects_non_increasing_stream_ids_without_next_state(
stdout	case.toml:stdout:1825	98d87ce430016fb2094cdfceac64854c2d55e4f0641afc05adb7d4f58638772e	e3fd7bcb4f295de2d9ef373d0a3f032f2c2c0452205731daea5516803cf5d24c	crates/veln-stdlib/veln/http2/core_test.veln#test peer_stream_admission_rejects_non_increasing_stream_ids_without_next_state(
stdout	case.toml:stdout:1826	9a58c5fd32df27b57921791b6953fe4aefbc0de05d7c2bd42f59c74353e591b4	e3fd7bcb4f295de2d9ef373d0a3f032f2c2c0452205731daea5516803cf5d24c	crates/veln-stdlib/veln/http2/core_test.veln#test peer_stream_admission_rejects_non_increasing_stream_ids_without_next_state(
stdout	case.toml:stdout:1827	f847438388e8680752e4ff2d28dc718a2f2ee0e98ef5ef0ada3852236bdd616a	e3fd7bcb4f295de2d9ef373d0a3f032f2c2c0452205731daea5516803cf5d24c	crates/veln-stdlib/veln/http2/core_test.veln#test peer_stream_admission_rejects_non_increasing_stream_ids_without_next_state(
stdout	case.toml:stdout:1828	284c64f899bf320148336e9dd0e30311892609e80eb8e5cfcc513e4b3ae42c7b	e3fd7bcb4f295de2d9ef373d0a3f032f2c2c0452205731daea5516803cf5d24c	crates/veln-stdlib/veln/http2/core_test.veln#test peer_stream_admission_rejects_non_increasing_stream_ids_without_next_state(
stdout	case.toml:stdout:1829	d520b41758e27ce970868ecf295bb7c0955ce7a65574d6b03f6d99f33e731946	e3fd7bcb4f295de2d9ef373d0a3f032f2c2c0452205731daea5516803cf5d24c	crates/veln-stdlib/veln/http2/core_test.veln#test peer_stream_admission_rejects_non_increasing_stream_ids_without_next_state(
stdout	case.toml:stdout:1830	dd7f865928d84bb44e590561f20d6bb534715feec7e665d041c7c5b6771be742	e3fd7bcb4f295de2d9ef373d0a3f032f2c2c0452205731daea5516803cf5d24c	crates/veln-stdlib/veln/http2/core_test.veln#test peer_stream_admission_rejects_non_increasing_stream_ids_without_next_state(
stdout	case.toml:stdout:1831	7d8fbb6301a6e3d01daa4d11c805dc3b24ce495f3a4572b4034e05eba992dbdf	e3fd7bcb4f295de2d9ef373d0a3f032f2c2c0452205731daea5516803cf5d24c	crates/veln-stdlib/veln/http2/core_test.veln#test peer_stream_admission_rejects_non_increasing_stream_ids_without_next_state(
stdout	case.toml:stdout:1832	1f5b430f0e5697705b591becf7a1afc6d73c4b1d6c3f3437f56e1263dabd5436	e3fd7bcb4f295de2d9ef373d0a3f032f2c2c0452205731daea5516803cf5d24c	crates/veln-stdlib/veln/http2/core_test.veln#test peer_stream_admission_rejects_non_increasing_stream_ids_without_next_state(
stdout	case.toml:stdout:1833	1db37ae02d65070c527e4651133c39e0f1608837e18232ad3d0666f6f5721797	e3fd7bcb4f295de2d9ef373d0a3f032f2c2c0452205731daea5516803cf5d24c	crates/veln-stdlib/veln/http2/core_test.veln#test peer_stream_admission_rejects_non_increasing_stream_ids_without_next_state(
stdout	case.toml:stdout:1834	01c4a40d0dd7988742c9f3f0dcbd485a68cd90589957642fad9c80dddf79ffc0	e3fd7bcb4f295de2d9ef373d0a3f032f2c2c0452205731daea5516803cf5d24c	crates/veln-stdlib/veln/http2/core_test.veln#test peer_stream_admission_rejects_non_increasing_stream_ids_without_next_state(
stdout	case.toml:stdout:1835	279fa1e2de085db0a1697da667df67dda4a16cca9936bee91b5f867f3971b40d	730ff533783181b689ed388486cf7e40f3db69ba43d86738ea612c10a8a03731	examples/specification/run/http2-protocol-core-client-promised-stream-id-ordering-human/case.toml#http2.protocol.peer_stream_id_not_increasing
stdout	case.toml:stdout:1836	db87b86bf2d0ab9a5db04e8bd8ac8563da66a6d1b73c7ddbc6e5c81ecf03c989	e3fd7bcb4f295de2d9ef373d0a3f032f2c2c0452205731daea5516803cf5d24c	crates/veln-stdlib/veln/http2/core_test.veln#test peer_stream_admission_rejects_non_increasing_stream_ids_without_next_state(
stdout	case.toml:stdout:1837	0938ceb5f9d83f20171c6277e951fee252d9e808182824c84e2e5dabacbf33b5	730ff533783181b689ed388486cf7e40f3db69ba43d86738ea612c10a8a03731	examples/specification/run/http2-protocol-core-client-promised-stream-id-ordering-human/case.toml#http2.protocol.peer_stream_id_not_increasing
stdout	case.toml:stdout:1838	ebd47072a2303dac923d2dc9df013e71bf69c319dcfa3c880b7426172bf32cb7	e3fd7bcb4f295de2d9ef373d0a3f032f2c2c0452205731daea5516803cf5d24c	crates/veln-stdlib/veln/http2/core_test.veln#test peer_stream_admission_rejects_non_increasing_stream_ids_without_next_state(
stdout	case.toml:stdout:1839	f48ddfa6c70e42351bf7388a05348e67fd7c53a57a344e1db99c651d3684fce6	730ff533783181b689ed388486cf7e40f3db69ba43d86738ea612c10a8a03731	examples/specification/run/http2-protocol-core-client-promised-stream-id-ordering-human/case.toml#http2.protocol.peer_stream_id_not_increasing
stdout	case.toml:stdout:1840	962206982e7f4d0929e991757a65da218cdf2adebb884c944df235f4a03a3be2	e3fd7bcb4f295de2d9ef373d0a3f032f2c2c0452205731daea5516803cf5d24c	crates/veln-stdlib/veln/http2/core_test.veln#test peer_stream_admission_rejects_non_increasing_stream_ids_without_next_state(
stdout	case.toml:stdout:1841	ebbfd13fbc30c42becc6a3b2f571060842832f50ade3f6f26363ba28aac1d0c8	730ff533783181b689ed388486cf7e40f3db69ba43d86738ea612c10a8a03731	examples/specification/run/http2-protocol-core-client-promised-stream-id-ordering-human/case.toml#http2.protocol.peer_stream_id_not_increasing
stdout	case.toml:stdout:1842	1bf4e2ff48fa7ccb9ec9e0f50abd0138eae059f0187be3ea3600ed65cb10bfb3	e3fd7bcb4f295de2d9ef373d0a3f032f2c2c0452205731daea5516803cf5d24c	crates/veln-stdlib/veln/http2/core_test.veln#test peer_stream_admission_rejects_non_increasing_stream_ids_without_next_state(
stdout	case.toml:stdout:1843	538aaf14bd22a9d1bcde9f0fe5aa3b20be7dbd563067a7f4190265c0194dada5	f78939169e7c131e14292abb0654c8dd103b9f294d3e45e3bf8e029ae980e51e	crates/veln-stdlib/veln/http2/core_test.veln#test receive_frame_dispatch_applies_data_window_update_and_rst_stream(
stdout	case.toml:stdout:1844	0e9932023ea7ce001a611a8cc0eee20ff6c260a8e9e17a25c7bb87f0aba045f2	f78939169e7c131e14292abb0654c8dd103b9f294d3e45e3bf8e029ae980e51e	crates/veln-stdlib/veln/http2/core_test.veln#test receive_frame_dispatch_applies_data_window_update_and_rst_stream(
stdout	case.toml:stdout:1845	b47138dcd324dc39a32a240da10c51a93e9d197ba6d181670a309d314089e3d1	f78939169e7c131e14292abb0654c8dd103b9f294d3e45e3bf8e029ae980e51e	crates/veln-stdlib/veln/http2/core_test.veln#test receive_frame_dispatch_applies_data_window_update_and_rst_stream(
stdout	case.toml:stdout:1846	8619a30f9cf0bf3b95ba0920b9b554a765c656810246c29189b8625959863d06	f78939169e7c131e14292abb0654c8dd103b9f294d3e45e3bf8e029ae980e51e	crates/veln-stdlib/veln/http2/core_test.veln#test receive_frame_dispatch_applies_data_window_update_and_rst_stream(
stdout	case.toml:stdout:1847	e437f940d4033a2889bb1dc82922e6138312c9a40329be51e0bbe15d0e120d9c	f78939169e7c131e14292abb0654c8dd103b9f294d3e45e3bf8e029ae980e51e	crates/veln-stdlib/veln/http2/core_test.veln#test receive_frame_dispatch_applies_data_window_update_and_rst_stream(
stdout	case.toml:stdout:1848	4ce977882042d2206b9508d627431d8243babca93f6bb6d69fa161541dba9a6e	828fd5354b878d0f8400b13fce70511aa6096a289f4c142e2ff508fb089eb0c6	crates/veln-stdlib/veln/http2/core_test.veln#test outbound_data_send_emits_exact_bytes_and_updates_stream_state(
stdout	case.toml:stdout:1849	e3dc18567b7e1ebcd84c47915d24a9ecfb5c853cf0b63a90b7c47d8d0f98b303	828fd5354b878d0f8400b13fce70511aa6096a289f4c142e2ff508fb089eb0c6	crates/veln-stdlib/veln/http2/core_test.veln#test outbound_data_send_emits_exact_bytes_and_updates_stream_state(
stdout	case.toml:stdout:1850	035b0e1bc9f858fdf9166cbc085e524cdb8d19a10108d4d1cc68cd7789d0f3e3	f78939169e7c131e14292abb0654c8dd103b9f294d3e45e3bf8e029ae980e51e	crates/veln-stdlib/veln/http2/core_test.veln#test receive_frame_dispatch_applies_data_window_update_and_rst_stream(
stdout	case.toml:stdout:1851	ee725bbf6309ae42f99b2eacee69feeead2516480716a7e3e8f3d138c871f78e	8cd2a00011264395aeb7030821b814db2df8741d64fa76817280b2caf479d989	examples/specification/run/http2-protocol-core-data-padding-human/case.toml#http2.protocol.invalid_data_padding
stdout	case.toml:stdout:1852	18b313edcc87ac824f25fbf391e186fa7348b9565d74c232e2a71db0d53f14a2	f78939169e7c131e14292abb0654c8dd103b9f294d3e45e3bf8e029ae980e51e	crates/veln-stdlib/veln/http2/core_test.veln#test receive_frame_dispatch_applies_data_window_update_and_rst_stream(
stdout	case.toml:stdout:1853	a4194a7d11bf3685891818ff35f43858e6af14565fc150eae5dcc56e191f7c43	f78939169e7c131e14292abb0654c8dd103b9f294d3e45e3bf8e029ae980e51e	crates/veln-stdlib/veln/http2/core_test.veln#test receive_frame_dispatch_applies_data_window_update_and_rst_stream(
stdout	case.toml:stdout:1854	549cf413160ba232d998b74e64de45e235a8d4c3c87d1d60baaf0622c24bd5a6	8388bd156850d4cbdbfd1e5768b0ea690c5f266028b8e5327481779250aa7965	examples/specification/run/http2-core-outbound-stream-control/case.toml#http2.protocol.invalid_frame_kind
stdout	case.toml:stdout:1855	fc3cfc23570d24b048f7d458a1d6b8ef74a00c4f48f4df491c15851a3a059d3c	8388bd156850d4cbdbfd1e5768b0ea690c5f266028b8e5327481779250aa7965	examples/specification/run/http2-core-outbound-stream-control/case.toml#http2.protocol.invalid_frame_kind
stdout	case.toml:stdout:1856	9606720faacdf56a3e1d4b0b20e63bc9ca4f1f80cffa11ffb03ecd8b3fd37674	f78939169e7c131e14292abb0654c8dd103b9f294d3e45e3bf8e029ae980e51e	crates/veln-stdlib/veln/http2/core_test.veln#test receive_frame_dispatch_applies_data_window_update_and_rst_stream(
stdout	case.toml:stdout:1857	6ed1619bb983b1f9e97678eb8fdf3906e38f98cca5c876f62e55cd77b2d54c61	8388bd156850d4cbdbfd1e5768b0ea690c5f266028b8e5327481779250aa7965	examples/specification/run/http2-core-outbound-stream-control/case.toml#http2.protocol.invalid_frame_kind
stdout	case.toml:stdout:1858	32e5cb2145d4d2b5f2dcb2e2682db6a795712b4f28ad428e8bf9a4679319bfa9	8388bd156850d4cbdbfd1e5768b0ea690c5f266028b8e5327481779250aa7965	examples/specification/run/http2-core-outbound-stream-control/case.toml#http2.protocol.invalid_frame_kind
stdout	case.toml:stdout:1859	0e1ca37f671e58fadf1f9f2d8ecc23bc9ae90b9fe853cef44762767797b5bd80	6560f16cfc73c4ae8cf678c0d65ca8ebc679c2cdbaa2fea963d533ff2fe0f153	examples/specification/run/http2-core-outbound-headers/case.toml#http2.protocol.invalid_stream_id
stdout	case.toml:stdout:1860	3dc72d853d9426b5a18269a698b15462804ed426b3a9bfaf75ef6e071ec46863	7273b5b98c0d918b6ea228e28c669052ef02bc5326fd524a91f6655e3a9042a9	examples/specification/run/http2-core-ping-transitions/case.toml#http2.protocol.invalid_payload_length
stdout	case.toml:stdout:1861	b6b9d848ac9e8b5b54406a20c5ec4547bf697cee262fbe6889f4feaf463f9716	8388bd156850d4cbdbfd1e5768b0ea690c5f266028b8e5327481779250aa7965	examples/specification/run/http2-core-outbound-stream-control/case.toml#http2.protocol.invalid_frame_kind
stdout	case.toml:stdout:1862	a3f2512b01467a31191a3d19ca6bed7abd752f8adbb091f0d4aa16628a0823bd	dec13eee3e1cce9184b92c0ac0a2f333afb93480962461d0364d756cb356b12f	examples/specification/run/http2-protocol-core-flow-control-connection-human/case.toml#http2.peer_limit.flow_control_window_exceeded
stdout	case.toml:stdout:1863	68529d6576b1e9800afc439afbbc3236c1217e4897ebf595fb09cb661adf3521	dec13eee3e1cce9184b92c0ac0a2f333afb93480962461d0364d756cb356b12f	examples/specification/run/http2-protocol-core-flow-control-connection-human/case.toml#http2.peer_limit.flow_control_window_exceeded
stdout	case.toml:stdout:1864	1dcef678ed71e68d2c1e2d4b2d050df318e3a4400ecdaefde615d3c653ac1fc3	f78939169e7c131e14292abb0654c8dd103b9f294d3e45e3bf8e029ae980e51e	crates/veln-stdlib/veln/http2/core_test.veln#test receive_frame_dispatch_applies_data_window_update_and_rst_stream(
stdout	case.toml:stdout:1865	6d46cafd33454b7b4c187714ec0421c59b5da011f2f3698da49bd7d3c5eff004	f78939169e7c131e14292abb0654c8dd103b9f294d3e45e3bf8e029ae980e51e	crates/veln-stdlib/veln/http2/core_test.veln#test receive_frame_dispatch_applies_data_window_update_and_rst_stream(
stdout	case.toml:stdout:1866	eb2c33f634e9c248bf41d4f90a934424e8fafc96338c02f4335ee6ea12b37789	f78939169e7c131e14292abb0654c8dd103b9f294d3e45e3bf8e029ae980e51e	crates/veln-stdlib/veln/http2/core_test.veln#test receive_frame_dispatch_applies_data_window_update_and_rst_stream(
stdout	case.toml:stdout:1867	153a764e0d29d4baf741661410dcc205a2c4eb0cbd97239aec3a64bf65533bd4	f78939169e7c131e14292abb0654c8dd103b9f294d3e45e3bf8e029ae980e51e	crates/veln-stdlib/veln/http2/core_test.veln#test receive_frame_dispatch_applies_data_window_update_and_rst_stream(
stdout	case.toml:stdout:1868	2e3168ff285ae9ed45fe8a05e0c1614df57f0a8f6ec165ed4657e906f18b4877	7273b5b98c0d918b6ea228e28c669052ef02bc5326fd524a91f6655e3a9042a9	examples/specification/run/http2-core-ping-transitions/case.toml#http2.protocol.invalid_payload_length
stdout	case.toml:stdout:1869	7e4eda04aea867eb340720f10074dcbd7f1c4d2e34155b6bde30257f821d9412	8388bd156850d4cbdbfd1e5768b0ea690c5f266028b8e5327481779250aa7965	examples/specification/run/http2-core-outbound-stream-control/case.toml#http2.protocol.invalid_frame_kind
stdout	case.toml:stdout:1870	f01ef14e420e4c662519a558265a311948c4297a6aac352f29c3c14d5b97bb9d	9c4ac671f033df3d25e4776288e6859dcf2d99579a0a8bec1e4903832fcf6435	examples/specification/run/http2-protocol-core-window-update-increment-human/case.toml#http2.protocol.invalid_window_update_increment
stdout	case.toml:stdout:1871	c79ff4ccddd1fa042d314ecf32f2ccc24f01e2f0e1f4e8ee879113d75a22a07a	dec13eee3e1cce9184b92c0ac0a2f333afb93480962461d0364d756cb356b12f	examples/specification/run/http2-protocol-core-flow-control-connection-human/case.toml#http2.peer_limit.flow_control_window_exceeded
stdout	case.toml:stdout:1872	971d6c7e3573dad37e6c0bcf7575bb1d2d406ec7f9458926f001f43a888df5f1	dec13eee3e1cce9184b92c0ac0a2f333afb93480962461d0364d756cb356b12f	examples/specification/run/http2-protocol-core-flow-control-connection-human/case.toml#http2.peer_limit.flow_control_window_exceeded
stdout	case.toml:stdout:1873	20413ff8fcf0de49e43d18628805d407a36385a902b425ca0beb760ea5412d61	c7f3afd06f113baeb62ed2cc651844aa6ae13637f76cd3b8636a25e3cb6de554	crates/veln-stdlib/veln/http2/core_test.veln#test ping_response_ack_preserves_payload_and_emits_exact_bytes(
stdout	case.toml:stdout:1874	3bf50064fae89f1594816be48bf512a23f413a336d601b1105037baae0c06689	b1fa1d099d16603c832490d45874c3627ffb479b5120d41a8667b4c7bf9cee90	crates/veln-stdlib/veln/http2/core_test.veln#test output_buffer_preserves_successful_send_order(
stdout	case.toml:stdout:1875	73322b133472586c63f81d2835e7aa00ee7bf0ba4fd2d55fbf3479d2f0b5bf0e	c7f3afd06f113baeb62ed2cc651844aa6ae13637f76cd3b8636a25e3cb6de554	crates/veln-stdlib/veln/http2/core_test.veln#test ping_response_ack_preserves_payload_and_emits_exact_bytes(
stdout	case.toml:stdout:1876	444a825e756f7f13e40eae59cf6c0369be496a7c78fba5950192ea165dbc0eca	c7f3afd06f113baeb62ed2cc651844aa6ae13637f76cd3b8636a25e3cb6de554	crates/veln-stdlib/veln/http2/core_test.veln#test ping_response_ack_preserves_payload_and_emits_exact_bytes(
stdout	case.toml:stdout:1877	6dbfa20b5abf269a45ef1e4476d96b5d3a435456db3b448f9b2416012dee997e	c7f3afd06f113baeb62ed2cc651844aa6ae13637f76cd3b8636a25e3cb6de554	crates/veln-stdlib/veln/http2/core_test.veln#test ping_response_ack_preserves_payload_and_emits_exact_bytes(
stdout	case.toml:stdout:1878	9e923c08cbed48fffe0cea3c7889adbc370e7ab8158253123be4418381dfc155	b1fa1d099d16603c832490d45874c3627ffb479b5120d41a8667b4c7bf9cee90	crates/veln-stdlib/veln/http2/core_test.veln#test output_buffer_preserves_successful_send_order(
stdout	case.toml:stdout:1879	4b777c5aeedbe377efeabd9f6a4e0f209c0504b4854a0c7949ba020c750f0b67	c7f3afd06f113baeb62ed2cc651844aa6ae13637f76cd3b8636a25e3cb6de554	crates/veln-stdlib/veln/http2/core_test.veln#test ping_response_ack_preserves_payload_and_emits_exact_bytes(
stdout	case.toml:stdout:1880	09c161f423105072b5d380b2e2710d022b649709b83bf40f4ecc40a91c1ff705	7273b5b98c0d918b6ea228e28c669052ef02bc5326fd524a91f6655e3a9042a9	examples/specification/run/http2-core-ping-transitions/case.toml#http2.protocol.invalid_payload_length
stdout	case.toml:stdout:1881	017fc93bb75bf59c3e0209dc628ee609973596b7e547d20a714c3ec3b4c7db4d	6560f16cfc73c4ae8cf678c0d65ca8ebc679c2cdbaa2fea963d533ff2fe0f153	examples/specification/run/http2-core-outbound-headers/case.toml#http2.protocol.invalid_stream_id
stdout	case.toml:stdout:1882	c127ed44a309035288b44a69b5d702c3653180a82c685aa0fb4f5ca6fb427cc4	f085e6baa133463c58715773e83a0cf33793f1b823c95493d886244b7f0499dd	crates/veln-stdlib/veln/http2/core_test.veln#test receive_connection_boundary_consumes_preface_initial_settings_and_ping_chunks(
stdout	case.toml:stdout:1883	b2bfba0763d0bfe5a446eb75d620e7250b3240654f99aa475eb840e1292f118c	f085e6baa133463c58715773e83a0cf33793f1b823c95493d886244b7f0499dd	crates/veln-stdlib/veln/http2/core_test.veln#test receive_connection_boundary_consumes_preface_initial_settings_and_ping_chunks(
stdout	case.toml:stdout:1884	c53c37db28c44dd83aa7ef5c279e8f4675d601370b0e64c047c7057411f3a8a2	f085e6baa133463c58715773e83a0cf33793f1b823c95493d886244b7f0499dd	crates/veln-stdlib/veln/http2/core_test.veln#test receive_connection_boundary_consumes_preface_initial_settings_and_ping_chunks(
stdout	case.toml:stdout:1885	9aa25dc539705fcf6f34cef60e69b3fc7c572c321643b0aa67130c116a1ad8de	f085e6baa133463c58715773e83a0cf33793f1b823c95493d886244b7f0499dd	crates/veln-stdlib/veln/http2/core_test.veln#test receive_connection_boundary_consumes_preface_initial_settings_and_ping_chunks(
stdout	case.toml:stdout:1886	3423500d6f6e1b23c5cad15c49021bec8800c3fd0b1d8c7bcab2b347abf13d36	f085e6baa133463c58715773e83a0cf33793f1b823c95493d886244b7f0499dd	crates/veln-stdlib/veln/http2/core_test.veln#test receive_connection_boundary_consumes_preface_initial_settings_and_ping_chunks(
stdout	case.toml:stdout:1887	150560e255eb0446740cd64410fd77c2fff6a2f2c3c74749f0552451f82e652f	f085e6baa133463c58715773e83a0cf33793f1b823c95493d886244b7f0499dd	crates/veln-stdlib/veln/http2/core_test.veln#test receive_connection_boundary_consumes_preface_initial_settings_and_ping_chunks(
stdout	case.toml:stdout:1888	84289fd8b54f247fed7378ab436acf9c76f82b25edfae94aad553d20d34ecce9	f085e6baa133463c58715773e83a0cf33793f1b823c95493d886244b7f0499dd	crates/veln-stdlib/veln/http2/core_test.veln#test receive_connection_boundary_consumes_preface_initial_settings_and_ping_chunks(
stdout	case.toml:stdout:1889	38abe2ae05fc920faa6e4bf1822eadfbc61526b04655df6ee759a0dbe58936fb	f085e6baa133463c58715773e83a0cf33793f1b823c95493d886244b7f0499dd	crates/veln-stdlib/veln/http2/core_test.veln#test receive_connection_boundary_consumes_preface_initial_settings_and_ping_chunks(
stdout	case.toml:stdout:1890	e35b08d34ead67a7f530e8da77fc0834a8d4c12e6380fe3215c9a45f8b1c3daf	f085e6baa133463c58715773e83a0cf33793f1b823c95493d886244b7f0499dd	crates/veln-stdlib/veln/http2/core_test.veln#test receive_connection_boundary_consumes_preface_initial_settings_and_ping_chunks(
stdout	case.toml:stdout:1891	56369889c067feebb7ea643b971671eb6751e7aaaf46c8e04c3c61652d0133dd	f085e6baa133463c58715773e83a0cf33793f1b823c95493d886244b7f0499dd	crates/veln-stdlib/veln/http2/core_test.veln#test receive_connection_boundary_consumes_preface_initial_settings_and_ping_chunks(
stdout	case.toml:stdout:1892	0fa55c7a1a9f39ba663a04e412e69e157f30f323ed8bc0001bfc59bf25dfd189	f085e6baa133463c58715773e83a0cf33793f1b823c95493d886244b7f0499dd	crates/veln-stdlib/veln/http2/core_test.veln#test receive_connection_boundary_consumes_preface_initial_settings_and_ping_chunks(
stdout	case.toml:stdout:1893	d65b1735192dc5d5d1d61100457bc907351a453d6a0c4dda1b7872a32e34c9df	f085e6baa133463c58715773e83a0cf33793f1b823c95493d886244b7f0499dd	crates/veln-stdlib/veln/http2/core_test.veln#test receive_connection_boundary_consumes_preface_initial_settings_and_ping_chunks(
stdout	case.toml:stdout:1894	4b4ec9afb0a1968b538affbb8ce7c754b953740a784fa2d0dbcf838e240b6d75	8388bd156850d4cbdbfd1e5768b0ea690c5f266028b8e5327481779250aa7965	examples/specification/run/http2-core-outbound-stream-control/case.toml#http2.protocol.invalid_frame_kind
stdout	case.toml:stdout:1895	404dabe25c957969c89592108159e370c80405c8c43b671e779cb83d5dee0d87	8388bd156850d4cbdbfd1e5768b0ea690c5f266028b8e5327481779250aa7965	examples/specification/run/http2-core-outbound-stream-control/case.toml#http2.protocol.invalid_frame_kind
stdout	case.toml:stdout:1896	793bd4781fdd54e7a8f51d41c3f5eb3e27bf9035e8e71bb77ee930c4c30029e7	f085e6baa133463c58715773e83a0cf33793f1b823c95493d886244b7f0499dd	crates/veln-stdlib/veln/http2/core_test.veln#test receive_connection_boundary_consumes_preface_initial_settings_and_ping_chunks(
stdout	case.toml:stdout:1897	7669651b679a13768e06a2d5799c6270672ff9e540ea71abae8b6329dba44248	f085e6baa133463c58715773e83a0cf33793f1b823c95493d886244b7f0499dd	crates/veln-stdlib/veln/http2/core_test.veln#test receive_connection_boundary_consumes_preface_initial_settings_and_ping_chunks(
stdout	case.toml:stdout:1898	b91a4fe7c298f3913b95d38019ad1495d402f6b11d8c6509373d9de921c43f2f	f085e6baa133463c58715773e83a0cf33793f1b823c95493d886244b7f0499dd	crates/veln-stdlib/veln/http2/core_test.veln#test receive_connection_boundary_consumes_preface_initial_settings_and_ping_chunks(
stdout	case.toml:stdout:1899	6f30238ff21022030e15c9fd1abec47b84899273bb51fa10b82366fcf54a6914	f085e6baa133463c58715773e83a0cf33793f1b823c95493d886244b7f0499dd	crates/veln-stdlib/veln/http2/core_test.veln#test receive_connection_boundary_consumes_preface_initial_settings_and_ping_chunks(
stdout	case.toml:stdout:1900	6c7ed17262d9043e1c3239e7c5a96d46056c0ff030405e97c37d5825fef56972	6560f16cfc73c4ae8cf678c0d65ca8ebc679c2cdbaa2fea963d533ff2fe0f153	examples/specification/run/http2-core-outbound-headers/case.toml#http2.protocol.invalid_stream_id
stdout	case.toml:stdout:1901	ea455ed0256aa1d69b69e943c06a5903c72d7930623abef9719d29382c22e463	7273b5b98c0d918b6ea228e28c669052ef02bc5326fd524a91f6655e3a9042a9	examples/specification/run/http2-core-ping-transitions/case.toml#http2.protocol.invalid_payload_length
stdout	case.toml:stdout:1902	65dc74bb57b3a0182916a5c87968c338c9760ee50d5b61be5fa2e4b67fb37ccd	774356fbbaffe4fdd8320f2969e85143814f34076ade6cd6e9017b68c6213712	examples/specification/run/http2-protocol-core-priority-dependency-human/case.toml#http2.protocol.invalid_priority_dependency
stdout	case.toml:stdout:1903	3cd42730622e42d01dab6a5d5225bd8bf0be18e968efc5423b722f5671520f19	774356fbbaffe4fdd8320f2969e85143814f34076ade6cd6e9017b68c6213712	examples/specification/run/http2-protocol-core-priority-dependency-human/case.toml#http2.protocol.invalid_priority_dependency
stdout	case.toml:stdout:1904	f2b6574d56598bfa9577d84809c8cbfe68b8923d2a5553859c6114642a42ad43	8388bd156850d4cbdbfd1e5768b0ea690c5f266028b8e5327481779250aa7965	examples/specification/run/http2-core-outbound-stream-control/case.toml#http2.protocol.invalid_frame_kind
stdout	case.toml:stdout:1905	40d65a3dd0bf1811f29e59918dad3f1953db571e2207162814f155711f4778e6	6560f16cfc73c4ae8cf678c0d65ca8ebc679c2cdbaa2fea963d533ff2fe0f153	examples/specification/run/http2-core-outbound-headers/case.toml#http2.protocol.invalid_stream_id
stdout	case.toml:stdout:1906	7403ab8b2d6d602ff7b37945f22b05915485b57d58b812e0dee37979fb2ed1bd	9dfb8e096fe7d85c54d588b359968a1c238cf4b376331567a9164f76ab0d09d6	crates/veln-stdlib/veln/http2/core_test.veln#test receive_frame_dispatch_applies_push_promise_with_production_hpack(
stdout	case.toml:stdout:1907	19cbe32cf826689f65867b7167f2fdb271bb8d3c27c63023600bc7f468554367	84f3e087677a844602f9f8dba0274c3b32e56f6288a2538445df5bb15accc33a	crates/veln-stdlib/veln/http2/core_test.veln#test outbound_push_promise_send_emits_hpack_bytes_and_reserves_promised_stream(
stdout	case.toml:stdout:1908	86abe43da9c60e76655b4989fd4d30723ddb3b0a145527c56b13db18b775c4d0	84f3e087677a844602f9f8dba0274c3b32e56f6288a2538445df5bb15accc33a	crates/veln-stdlib/veln/http2/core_test.veln#test outbound_push_promise_send_emits_hpack_bytes_and_reserves_promised_stream(
stdout	case.toml:stdout:1909	a787e1935bd069361568a5776be5641cac7bbe98971bab68685a1b7faf5b4869	d5418e062cec915a0af7fa69f8ea17cbedb2bacd566283b2be19216a87d6c4e1	crates/veln-stdlib/veln/http2/hpack_test.veln#test header_block_decoder_preserves_order_octets_and_dynamic_transitions(
stdout	case.toml:stdout:1910	e0a8df39aaf9d2d9181c4b4b7f669718e5c65d161de6603b4b951673ebf40390	9dfb8e096fe7d85c54d588b359968a1c238cf4b376331567a9164f76ab0d09d6	crates/veln-stdlib/veln/http2/core_test.veln#test receive_frame_dispatch_applies_push_promise_with_production_hpack(
stdout	case.toml:stdout:1911	41ac846daf50c43941e278f1fffdd866cba57cb2930d35c409f797e81923a0a5	9dfb8e096fe7d85c54d588b359968a1c238cf4b376331567a9164f76ab0d09d6	crates/veln-stdlib/veln/http2/core_test.veln#test receive_frame_dispatch_applies_push_promise_with_production_hpack(
stdout	case.toml:stdout:1912	7e5379b19069e0cac2307ef0afb5862d077cfcf25f086e51d535fb1596f7b92d	9dfb8e096fe7d85c54d588b359968a1c238cf4b376331567a9164f76ab0d09d6	crates/veln-stdlib/veln/http2/core_test.veln#test receive_frame_dispatch_applies_push_promise_with_production_hpack(
stdout	case.toml:stdout:1913	ea61eadf480007f4864571e7452a735fd7d19b545772a07069b4655f01c4a0da	9dfb8e096fe7d85c54d588b359968a1c238cf4b376331567a9164f76ab0d09d6	crates/veln-stdlib/veln/http2/core_test.veln#test receive_frame_dispatch_applies_push_promise_with_production_hpack(
stdout	case.toml:stdout:1914	29212f31621ac3241a89218f92e195109a7d08a22128edad9cd322a8e9f56cc1	9dfb8e096fe7d85c54d588b359968a1c238cf4b376331567a9164f76ab0d09d6	crates/veln-stdlib/veln/http2/core_test.veln#test receive_frame_dispatch_applies_push_promise_with_production_hpack(
stdout	case.toml:stdout:1915	1e6db3e42744f01b38dc84de21d8eeb79b2ffc6d300ae95d49c95befaafc3c5e	9dfb8e096fe7d85c54d588b359968a1c238cf4b376331567a9164f76ab0d09d6	crates/veln-stdlib/veln/http2/core_test.veln#test receive_frame_dispatch_applies_push_promise_with_production_hpack(
stdout	case.toml:stdout:1916	f5f618e85c36eb78866ddb4ef63f3e31581e8e52eeaf6a33e6c4284843f0c997	9dfb8e096fe7d85c54d588b359968a1c238cf4b376331567a9164f76ab0d09d6	crates/veln-stdlib/veln/http2/core_test.veln#test receive_frame_dispatch_applies_push_promise_with_production_hpack(
stdout	case.toml:stdout:1917	6e68c85ae7d463a2d2288975952becd91c7bc8d6256655f35ed37083ce01f219	9dfb8e096fe7d85c54d588b359968a1c238cf4b376331567a9164f76ab0d09d6	crates/veln-stdlib/veln/http2/core_test.veln#test receive_frame_dispatch_applies_push_promise_with_production_hpack(
stdout	case.toml:stdout:1918	f35069212364ae1d9dad83131590b94542947dc806efa9d6b24e2b858755d25d	9dfb8e096fe7d85c54d588b359968a1c238cf4b376331567a9164f76ab0d09d6	crates/veln-stdlib/veln/http2/core_test.veln#test receive_frame_dispatch_applies_push_promise_with_production_hpack(
stdout	case.toml:stdout:1919	076ba74b0b5007b73a7465f20501185d1bf0f59929c1252befe919306d19f665	9dfb8e096fe7d85c54d588b359968a1c238cf4b376331567a9164f76ab0d09d6	crates/veln-stdlib/veln/http2/core_test.veln#test receive_frame_dispatch_applies_push_promise_with_production_hpack(
stdout	case.toml:stdout:1920	8be31a0b8c18be181e119fef52d5ac9ea234e2b3996beaee5e6c296a6efa8d20	8388bd156850d4cbdbfd1e5768b0ea690c5f266028b8e5327481779250aa7965	examples/specification/run/http2-core-outbound-stream-control/case.toml#http2.protocol.invalid_frame_kind
stdout	case.toml:stdout:1921	fe72e2eeb5f2885d98e4ed41bc9df0cb7d36a524d23ca8c315f71a9acd724d34	9dfb8e096fe7d85c54d588b359968a1c238cf4b376331567a9164f76ab0d09d6	crates/veln-stdlib/veln/http2/core_test.veln#test receive_frame_dispatch_applies_push_promise_with_production_hpack(
stdout	case.toml:stdout:1922	35e164a2fd1f8668b41f5ad2e50310ab273b807542ab22aa50311eea43bde4f2	9dfb8e096fe7d85c54d588b359968a1c238cf4b376331567a9164f76ab0d09d6	crates/veln-stdlib/veln/http2/core_test.veln#test receive_frame_dispatch_applies_push_promise_with_production_hpack(
stdout	case.toml:stdout:1923	3751aed26de6a3240ec7f386a5ac6b3d7d6054e478a36a36e32c48832343c3b1	8388bd156850d4cbdbfd1e5768b0ea690c5f266028b8e5327481779250aa7965	examples/specification/run/http2-core-outbound-stream-control/case.toml#http2.protocol.invalid_frame_kind
stdout	case.toml:stdout:1924	9930fdb381d488ccb01a9e780598597fd0df813147c821e40dff3b7f39b728a7	79ff4fdfcc8be69fed67cd2969602bdd849b2a10295c51497217e14bf964ab2a	examples/specification/run/hpack-fixture-codec-human/case.toml#hpack.fixture.unsupported_header_block
stdout	case.toml:stdout:1925	4553618ca1ce2ea97775db122716bf7ce9985aa6afb2d32d2ce26c10cc6960ab	f889137ca4c7332975c589b07dc231e761a59155b21f4627e40d1c6489760719	examples/specification/run/http2-core-receive-frame-dispatch/case.toml#http2.protocol.invalid_request_header_list
stdout	case.toml:stdout:1926	9b250a947b971250e1ffe2910b426402f61f65c33bb35db3828251ad89195c1d	f889137ca4c7332975c589b07dc231e761a59155b21f4627e40d1c6489760719	examples/specification/run/http2-core-receive-frame-dispatch/case.toml#http2.protocol.invalid_request_header_list
stdout	case.toml:stdout:1927	ec7600db1bf6a332fa56354f05c5ca7cdf10e728dd625c0cb4e8a7f796c101b3	9dfb8e096fe7d85c54d588b359968a1c238cf4b376331567a9164f76ab0d09d6	crates/veln-stdlib/veln/http2/core_test.veln#test receive_frame_dispatch_applies_push_promise_with_production_hpack(
stdout	case.toml:stdout:1928	5a6893e1dd828e6ee81272912e61e4fa298d285f05f5aa381f49385bdd0594d5	9dfb8e096fe7d85c54d588b359968a1c238cf4b376331567a9164f76ab0d09d6	crates/veln-stdlib/veln/http2/core_test.veln#test receive_frame_dispatch_applies_push_promise_with_production_hpack(
stdout	case.toml:stdout:1929	79f86c19cbf83aca0195e014216586f97137fee694bc56f66831e436bf802104	9dfb8e096fe7d85c54d588b359968a1c238cf4b376331567a9164f76ab0d09d6	crates/veln-stdlib/veln/http2/core_test.veln#test receive_frame_dispatch_applies_push_promise_with_production_hpack(
stdout	case.toml:stdout:1930	ee17d4ff20b79c1df5ad52c767e03233719e6033cde1da57101d655f9a2f66a3	9dfb8e096fe7d85c54d588b359968a1c238cf4b376331567a9164f76ab0d09d6	crates/veln-stdlib/veln/http2/core_test.veln#test receive_frame_dispatch_applies_push_promise_with_production_hpack(
stdout	case.toml:stdout:1931	7488d1e28dd16d5a7a5fd0f60da40cbe31285b0e9445ce3c3553b4c2ec495c98	9dfb8e096fe7d85c54d588b359968a1c238cf4b376331567a9164f76ab0d09d6	crates/veln-stdlib/veln/http2/core_test.veln#test receive_frame_dispatch_applies_push_promise_with_production_hpack(
stdout	case.toml:stdout:1932	bf07680a5020278e4fc0b0c11f2834d0fede50ae1609dadb6c019585ea019dda	9dfb8e096fe7d85c54d588b359968a1c238cf4b376331567a9164f76ab0d09d6	crates/veln-stdlib/veln/http2/core_test.veln#test receive_frame_dispatch_applies_push_promise_with_production_hpack(
stdout	case.toml:stdout:1933	c3b40cee5d74a1b66ada16b0617517bfe0fdd4b8a4349689cf7a5c175c8149dc	9dfb8e096fe7d85c54d588b359968a1c238cf4b376331567a9164f76ab0d09d6	crates/veln-stdlib/veln/http2/core_test.veln#test receive_frame_dispatch_applies_push_promise_with_production_hpack(
stdout	case.toml:stdout:1934	9c65e6904298f683011a416b0aef3116679a0a2629e3743a2ffd4cddaf06ad31	9dfb8e096fe7d85c54d588b359968a1c238cf4b376331567a9164f76ab0d09d6	crates/veln-stdlib/veln/http2/core_test.veln#test receive_frame_dispatch_applies_push_promise_with_production_hpack(
stdout	case.toml:stdout:1935	6ff33ce1f7d979f9736eab153a1d5863c60257f1acd94f713ed9ab572602fbc1	84f3e087677a844602f9f8dba0274c3b32e56f6288a2538445df5bb15accc33a	crates/veln-stdlib/veln/http2/core_test.veln#test outbound_push_promise_send_emits_hpack_bytes_and_reserves_promised_stream(
stdout	case.toml:stdout:1936	84913585779e5b59c2e7eef519ab42c40e42002e61fdabb8ea5d89d0b433779f	84f3e087677a844602f9f8dba0274c3b32e56f6288a2538445df5bb15accc33a	crates/veln-stdlib/veln/http2/core_test.veln#test outbound_push_promise_send_emits_hpack_bytes_and_reserves_promised_stream(
stdout	case.toml:stdout:1937	5d39737cc545a2692e4afaf61cc36eeef3571e314ad9cda2ae0a9a6d1bea98cb	d5418e062cec915a0af7fa69f8ea17cbedb2bacd566283b2be19216a87d6c4e1	crates/veln-stdlib/veln/http2/hpack_test.veln#test header_block_decoder_preserves_order_octets_and_dynamic_transitions(
stdout	case.toml:stdout:1938	df1cb83d7c7bf9a171249a260fb43bbf7ac35a2d4a8d515a4128aa9fcc330604	9dfb8e096fe7d85c54d588b359968a1c238cf4b376331567a9164f76ab0d09d6	crates/veln-stdlib/veln/http2/core_test.veln#test receive_frame_dispatch_applies_push_promise_with_production_hpack(
stdout	case.toml:stdout:1939	822726b8dc5250e597e3ed1c61dfc34d4e3bc10d955ff82b0116c22c385a0126	9dfb8e096fe7d85c54d588b359968a1c238cf4b376331567a9164f76ab0d09d6	crates/veln-stdlib/veln/http2/core_test.veln#test receive_frame_dispatch_applies_push_promise_with_production_hpack(
stdout	case.toml:stdout:1940	96e0f8e3504a0aa62cf5bc39cf3f18672b9ec092028123f03af1764117b8ee81	9dfb8e096fe7d85c54d588b359968a1c238cf4b376331567a9164f76ab0d09d6	crates/veln-stdlib/veln/http2/core_test.veln#test receive_frame_dispatch_applies_push_promise_with_production_hpack(
stdout	case.toml:stdout:1941	224db582e983fc15101fc1b8f21119ef8fa1356286cb142b0dfa07f1f55f8568	9dfb8e096fe7d85c54d588b359968a1c238cf4b376331567a9164f76ab0d09d6	crates/veln-stdlib/veln/http2/core_test.veln#test receive_frame_dispatch_applies_push_promise_with_production_hpack(
stdout	case.toml:stdout:1942	aa55b6ada7ba6684ca1b562f19693a4b158f82d3b61e291cb2edcde838ebabf6	9dfb8e096fe7d85c54d588b359968a1c238cf4b376331567a9164f76ab0d09d6	crates/veln-stdlib/veln/http2/core_test.veln#test receive_frame_dispatch_applies_push_promise_with_production_hpack(
stdout	case.toml:stdout:1943	62a0800c1d446a93739fbc1db1a69b38609fb9d5db8e75a30b7a1dae83b1c5ba	8388bd156850d4cbdbfd1e5768b0ea690c5f266028b8e5327481779250aa7965	examples/specification/run/http2-core-outbound-stream-control/case.toml#http2.protocol.invalid_frame_kind
stdout	case.toml:stdout:1944	fe1d2d0066af66c549ba6f3dd9af690e7f1acc54695c69faf7261396241e2fa3	9dfb8e096fe7d85c54d588b359968a1c238cf4b376331567a9164f76ab0d09d6	crates/veln-stdlib/veln/http2/core_test.veln#test receive_frame_dispatch_applies_push_promise_with_production_hpack(
stdout	case.toml:stdout:1945	0270e2eb5ff57696d8e796de2637b96af60f3ccf5040b286bef0a8c29d31c76a	f889137ca4c7332975c589b07dc231e761a59155b21f4627e40d1c6489760719	examples/specification/run/http2-core-receive-frame-dispatch/case.toml#http2.protocol.invalid_request_header_list
stdout	case.toml:stdout:1946	c3ccbc374c6ad3e263ffdaafbc0f5e78eb170b47959f6289c92e5042a3dd3872	9dfb8e096fe7d85c54d588b359968a1c238cf4b376331567a9164f76ab0d09d6	crates/veln-stdlib/veln/http2/core_test.veln#test receive_frame_dispatch_applies_push_promise_with_production_hpack(
stdout	case.toml:stdout:1947	63d15985e799e86108523cbd51526a33c1cdbb3e5d9c762e75f0bac0db7a73c2	f889137ca4c7332975c589b07dc231e761a59155b21f4627e40d1c6489760719	examples/specification/run/http2-core-receive-frame-dispatch/case.toml#http2.protocol.invalid_request_header_list
stdout	case.toml:stdout:1948	076f022b385d1cd084130147e484c4b802d0af7b1f66c16de1eb46d85b30e401	9dfb8e096fe7d85c54d588b359968a1c238cf4b376331567a9164f76ab0d09d6	crates/veln-stdlib/veln/http2/core_test.veln#test receive_frame_dispatch_applies_push_promise_with_production_hpack(
stdout	case.toml:stdout:1949	3644c34b46a444e1d1823635e6dfac49f034a83c3f1f9c19e9a765499fd8ef8d	9dfb8e096fe7d85c54d588b359968a1c238cf4b376331567a9164f76ab0d09d6	crates/veln-stdlib/veln/http2/core_test.veln#test receive_frame_dispatch_applies_push_promise_with_production_hpack(
stdout	case.toml:stdout:1950	0f95ee0c13290477884021a9a259fc988d6d6398dee611ca820f36e37e9b196c	84f3e087677a844602f9f8dba0274c3b32e56f6288a2538445df5bb15accc33a	crates/veln-stdlib/veln/http2/core_test.veln#test outbound_push_promise_send_emits_hpack_bytes_and_reserves_promised_stream(
stdout	case.toml:stdout:1951	d82a288c3a745a80301d1cdb7e4a8cec96ac22be07ae170a8b6ff73ab6d04990	84f3e087677a844602f9f8dba0274c3b32e56f6288a2538445df5bb15accc33a	crates/veln-stdlib/veln/http2/core_test.veln#test outbound_push_promise_send_emits_hpack_bytes_and_reserves_promised_stream(
stdout	case.toml:stdout:1952	48fc322d351db7ecb6dc13f7cafa6594e06ceb830f86d6fc7cf9c591eb66bef6	d5418e062cec915a0af7fa69f8ea17cbedb2bacd566283b2be19216a87d6c4e1	crates/veln-stdlib/veln/http2/hpack_test.veln#test header_block_decoder_preserves_order_octets_and_dynamic_transitions(
stdout	case.toml:stdout:1953	bf615d5f65300a9cacb3c4c33de9f55558021311036039c8a723e6de5e4b5c55	9dfb8e096fe7d85c54d588b359968a1c238cf4b376331567a9164f76ab0d09d6	crates/veln-stdlib/veln/http2/core_test.veln#test receive_frame_dispatch_applies_push_promise_with_production_hpack(
stdout	case.toml:stdout:1954	d09dd5e168ba6ab69ac4c6c35781d41c1e40486cb8a71482dfda664bdc8b18a4	9dfb8e096fe7d85c54d588b359968a1c238cf4b376331567a9164f76ab0d09d6	crates/veln-stdlib/veln/http2/core_test.veln#test receive_frame_dispatch_applies_push_promise_with_production_hpack(
stdout	case.toml:stdout:1955	6813f7c1ec3f76fa57fee0ab4e28fe3bc3048ccd082afe12221828ca1bff83e5	9dfb8e096fe7d85c54d588b359968a1c238cf4b376331567a9164f76ab0d09d6	crates/veln-stdlib/veln/http2/core_test.veln#test receive_frame_dispatch_applies_push_promise_with_production_hpack(
stdout	case.toml:stdout:1956	7b847b41499d3122a6fe1b63df038bad93862aaa4dc83439c78c19b2154b0b07	84f3e087677a844602f9f8dba0274c3b32e56f6288a2538445df5bb15accc33a	crates/veln-stdlib/veln/http2/core_test.veln#test outbound_push_promise_send_emits_hpack_bytes_and_reserves_promised_stream(
stdout	case.toml:stdout:1957	970dda71bd51c0dfd71a768f3bba738f5292ecf22768fb569c05bf33fe9ba596	84f3e087677a844602f9f8dba0274c3b32e56f6288a2538445df5bb15accc33a	crates/veln-stdlib/veln/http2/core_test.veln#test outbound_push_promise_send_emits_hpack_bytes_and_reserves_promised_stream(
stdout	case.toml:stdout:1958	a4e5a08a0d76374b91ad176a19c456e0d4b4fe0c009d66a7a4b36c11bf282cac	d5418e062cec915a0af7fa69f8ea17cbedb2bacd566283b2be19216a87d6c4e1	crates/veln-stdlib/veln/http2/hpack_test.veln#test header_block_decoder_preserves_order_octets_and_dynamic_transitions(
stdout	case.toml:stdout:1959	caaec3b276aa59c84080b6b05ac2cf714dd5e0d92d4778232c8d7cd146d14e29	9dfb8e096fe7d85c54d588b359968a1c238cf4b376331567a9164f76ab0d09d6	crates/veln-stdlib/veln/http2/core_test.veln#test receive_frame_dispatch_applies_push_promise_with_production_hpack(
stdout	case.toml:stdout:1960	9ed3358c74f72d6d89d5788d370649775371012e20acda0dc1227e7c787b0dba	9dfb8e096fe7d85c54d588b359968a1c238cf4b376331567a9164f76ab0d09d6	crates/veln-stdlib/veln/http2/core_test.veln#test receive_frame_dispatch_applies_push_promise_with_production_hpack(
stdout	case.toml:stdout:1961	85a76c3204eb2115ecef255df99fb219929a60c2f49b2ba3b66b6c517eff65e4	9dfb8e096fe7d85c54d588b359968a1c238cf4b376331567a9164f76ab0d09d6	crates/veln-stdlib/veln/http2/core_test.veln#test receive_frame_dispatch_applies_push_promise_with_production_hpack(
stdout	case.toml:stdout:1962	74a5f3df11de8ce54a64d99773ae934bed5bd0251db502e58387c10c49a6e7e6	9dfb8e096fe7d85c54d588b359968a1c238cf4b376331567a9164f76ab0d09d6	crates/veln-stdlib/veln/http2/core_test.veln#test receive_frame_dispatch_applies_push_promise_with_production_hpack(
stdout	case.toml:stdout:1963	57a82ccc65bea56712db67bf811789238841b8624de3988edb292c38cdeb9ef4	9dfb8e096fe7d85c54d588b359968a1c238cf4b376331567a9164f76ab0d09d6	crates/veln-stdlib/veln/http2/core_test.veln#test receive_frame_dispatch_applies_push_promise_with_production_hpack(
stdout	case.toml:stdout:1964	da2a601e471bf0fc74ebd58a124bdbb2b13adf2941542e38e073c4426e5a49c6	9dfb8e096fe7d85c54d588b359968a1c238cf4b376331567a9164f76ab0d09d6	crates/veln-stdlib/veln/http2/core_test.veln#test receive_frame_dispatch_applies_push_promise_with_production_hpack(
stdout	case.toml:stdout:1965	b87e942ac9e89f7c716e075f3c1c150a5dabb2aa3c2cd622118da7f89ef6d6ba	9dfb8e096fe7d85c54d588b359968a1c238cf4b376331567a9164f76ab0d09d6	crates/veln-stdlib/veln/http2/core_test.veln#test receive_frame_dispatch_applies_push_promise_with_production_hpack(
stdout	case.toml:stdout:1966	45091f0a94eebf94f259b86edd5401bd17bd62044b4e72afecf71bb505342f1d	9dfb8e096fe7d85c54d588b359968a1c238cf4b376331567a9164f76ab0d09d6	crates/veln-stdlib/veln/http2/core_test.veln#test receive_frame_dispatch_applies_push_promise_with_production_hpack(
stdout	case.toml:stdout:1967	12d8a5f8e997bab7cd15cc20d0ac41fa1a7ac2e93c72190090b2189d2ef9757d	9dfb8e096fe7d85c54d588b359968a1c238cf4b376331567a9164f76ab0d09d6	crates/veln-stdlib/veln/http2/core_test.veln#test receive_frame_dispatch_applies_push_promise_with_production_hpack(
stdout	case.toml:stdout:1968	a87e37d34471db7f41543be8f41151df0d1e7dd033aa0213ab44716e59e593af	8388bd156850d4cbdbfd1e5768b0ea690c5f266028b8e5327481779250aa7965	examples/specification/run/http2-core-outbound-stream-control/case.toml#http2.protocol.invalid_frame_kind
stdout	case.toml:stdout:1969	55a42037f4789090f6023057544b2854cbd1c2b53496b20fca9ea797c1d2b2b2	9dfb8e096fe7d85c54d588b359968a1c238cf4b376331567a9164f76ab0d09d6	crates/veln-stdlib/veln/http2/core_test.veln#test receive_frame_dispatch_applies_push_promise_with_production_hpack(
stdout	case.toml:stdout:1970	d004dfbd5d016785598466443cf951e425497d2e25401a6a42c722f23d7393e2	9dfb8e096fe7d85c54d588b359968a1c238cf4b376331567a9164f76ab0d09d6	crates/veln-stdlib/veln/http2/core_test.veln#test receive_frame_dispatch_applies_push_promise_with_production_hpack(
stdout	case.toml:stdout:1971	61882232e067daa06901c0374e8fae0da8bce8ae7f06f8f252021130d043c728	84f3e087677a844602f9f8dba0274c3b32e56f6288a2538445df5bb15accc33a	crates/veln-stdlib/veln/http2/core_test.veln#test outbound_push_promise_send_emits_hpack_bytes_and_reserves_promised_stream(
stdout	case.toml:stdout:1972	24ab72ea50555661dd8fc7cda35212cec7b294d3f91559fab7e9c487934b65cd	84f3e087677a844602f9f8dba0274c3b32e56f6288a2538445df5bb15accc33a	crates/veln-stdlib/veln/http2/core_test.veln#test outbound_push_promise_send_emits_hpack_bytes_and_reserves_promised_stream(
stdout	case.toml:stdout:1973	91576fa58517a69fcb2e06f9580db72418969ad8a15f1ef802e7494df8e50373	d5418e062cec915a0af7fa69f8ea17cbedb2bacd566283b2be19216a87d6c4e1	crates/veln-stdlib/veln/http2/hpack_test.veln#test header_block_decoder_preserves_order_octets_and_dynamic_transitions(
stdout	case.toml:stdout:1974	52a7186bf9cf7855200a13928edbf1a2a67a031dbccc58ceef27c0d0c7cd8419	9dfb8e096fe7d85c54d588b359968a1c238cf4b376331567a9164f76ab0d09d6	crates/veln-stdlib/veln/http2/core_test.veln#test receive_frame_dispatch_applies_push_promise_with_production_hpack(
stdout	case.toml:stdout:1975	d40f9b3858ce42d8f80f8f8cf2016365e06dea42581fabe35546452ce6359ed7	9dfb8e096fe7d85c54d588b359968a1c238cf4b376331567a9164f76ab0d09d6	crates/veln-stdlib/veln/http2/core_test.veln#test receive_frame_dispatch_applies_push_promise_with_production_hpack(
stdout	case.toml:stdout:1976	9f5de036e4c8a5a842d1fde9365630ffebf778407443dbb37d1aed3314a57b0f	9dfb8e096fe7d85c54d588b359968a1c238cf4b376331567a9164f76ab0d09d6	crates/veln-stdlib/veln/http2/core_test.veln#test receive_frame_dispatch_applies_push_promise_with_production_hpack(
stdout	case.toml:stdout:1977	7c01fb7d200f5962c849601fc47e7e950f29c8f78548f8c48277b22e438cc37e	9dfb8e096fe7d85c54d588b359968a1c238cf4b376331567a9164f76ab0d09d6	crates/veln-stdlib/veln/http2/core_test.veln#test receive_frame_dispatch_applies_push_promise_with_production_hpack(
stdout	case.toml:stdout:1978	ee77a6679b7c3a08328294a39901c08fbdf44bf9764e32749ab6543f02540a55	9dfb8e096fe7d85c54d588b359968a1c238cf4b376331567a9164f76ab0d09d6	crates/veln-stdlib/veln/http2/core_test.veln#test receive_frame_dispatch_applies_push_promise_with_production_hpack(
stdout	case.toml:stdout:1979	c23cf86cf73ede60f0002e0ea8a9ede5245b1475cfca0e19b93a4ed93036b261	9dfb8e096fe7d85c54d588b359968a1c238cf4b376331567a9164f76ab0d09d6	crates/veln-stdlib/veln/http2/core_test.veln#test receive_frame_dispatch_applies_push_promise_with_production_hpack(
stdout	case.toml:stdout:1980	57ecee5642cc2cd96e927c77753c225c19c2da6f6ef882fb6d0475ae39aea05c	9dfb8e096fe7d85c54d588b359968a1c238cf4b376331567a9164f76ab0d09d6	crates/veln-stdlib/veln/http2/core_test.veln#test receive_frame_dispatch_applies_push_promise_with_production_hpack(
stdout	case.toml:stdout:1981	23b41b3ea8bfb7c4c7137e79a1f878bf2bb7819c8f79e6decf4eecdb3d859d09	9dfb8e096fe7d85c54d588b359968a1c238cf4b376331567a9164f76ab0d09d6	crates/veln-stdlib/veln/http2/core_test.veln#test receive_frame_dispatch_applies_push_promise_with_production_hpack(
stdout	case.toml:stdout:1982	1faf130bfca6b3a021daf73adceec42bfea382c6424eda52f3ae4f3719cc00e3	9dfb8e096fe7d85c54d588b359968a1c238cf4b376331567a9164f76ab0d09d6	crates/veln-stdlib/veln/http2/core_test.veln#test receive_frame_dispatch_applies_push_promise_with_production_hpack(
stdout	case.toml:stdout:1983	ed4e7551ef6ff11702a04cbe82840f6b69000ba6220161386719015dccd3a37c	9dfb8e096fe7d85c54d588b359968a1c238cf4b376331567a9164f76ab0d09d6	crates/veln-stdlib/veln/http2/core_test.veln#test receive_frame_dispatch_applies_push_promise_with_production_hpack(
stdout	case.toml:stdout:1984	939a5bf74550168456276fb09b276fb55907209015b4f99da36ee2bf589f10f8	6560f16cfc73c4ae8cf678c0d65ca8ebc679c2cdbaa2fea963d533ff2fe0f153	examples/specification/run/http2-core-outbound-headers/case.toml#http2.protocol.invalid_stream_id
stdout	case.toml:stdout:1985	6eb9e1ee7618e718121b190b40f76025c926667f2daf5eb95953e44b77e03d7c	6560f16cfc73c4ae8cf678c0d65ca8ebc679c2cdbaa2fea963d533ff2fe0f153	examples/specification/run/http2-core-outbound-headers/case.toml#http2.protocol.invalid_stream_id
stdout	case.toml:stdout:1986	ea873e132cb8117f976b4b7b6546516832411a15f740094e460481147ebe1c43	6560f16cfc73c4ae8cf678c0d65ca8ebc679c2cdbaa2fea963d533ff2fe0f153	examples/specification/run/http2-core-outbound-headers/case.toml#http2.protocol.invalid_stream_id
stdout	case.toml:stdout:1987	178a41b4adad16d8564e56fe3f2b007359376edb9f95f7c023d4abe61141fbd9	6560f16cfc73c4ae8cf678c0d65ca8ebc679c2cdbaa2fea963d533ff2fe0f153	examples/specification/run/http2-core-outbound-headers/case.toml#http2.protocol.invalid_stream_id
stdout	case.toml:stdout:1988	a57a873a3347b70c1f108b3be57fe2519d157401ed9d8a9133754b6e8e72918d	7273b5b98c0d918b6ea228e28c669052ef02bc5326fd524a91f6655e3a9042a9	examples/specification/run/http2-core-ping-transitions/case.toml#http2.protocol.invalid_payload_length
stdout	case.toml:stdout:1989	04450b0d4f033fcddea87ae434819872b972c32742c68e4dbb32d420bdaa9b48	79ff4fdfcc8be69fed67cd2969602bdd849b2a10295c51497217e14bf964ab2a	examples/specification/run/hpack-fixture-codec-human/case.toml#hpack.fixture.unsupported_header_block
stdout	case.toml:stdout:1990	ce65be85a4625b3066d4a80fa386ff182f612ad639fa16ddc89ac425e903d403	193c37d8897fe9a7e7c8fff21bc639e0df0bbcbb83baf31bc40ca9063becb30a	crates/veln-stdlib/veln/http2/core_test.veln#test goaway_send_emits_exact_bytes_and_updates_shutdown_immutably(
stdout	case.toml:stdout:1991	4824879a77acbf70cebf9145641e3877791e0c8dab1b165f5c904d17a99c9079	193c37d8897fe9a7e7c8fff21bc639e0df0bbcbb83baf31bc40ca9063becb30a	crates/veln-stdlib/veln/http2/core_test.veln#test goaway_send_emits_exact_bytes_and_updates_shutdown_immutably(
stdout	case.toml:stdout:1992	c4636757a94a2d5bea9d2f16d6bcd98a0ab38f8ec200373228926a82eb4e5a16	193c37d8897fe9a7e7c8fff21bc639e0df0bbcbb83baf31bc40ca9063becb30a	crates/veln-stdlib/veln/http2/core_test.veln#test goaway_send_emits_exact_bytes_and_updates_shutdown_immutably(
stdout	case.toml:stdout:1993	6e3499491f4a7705256270bedf8f26b2a2d16066be866862cefc900ba7e1b1b2	193c37d8897fe9a7e7c8fff21bc639e0df0bbcbb83baf31bc40ca9063becb30a	crates/veln-stdlib/veln/http2/core_test.veln#test goaway_send_emits_exact_bytes_and_updates_shutdown_immutably(
stdout	case.toml:stdout:1994	8ef717e387d648b46a61ef7ed76d0fbc77a96c7569ee6248cc622ee595ec78e5	193c37d8897fe9a7e7c8fff21bc639e0df0bbcbb83baf31bc40ca9063becb30a	crates/veln-stdlib/veln/http2/core_test.veln#test goaway_send_emits_exact_bytes_and_updates_shutdown_immutably(
stdout	case.toml:stdout:1995	c86560b22791f2deddbaf1a72bc01c78b1ba1bc491e205a1da63a50286131462	193c37d8897fe9a7e7c8fff21bc639e0df0bbcbb83baf31bc40ca9063becb30a	crates/veln-stdlib/veln/http2/core_test.veln#test goaway_send_emits_exact_bytes_and_updates_shutdown_immutably(
stdout	case.toml:stdout:1996	51f7d50caa4d8b66bc16c40f1fb2b6730df66a32b0229c5c2ed2e3a847e1621e	2f337f86d32c4c67bb06fec21650e83e36cdb396d194467a47c366a817025353	examples/specification/run/http2-core-connection-shutdown/case.toml#http2.protocol.stream_after_goaway
stdout	case.toml:stdout:1997	7f908d7a77797fcb1d60ac63c19f271ade024fc0da847903b0cb995f472de747	2f337f86d32c4c67bb06fec21650e83e36cdb396d194467a47c366a817025353	examples/specification/run/http2-core-connection-shutdown/case.toml#http2.protocol.stream_after_goaway
stdout	case.toml:stdout:1998	b8573ce25823a50e2eb71b6d96179124b67ea1cdb228d6a2e2122039022639e4	193c37d8897fe9a7e7c8fff21bc639e0df0bbcbb83baf31bc40ca9063becb30a	crates/veln-stdlib/veln/http2/core_test.veln#test goaway_send_emits_exact_bytes_and_updates_shutdown_immutably(
stdout	case.toml:stdout:1999	ca29fe7bd56715bbfdfb306beafb02a9727de4feaeeff1166b8d84a11de07f16	193c37d8897fe9a7e7c8fff21bc639e0df0bbcbb83baf31bc40ca9063becb30a	crates/veln-stdlib/veln/http2/core_test.veln#test goaway_send_emits_exact_bytes_and_updates_shutdown_immutably(
stdout	case.toml:stdout:2000	4ef091d0880e14df24b09bd96c78e5293c3f1a9d5260f82bc50354c955bc2c7e	193c37d8897fe9a7e7c8fff21bc639e0df0bbcbb83baf31bc40ca9063becb30a	crates/veln-stdlib/veln/http2/core_test.veln#test goaway_send_emits_exact_bytes_and_updates_shutdown_immutably(
stdout	case.toml:stdout:2001	89e6d7ddf2cf02af89d102823f2664851b214dea8d960659f3523d77959b6c0f	193c37d8897fe9a7e7c8fff21bc639e0df0bbcbb83baf31bc40ca9063becb30a	crates/veln-stdlib/veln/http2/core_test.veln#test goaway_send_emits_exact_bytes_and_updates_shutdown_immutably(
stdout	case.toml:stdout:2002	ff51615a8919bb25de152eb638ecbfb676a64c8bd7cefe3cd95538017e0bc28d	193c37d8897fe9a7e7c8fff21bc639e0df0bbcbb83baf31bc40ca9063becb30a	crates/veln-stdlib/veln/http2/core_test.veln#test goaway_send_emits_exact_bytes_and_updates_shutdown_immutably(
stdout	case.toml:stdout:2003	8aa946a018adc650ca9927d5457f5fd0bbf46a3550df893e5828e7a6ff2429e4	193c37d8897fe9a7e7c8fff21bc639e0df0bbcbb83baf31bc40ca9063becb30a	crates/veln-stdlib/veln/http2/core_test.veln#test goaway_send_emits_exact_bytes_and_updates_shutdown_immutably(
stdout	case.toml:stdout:2004	90c378d470813fb65d9600af456618f70c85bc95f807fe27d52f51a788d6bfcb	d5418e062cec915a0af7fa69f8ea17cbedb2bacd566283b2be19216a87d6c4e1	crates/veln-stdlib/veln/http2/hpack_test.veln#test header_block_decoder_preserves_order_octets_and_dynamic_transitions(
stdout	case.toml:stdout:2005	1a333ef3aa65b86e687ba97f5f334665f5a0693e71ddf626523acff04b76868c	193c37d8897fe9a7e7c8fff21bc639e0df0bbcbb83baf31bc40ca9063becb30a	crates/veln-stdlib/veln/http2/core_test.veln#test goaway_send_emits_exact_bytes_and_updates_shutdown_immutably(
stdout	case.toml:stdout:2006	24e374a2082b09887b69c99b567cfef7d06df4b5dfc90201eb317744cc6a20a5	193c37d8897fe9a7e7c8fff21bc639e0df0bbcbb83baf31bc40ca9063becb30a	crates/veln-stdlib/veln/http2/core_test.veln#test goaway_send_emits_exact_bytes_and_updates_shutdown_immutably(
stdout	case.toml:stdout:2007	4e7db4f30fd61e7b4dd442bca194087fffdc777bb87999ecd99101cfcf915535	193c37d8897fe9a7e7c8fff21bc639e0df0bbcbb83baf31bc40ca9063becb30a	crates/veln-stdlib/veln/http2/core_test.veln#test goaway_send_emits_exact_bytes_and_updates_shutdown_immutably(
stdout	case.toml:stdout:2008	a8ed371c6684dbfacf92b3c56dfcd1b1895b4621b878d579eff1432725c8b391	193c37d8897fe9a7e7c8fff21bc639e0df0bbcbb83baf31bc40ca9063becb30a	crates/veln-stdlib/veln/http2/core_test.veln#test goaway_send_emits_exact_bytes_and_updates_shutdown_immutably(
stdout	case.toml:stdout:2009	396f49b47b7bbe09ccb74616433c3213e8ad1145aa870358e76231e39959c4ec	193c37d8897fe9a7e7c8fff21bc639e0df0bbcbb83baf31bc40ca9063becb30a	crates/veln-stdlib/veln/http2/core_test.veln#test goaway_send_emits_exact_bytes_and_updates_shutdown_immutably(
stdout	case.toml:stdout:2010	e2a8839381a8d79b538680183a4c5a31fb9b2e50c8b5df7e8babe3cab76cdf50	193c37d8897fe9a7e7c8fff21bc639e0df0bbcbb83baf31bc40ca9063becb30a	crates/veln-stdlib/veln/http2/core_test.veln#test goaway_send_emits_exact_bytes_and_updates_shutdown_immutably(
stdout	case.toml:stdout:2011	66c64cf53a209c6d1a83ad3332e8adf0d4e43924abd472f9c0db7ff943238e04	193c37d8897fe9a7e7c8fff21bc639e0df0bbcbb83baf31bc40ca9063becb30a	crates/veln-stdlib/veln/http2/core_test.veln#test goaway_send_emits_exact_bytes_and_updates_shutdown_immutably(
stdout	case.toml:stdout:2012	e6e379b048f690e6253f916cc105ac112111cb2979ed5663c719c53c5749f1bc	d5418e062cec915a0af7fa69f8ea17cbedb2bacd566283b2be19216a87d6c4e1	crates/veln-stdlib/veln/http2/hpack_test.veln#test header_block_decoder_preserves_order_octets_and_dynamic_transitions(
stdout	case.toml:stdout:2013	6a52379f3d27dc50c49fbb2c73f51bafd0b896b4ff4b3693c02237a967bec00b	193c37d8897fe9a7e7c8fff21bc639e0df0bbcbb83baf31bc40ca9063becb30a	crates/veln-stdlib/veln/http2/core_test.veln#test goaway_send_emits_exact_bytes_and_updates_shutdown_immutably(
stdout	case.toml:stdout:2014	d03d6ab768044feda6576ac828e39243fdace061f6cd7b5942a14d1b80ac060f	193c37d8897fe9a7e7c8fff21bc639e0df0bbcbb83baf31bc40ca9063becb30a	crates/veln-stdlib/veln/http2/core_test.veln#test goaway_send_emits_exact_bytes_and_updates_shutdown_immutably(
stdout	case.toml:stdout:2015	4d10e0eee6db4265cc288daa79a8e1db40c2decaf412048f6b74e19d233e5ba1	2f337f86d32c4c67bb06fec21650e83e36cdb396d194467a47c366a817025353	examples/specification/run/http2-core-connection-shutdown/case.toml#http2.protocol.stream_after_goaway
stdout	case.toml:stdout:2016	04460f9986d0bc6077cc10cfea307377d825e0b117ce0ff95e91a1e52f231815	730ff533783181b689ed388486cf7e40f3db69ba43d86738ea612c10a8a03731	examples/specification/run/http2-protocol-core-client-promised-stream-id-ordering-human/case.toml#http2.protocol.peer_stream_id_not_increasing
stdout	case.toml:stdout:2017	de364540c10d72e5ec597f28bebbbbdc147a43753fd21e29e4be9e62564d4516	193c37d8897fe9a7e7c8fff21bc639e0df0bbcbb83baf31bc40ca9063becb30a	crates/veln-stdlib/veln/http2/core_test.veln#test goaway_send_emits_exact_bytes_and_updates_shutdown_immutably(
stdout	case.toml:stdout:2018	27212014a1638f3ca936e0e57244c4a9549965e4b6391b8c72618f68f8a2e93d	193c37d8897fe9a7e7c8fff21bc639e0df0bbcbb83baf31bc40ca9063becb30a	crates/veln-stdlib/veln/http2/core_test.veln#test goaway_send_emits_exact_bytes_and_updates_shutdown_immutably(
stdout	case.toml:stdout:2019	0435a7af35c2c37877f27dfc0b05d896114e2e702d32d9f6ff4ea561b64dd9d3	193c37d8897fe9a7e7c8fff21bc639e0df0bbcbb83baf31bc40ca9063becb30a	crates/veln-stdlib/veln/http2/core_test.veln#test goaway_send_emits_exact_bytes_and_updates_shutdown_immutably(
stdout	case.toml:stdout:2020	d605271c3802d945c013fd97716142a32268cae0f5bcfe9de2c2b7510a3c652a	193c37d8897fe9a7e7c8fff21bc639e0df0bbcbb83baf31bc40ca9063becb30a	crates/veln-stdlib/veln/http2/core_test.veln#test goaway_send_emits_exact_bytes_and_updates_shutdown_immutably(
stdout	case.toml:stdout:2021	619581763ea92ff390a805227b45d07981f6d1be00bfcd9b1dad128b1edb8316	193c37d8897fe9a7e7c8fff21bc639e0df0bbcbb83baf31bc40ca9063becb30a	crates/veln-stdlib/veln/http2/core_test.veln#test goaway_send_emits_exact_bytes_and_updates_shutdown_immutably(
stdout	case.toml:stdout:2022	22cc19088b595001ff33bc0e24c75b410f2cfc6a5e3f6b0d17dcfea056851301	193c37d8897fe9a7e7c8fff21bc639e0df0bbcbb83baf31bc40ca9063becb30a	crates/veln-stdlib/veln/http2/core_test.veln#test goaway_send_emits_exact_bytes_and_updates_shutdown_immutably(
stdout	case.toml:stdout:2023	8225377605b2bbd2b00998f2c02d0d21d0e520b61888e7717e10e095a7f7d164	193c37d8897fe9a7e7c8fff21bc639e0df0bbcbb83baf31bc40ca9063becb30a	crates/veln-stdlib/veln/http2/core_test.veln#test goaway_send_emits_exact_bytes_and_updates_shutdown_immutably(
stdout	case.toml:stdout:2024	b550e37c55c733d186341f28280ff18ac9eda497093f17a6bc4a9144d8759cae	193c37d8897fe9a7e7c8fff21bc639e0df0bbcbb83baf31bc40ca9063becb30a	crates/veln-stdlib/veln/http2/core_test.veln#test goaway_send_emits_exact_bytes_and_updates_shutdown_immutably(
stdout	case.toml:stdout:2025	d3062619315c7670c464f6efba9bfc868f885ae9eff9e85d0a36564f74ce95e6	193c37d8897fe9a7e7c8fff21bc639e0df0bbcbb83baf31bc40ca9063becb30a	crates/veln-stdlib/veln/http2/core_test.veln#test goaway_send_emits_exact_bytes_and_updates_shutdown_immutably(
stdout	case.toml:stdout:2026	23d314771be434fad442d14062009340e2271e1a71553f055b06a9026d774c16	193c37d8897fe9a7e7c8fff21bc639e0df0bbcbb83baf31bc40ca9063becb30a	crates/veln-stdlib/veln/http2/core_test.veln#test goaway_send_emits_exact_bytes_and_updates_shutdown_immutably(
stdout	case.toml:stdout:2027	f68782e769aabeeae25175db28ff98e1560ecba9d2b928e90ddbdb024c774e07	193c37d8897fe9a7e7c8fff21bc639e0df0bbcbb83baf31bc40ca9063becb30a	crates/veln-stdlib/veln/http2/core_test.veln#test goaway_send_emits_exact_bytes_and_updates_shutdown_immutably(
stdout	case.toml:stdout:2028	d1c38aa7a0baacbca3fb466893be1c108be7b7ed04255df18e2a20bc54fafd7e	193c37d8897fe9a7e7c8fff21bc639e0df0bbcbb83baf31bc40ca9063becb30a	crates/veln-stdlib/veln/http2/core_test.veln#test goaway_send_emits_exact_bytes_and_updates_shutdown_immutably(
stdout	case.toml:stdout:2029	155a856d819612eb9cbf1a73f15e409658da597d2fe2f95c1cfdb84b3ec58183	193c37d8897fe9a7e7c8fff21bc639e0df0bbcbb83baf31bc40ca9063becb30a	crates/veln-stdlib/veln/http2/core_test.veln#test goaway_send_emits_exact_bytes_and_updates_shutdown_immutably(
stdout	case.toml:stdout:2030	35f5074b656c6ce43e17be53ba713de91cbe37fb520407b9f8481c09e798dd0e	d5418e062cec915a0af7fa69f8ea17cbedb2bacd566283b2be19216a87d6c4e1	crates/veln-stdlib/veln/http2/hpack_test.veln#test header_block_decoder_preserves_order_octets_and_dynamic_transitions(
stdout	case.toml:stdout:2031	d60c36abc12f85f91b14e1c631a48ef3ffc2e0f3ac3d41cfe53cb7ded7a8773c	193c37d8897fe9a7e7c8fff21bc639e0df0bbcbb83baf31bc40ca9063becb30a	crates/veln-stdlib/veln/http2/core_test.veln#test goaway_send_emits_exact_bytes_and_updates_shutdown_immutably(
stdout	case.toml:stdout:2032	19634e3bafd3a5c8629def3f32da90dee08bdc836e44b0e9be52f215c269f457	193c37d8897fe9a7e7c8fff21bc639e0df0bbcbb83baf31bc40ca9063becb30a	crates/veln-stdlib/veln/http2/core_test.veln#test goaway_send_emits_exact_bytes_and_updates_shutdown_immutably(
stdout	case.toml:stdout:2033	75e4af7a5fb5aeb1e19d8f7861306b70ba120ed1d97018ed9227605904338848	2f337f86d32c4c67bb06fec21650e83e36cdb396d194467a47c366a817025353	examples/specification/run/http2-core-connection-shutdown/case.toml#http2.protocol.stream_after_goaway
stdout	case.toml:stdout:2034	ed30c72a50bac119a624735748fc9712931bc1fc882a238e0da14697dfef2006	2f337f86d32c4c67bb06fec21650e83e36cdb396d194467a47c366a817025353	examples/specification/run/http2-core-connection-shutdown/case.toml#http2.protocol.stream_after_goaway
stdout	case.toml:stdout:2035	f40c097207c7850b5c14a81af5f07a9926ce8abf6e3d3f0c1f0323742f2ebbe8	6560f16cfc73c4ae8cf678c0d65ca8ebc679c2cdbaa2fea963d533ff2fe0f153	examples/specification/run/http2-core-outbound-headers/case.toml#http2.protocol.invalid_stream_id
stdout	case.toml:stdout:2036	215a15934c9b25db24063630d1ecbcca136eb6ba40c5dd3d848f74d85cc6bef2	7273b5b98c0d918b6ea228e28c669052ef02bc5326fd524a91f6655e3a9042a9	examples/specification/run/http2-core-ping-transitions/case.toml#http2.protocol.invalid_payload_length
stdout	case.toml:stdout:2037	77956169e7fcb0ecbb0a809de144674c22932342447368ea8e9969da2fcc7962	6560f16cfc73c4ae8cf678c0d65ca8ebc679c2cdbaa2fea963d533ff2fe0f153	examples/specification/run/http2-core-outbound-headers/case.toml#http2.protocol.invalid_stream_id
stdout	case.toml:stdout:2038	67a6d476157725e2dd380b3c50451daad9bb843033d519fa3c7772e984d6067c	993080db9885ad1bdd438a39a4d6cfee8fa6b65b0f3dd594da0a0dc3a7b3815e	crates/veln-stdlib/veln/http2/core_test.veln#test local_settings_send_preserves_order_policy_offsets_and_ack_fifo(
stdout	case.toml:stdout:2039	c9e0c94d2ec7e76badc8aa860e383340d1d4d20974a9d1a7f1aac8e9e535de10	993080db9885ad1bdd438a39a4d6cfee8fa6b65b0f3dd594da0a0dc3a7b3815e	crates/veln-stdlib/veln/http2/core_test.veln#test local_settings_send_preserves_order_policy_offsets_and_ack_fifo(
stdout	case.toml:stdout:2040	b75f77b4cbf530e9fff76e4b8d6cd346b2929a723c4b6975aeb230856f2313a4	828fd5354b878d0f8400b13fce70511aa6096a289f4c142e2ff508fb089eb0c6	crates/veln-stdlib/veln/http2/core_test.veln#test outbound_data_send_emits_exact_bytes_and_updates_stream_state(
stdout	case.toml:stdout:2041	49196d67e357c1a509a5c8f4228fbebc4f0b38d1a0b9cdbcbd3fa64b2d6084d6	828fd5354b878d0f8400b13fce70511aa6096a289f4c142e2ff508fb089eb0c6	crates/veln-stdlib/veln/http2/core_test.veln#test outbound_data_send_emits_exact_bytes_and_updates_stream_state(
stdout	case.toml:stdout:2042	77f133f920bc0314ea87a246d5369c90f963f648399f22ae82f1713d3f253bcf	f085e6baa133463c58715773e83a0cf33793f1b823c95493d886244b7f0499dd	crates/veln-stdlib/veln/http2/core_test.veln#test receive_connection_boundary_consumes_preface_initial_settings_and_ping_chunks(
stdout	case.toml:stdout:2043	ef0e01c45c705e821e7313cd8413a5fcae82b7fa2c221be27040dbed82fae760	f085e6baa133463c58715773e83a0cf33793f1b823c95493d886244b7f0499dd	crates/veln-stdlib/veln/http2/core_test.veln#test receive_connection_boundary_consumes_preface_initial_settings_and_ping_chunks(
stdout	case.toml:stdout:2044	551e35edbcb67edb1b521bb17c963fdbd80d582c7a5dfa066e47e33b435f99d3	f085e6baa133463c58715773e83a0cf33793f1b823c95493d886244b7f0499dd	crates/veln-stdlib/veln/http2/core_test.veln#test receive_connection_boundary_consumes_preface_initial_settings_and_ping_chunks(
output_table	case.toml:output_chunk_list:http2-continuation-header-block	366ddeec6d8bde5a45fdeee110fbc777a71e022497448ecf9b65e3524874cddf	d3cb0e051007e262aa0ee52158510db0d4d749fd6d3a3136a6df5b5327511eb8	crates/veln-stdlib/veln/http2/core_test.veln#test pending_header_block_completes_multi_frame_headers_in_wire_order(
output_table	case.toml:output_chunk_list:http2-headers-header-block	b6eea92cc3aa0feafa7e7898ed3c2a2c1bb78b46812db0bdb362ad765f2bd472	c9cdc2a6ac32b5b594efce5d43c3e1ce111e2526f8c76208d94dbb009754e7da	crates/veln-stdlib/veln/http2/core_test.veln#test outbound_request_headers_send_emits_hpack_bytes_and_creates_stream(
output_table	case.toml:output_chunk_list:http2-headers-priority-header-block	acdeb6de3461da7a22cf9ec5a9842cd1498cbff7dbbcfeb2f9471099bbc4caa8	c9cdc2a6ac32b5b594efce5d43c3e1ce111e2526f8c76208d94dbb009754e7da	crates/veln-stdlib/veln/http2/core_test.veln#test outbound_request_headers_send_emits_hpack_bytes_and_creates_stream(
output_table	case.toml:output_chunk_list:http2-headers-priority-continuation-header-block	97df55dc0a77216de870b51b000628617d0b1ad63fbc0da1c04caefd3a1436f5	c9cdc2a6ac32b5b594efce5d43c3e1ce111e2526f8c76208d94dbb009754e7da	crates/veln-stdlib/veln/http2/core_test.veln#test outbound_request_headers_send_emits_hpack_bytes_and_creates_stream(
output_table	case.toml:output_chunk_list:http2-headers-priority-end-stream-header-block	3c4d6b5973a30832e44d04e3052722a6d06dcf19a9610cb01bc003448099a75c	c9cdc2a6ac32b5b594efce5d43c3e1ce111e2526f8c76208d94dbb009754e7da	crates/veln-stdlib/veln/http2/core_test.veln#test outbound_request_headers_send_emits_hpack_bytes_and_creates_stream(
output_table	case.toml:output_chunk_list:http2-headers-end-stream-continuation-header-block	59be4a32a2d56fd978766bf3505490b7d46341c7ce1ad64c43def9de8c401fd2	c9cdc2a6ac32b5b594efce5d43c3e1ce111e2526f8c76208d94dbb009754e7da	crates/veln-stdlib/veln/http2/core_test.veln#test outbound_request_headers_send_emits_hpack_bytes_and_creates_stream(
output_table	case.toml:output_chunk_list:http2-trailers-accepted	7f8650fd39cdd2965cb4a64557bcd9203db6a975ab3fec40ed32b894aebbc8ba	d3cb0e051007e262aa0ee52158510db0d4d749fd6d3a3136a6df5b5327511eb8	crates/veln-stdlib/veln/http2/core_test.veln#test pending_header_block_completes_multi_frame_headers_in_wire_order(
output_table	case.toml:output_chunk_list:http2-trailers-raw-name-accepted	83ada754024ee419e263e92d938ee7f82b947da7297987a95b0f1cf8c8a76c75	d3cb0e051007e262aa0ee52158510db0d4d749fd6d3a3136a6df5b5327511eb8	crates/veln-stdlib/veln/http2/core_test.veln#test pending_header_block_completes_multi_frame_headers_in_wire_order(
output_table	case.toml:output_chunk_list:http2-trailers-raw-name-indexed-accepted	356037bf217209a151fd654fe9671fa1e2998d59457df0dcfc02ac0ff11d74ea	d3cb0e051007e262aa0ee52158510db0d4d749fd6d3a3136a6df5b5327511eb8	crates/veln-stdlib/veln/http2/core_test.veln#test pending_header_block_completes_multi_frame_headers_in_wire_order(
output_table	case.toml:output_chunk_list:http2-trailers-continuation	767fbbc4b4ddf486fc9142f2b40f31a53ee592f6cf3cfcb20fced809b3b3a50d	d3cb0e051007e262aa0ee52158510db0d4d749fd6d3a3136a6df5b5327511eb8	crates/veln-stdlib/veln/http2/core_test.veln#test pending_header_block_completes_multi_frame_headers_in_wire_order(
output_table	case.toml:output_chunk_list:http2-response-trailers-accepted	d755b68c44d4e1ac34421277e7f114dcf92f72caa2e58ef83f1f2acf71374582	d3cb0e051007e262aa0ee52158510db0d4d749fd6d3a3136a6df5b5327511eb8	crates/veln-stdlib/veln/http2/core_test.veln#test pending_header_block_completes_multi_frame_headers_in_wire_order(
output_table	case.toml:output_chunk_list:http2-response-trailers-continuation	33a24fa161a35c78305fe6fd390a90665049ecf7e9dba452dc78f5a2fdf12697	d3cb0e051007e262aa0ee52158510db0d4d749fd6d3a3136a6df5b5327511eb8	crates/veln-stdlib/veln/http2/core_test.veln#test pending_header_block_completes_multi_frame_headers_in_wire_order(
output_table	case.toml:output_chunk_list:http2-goaway-existing-trailers	0579a637c12349f482d2aaf977b948ba7bb6e28e0c70a3f64648472e7294e77f	193c37d8897fe9a7e7c8fff21bc639e0df0bbcbb83baf31bc40ca9063becb30a	crates/veln-stdlib/veln/http2/core_test.veln#test goaway_send_emits_exact_bytes_and_updates_shutdown_immutably(
output_table	case.toml:output_chunk_list:http2-goaway-below-boundary-trailers	e5f6d87e266b3bd5de029c4396b824b7f240d8ee249a8561659e6bfb9896f166	193c37d8897fe9a7e7c8fff21bc639e0df0bbcbb83baf31bc40ca9063becb30a	crates/veln-stdlib/veln/http2/core_test.veln#test goaway_send_emits_exact_bytes_and_updates_shutdown_immutably(
output_table	case.toml:output_chunk_list:http2-goaway-existing-headers-end-stream	785eab7015995b877fe65f6d08b57164c11d0d4d601eeaf178ad9fc738b1264c	193c37d8897fe9a7e7c8fff21bc639e0df0bbcbb83baf31bc40ca9063becb30a	crates/veln-stdlib/veln/http2/core_test.veln#test goaway_send_emits_exact_bytes_and_updates_shutdown_immutably(
output_table	case.toml:output_chunk_list:http2-goaway-combined-narrow	3fe1c4462fb76ae5a80d02656d2a0f7649253e188c122466e1f5c805e50a29aa	193c37d8897fe9a7e7c8fff21bc639e0df0bbcbb83baf31bc40ca9063becb30a	crates/veln-stdlib/veln/http2/core_test.veln#test goaway_send_emits_exact_bytes_and_updates_shutdown_immutably(
output_table	case.toml:output_chunk_list:http2-goaway-data-end-stream	0abed3a6cad8e9abd841dd125ff04dce2794212d432dc83f40bb898acd352f23	828fd5354b878d0f8400b13fce70511aa6096a289f4c142e2ff508fb089eb0c6	crates/veln-stdlib/veln/http2/core_test.veln#test outbound_data_send_emits_exact_bytes_and_updates_stream_state(
output_table	case.toml:output_chunk_list:http2-goaway-headers-end-stream	f1bbb8b8304bc0d95c2b9e27bb5efcbcad0ed0b384ad87da99b016ea6c7842c2	193c37d8897fe9a7e7c8fff21bc639e0df0bbcbb83baf31bc40ca9063becb30a	crates/veln-stdlib/veln/http2/core_test.veln#test goaway_send_emits_exact_bytes_and_updates_shutdown_immutably(
output_table	case.toml:output_chunk_list:http2-header-list-accepted	62eae9642e7a84eb6ec97b033095849c4e9351f5c7b632a39173f091c343880f	d3cb0e051007e262aa0ee52158510db0d4d749fd6d3a3136a6df5b5327511eb8	crates/veln-stdlib/veln/http2/core_test.veln#test pending_header_block_completes_multi_frame_headers_in_wire_order(
output_table	case.toml:output_chunk_list:http2-request-headers-valid	fd7c3c36d7450465349a6b0b8fdfb46dab041e789a9f088dde335a7af11ef03b	d3cb0e051007e262aa0ee52158510db0d4d749fd6d3a3136a6df5b5327511eb8	crates/veln-stdlib/veln/http2/core_test.veln#test pending_header_block_completes_multi_frame_headers_in_wire_order(
output_table	case.toml:output_chunk_list:http2-request-headers-ordinary-valid	1a2bef7df7bdd22f0091f4536ecb6abeb74fb873655f9591a5f193cfb5636f03	d3cb0e051007e262aa0ee52158510db0d4d749fd6d3a3136a6df5b5327511eb8	crates/veln-stdlib/veln/http2/core_test.veln#test pending_header_block_completes_multi_frame_headers_in_wire_order(
output_table	case.toml:output_chunk_list:http2-request-headers-connect-valid	ad35e0866a2c5b259ac946c1f057b000c2b4439672e2d51e2aee78e9e1813574	d3cb0e051007e262aa0ee52158510db0d4d749fd6d3a3136a6df5b5327511eb8	crates/veln-stdlib/veln/http2/core_test.veln#test pending_header_block_completes_multi_frame_headers_in_wire_order(
output_table	case.toml:output_chunk_list:http2-request-headers-connect-continuation	dd9da029b3bf5e32fe3106ce23fbece90beb1b22da044b3c82bdc14d73e58cfc	d3cb0e051007e262aa0ee52158510db0d4d749fd6d3a3136a6df5b5327511eb8	crates/veln-stdlib/veln/http2/core_test.veln#test pending_header_block_completes_multi_frame_headers_in_wire_order(
output_table	case.toml:output_chunk_list:http2-request-headers-scheme-http	32c8200326d39e642670d81df6e009ba255aaa9b198badcbeeb5f9c898adbeee	d3cb0e051007e262aa0ee52158510db0d4d749fd6d3a3136a6df5b5327511eb8	crates/veln-stdlib/veln/http2/core_test.veln#test pending_header_block_completes_multi_frame_headers_in_wire_order(
output_table	case.toml:output_chunk_list:http2-request-headers-scheme-https	897400902e88ebe8ffae1c263488b73472e1fdfcae4688a258f9644f232b62c1	d3cb0e051007e262aa0ee52158510db0d4d749fd6d3a3136a6df5b5327511eb8	crates/veln-stdlib/veln/http2/core_test.veln#test pending_header_block_completes_multi_frame_headers_in_wire_order(
output_table	case.toml:output_chunk_list:http2-request-headers-te-trailers	58d3f6fc80607f9017e8e9283c64df8dc8c726490295eb0b5eab3cb83e26174c	d3cb0e051007e262aa0ee52158510db0d4d749fd6d3a3136a6df5b5327511eb8	crates/veln-stdlib/veln/http2/core_test.veln#test pending_header_block_completes_multi_frame_headers_in_wire_order(
output_table	case.toml:output_chunk_list:http2-request-headers-content-length	eaf1dbfc61a4c9ae83c3e0090470cd8cc0730b82d1f88b1542d1b1c63e5bc265	828fd5354b878d0f8400b13fce70511aa6096a289f4c142e2ff508fb089eb0c6	crates/veln-stdlib/veln/http2/core_test.veln#test outbound_data_send_emits_exact_bytes_and_updates_stream_state(
output_table	case.toml:output_chunk_list:http2-request-headers-content-length-repeated	25c1089a77d0115149366befe5e370efcf90c2b96e077070c1cb952d030f42bc	828fd5354b878d0f8400b13fce70511aa6096a289f4c142e2ff508fb089eb0c6	crates/veln-stdlib/veln/http2/core_test.veln#test outbound_data_send_emits_exact_bytes_and_updates_stream_state(
output_table	case.toml:output_chunk_list:http2-response-headers-valid	3a4bdae8d952540e4033b75de08ca8f5294e11729ec23ce2cfd094c47521e9e6	d3cb0e051007e262aa0ee52158510db0d4d749fd6d3a3136a6df5b5327511eb8	crates/veln-stdlib/veln/http2/core_test.veln#test pending_header_block_completes_multi_frame_headers_in_wire_order(
output_table	case.toml:output_chunk_list:http2-response-headers-ordinary-valid	f57c70f5bde77f8291a3e8e9e00d0de0b5457847e989048134651735b9b2d2e3	d3cb0e051007e262aa0ee52158510db0d4d749fd6d3a3136a6df5b5327511eb8	crates/veln-stdlib/veln/http2/core_test.veln#test pending_header_block_completes_multi_frame_headers_in_wire_order(
output_table	case.toml:output_chunk_list:http2-response-headers-ordinary-continuation	52225e1bfcaafa6a5cea59c12880deca7c08ef7b22aa19a8d958a405230130b6	d3cb0e051007e262aa0ee52158510db0d4d749fd6d3a3136a6df5b5327511eb8	crates/veln-stdlib/veln/http2/core_test.veln#test pending_header_block_completes_multi_frame_headers_in_wire_order(
output_table	case.toml:output_chunk_list:http2-response-headers-te-trailers	3e11622b6e458d420c7a3fcd7f5f89169922c33e037c93ea490c376455646b85	d3cb0e051007e262aa0ee52158510db0d4d749fd6d3a3136a6df5b5327511eb8	crates/veln-stdlib/veln/http2/core_test.veln#test pending_header_block_completes_multi_frame_headers_in_wire_order(
output_table	case.toml:output_chunk_list:http2-response-headers-content-length	654db5c80cd6c9e683edf2eabeea0e448478355fde84ad01c68011274b35edd3	828fd5354b878d0f8400b13fce70511aa6096a289f4c142e2ff508fb089eb0c6	crates/veln-stdlib/veln/http2/core_test.veln#test outbound_data_send_emits_exact_bytes_and_updates_stream_state(
output_table	case.toml:output_chunk_list:http2-response-headers-content-length-repeated	9bedecaa9239e226af0ac8b821d91758b8e31ba9435ef5a7d5d22ddcd443110d	828fd5354b878d0f8400b13fce70511aa6096a289f4c142e2ff508fb089eb0c6	crates/veln-stdlib/veln/http2/core_test.veln#test outbound_data_send_emits_exact_bytes_and_updates_stream_state(
output_table	case.toml:output_chunk_list:http2-hpack-static-indexed-method	ba0caf669312174f477e4721961cab0433482e329db5de7187d7b8737a313782	d5418e062cec915a0af7fa69f8ea17cbedb2bacd566283b2be19216a87d6c4e1	crates/veln-stdlib/veln/http2/hpack_test.veln#test header_block_decoder_preserves_order_octets_and_dynamic_transitions(
output_table	case.toml:output_chunk_list:http2-hpack-static-indexed-method-path	759728d1816bea50bf83a549a7fe1f8297186dfc3647fdf7928bf53be00f36c1	d5418e062cec915a0af7fa69f8ea17cbedb2bacd566283b2be19216a87d6c4e1	crates/veln-stdlib/veln/http2/hpack_test.veln#test header_block_decoder_preserves_order_octets_and_dynamic_transitions(
output_table	case.toml:output_chunk_list:http2-hpack-static-indexed-method-post	8e3359c01d0851c0a468447ba3772bba2277a7a041cdfe5f0e176c00913578ba	d5418e062cec915a0af7fa69f8ea17cbedb2bacd566283b2be19216a87d6c4e1	crates/veln-stdlib/veln/http2/hpack_test.veln#test header_block_decoder_preserves_order_octets_and_dynamic_transitions(
output_table	case.toml:output_chunk_list:http2-hpack-static-indexed-path	0eab1a3b6baddeaeb0fe17c2bc7ad1c09204bebab7a71d2e14c671f9f6221c3e	d5418e062cec915a0af7fa69f8ea17cbedb2bacd566283b2be19216a87d6c4e1	crates/veln-stdlib/veln/http2/hpack_test.veln#test header_block_decoder_preserves_order_octets_and_dynamic_transitions(
output_table	case.toml:output_chunk_list:http2-hpack-literal-path-target	6ab55f86241b84ddd85d6f44846367fc350fbdeacd879280b0bebc0a0acb67dc	d5418e062cec915a0af7fa69f8ea17cbedb2bacd566283b2be19216a87d6c4e1	crates/veln-stdlib/veln/http2/hpack_test.veln#test header_block_decoder_preserves_order_octets_and_dynamic_transitions(
output_table	case.toml:output_chunk_list:http2-hpack-literal-never-indexed-path-target	fdd23106d4c38b43f6121700a1f09441335cf8f0444403ddb32aded1451de4ba	d5418e062cec915a0af7fa69f8ea17cbedb2bacd566283b2be19216a87d6c4e1	crates/veln-stdlib/veln/http2/hpack_test.veln#test header_block_decoder_preserves_order_octets_and_dynamic_transitions(
output_table	case.toml:output_chunk_list:http2-hpack-literal-never-indexed-path-continuation	72665756002f987787d1f5470386ca7537014aedfd9491d810dd5d7a2928ae26	d5418e062cec915a0af7fa69f8ea17cbedb2bacd566283b2be19216a87d6c4e1	crates/veln-stdlib/veln/http2/hpack_test.veln#test header_block_decoder_preserves_order_octets_and_dynamic_transitions(
output_table	case.toml:output_chunk_list:http2-hpack-literal-huffman	eec04c37ca8e46d214989cb4ab4d0d9d448eab3fa4c218f3b68204f4d6aa5073	d5418e062cec915a0af7fa69f8ea17cbedb2bacd566283b2be19216a87d6c4e1	crates/veln-stdlib/veln/http2/hpack_test.veln#test header_block_decoder_preserves_order_octets_and_dynamic_transitions(
output_table	case.toml:output_chunk_list:http2-hpack-literal-test-huffman	d8789f39d24259d5d9c61da1968a1470f085f0d875d8a128e1fa351b61f58816	d5418e062cec915a0af7fa69f8ea17cbedb2bacd566283b2be19216a87d6c4e1	crates/veln-stdlib/veln/http2/hpack_test.veln#test header_block_decoder_preserves_order_octets_and_dynamic_transitions(
output_table	case.toml:output_chunk_list:http2-hpack-static-literal-test-huffman-continuation	5222317cff9b9880193e69e3e7c2fc8445f628bc8835b915194244bfac34a972	d5418e062cec915a0af7fa69f8ea17cbedb2bacd566283b2be19216a87d6c4e1	crates/veln-stdlib/veln/http2/hpack_test.veln#test header_block_decoder_preserves_order_octets_and_dynamic_transitions(
output_table	case.toml:output_chunk_list:http2-hpack-literal-scheme-https-huffman	2066db64abc5690230be95ba2c7f89a55e1b1f9686e1d1741b5fcbef55ebec69	d5418e062cec915a0af7fa69f8ea17cbedb2bacd566283b2be19216a87d6c4e1	crates/veln-stdlib/veln/http2/hpack_test.veln#test header_block_decoder_preserves_order_octets_and_dynamic_transitions(
output_table	case.toml:output_chunk_list:http2-hpack-literal-authority-raw	b491c317d3c5499b8b7ffa780a906c29191416293468a8d83256855b4bb6af2f	d5418e062cec915a0af7fa69f8ea17cbedb2bacd566283b2be19216a87d6c4e1	crates/veln-stdlib/veln/http2/hpack_test.veln#test header_block_decoder_preserves_order_octets_and_dynamic_transitions(
output_table	case.toml:output_chunk_list:http2-hpack-literal-status-raw	d4a901c9f35e5cc61a4778ecb53c7392394b431ca25260723faf0366020aa62d	d5418e062cec915a0af7fa69f8ea17cbedb2bacd566283b2be19216a87d6c4e1	crates/veln-stdlib/veln/http2/hpack_test.veln#test header_block_decoder_preserves_order_octets_and_dynamic_transitions(
output_table	case.toml:output_chunk_list:http2-hpack-literal-static-name-server-raw	0ec2c94be92a5648c4718c923bb9aec8de1d8eccb5af3eecd24db68914c99b71	d5418e062cec915a0af7fa69f8ea17cbedb2bacd566283b2be19216a87d6c4e1	crates/veln-stdlib/veln/http2/hpack_test.veln#test header_block_decoder_preserves_order_octets_and_dynamic_transitions(
output_table	case.toml:output_chunk_list:http2-hpack-literal-indexed-static-name-content-type	f3821b6586d04a856b0165caed84d66ad2c66a7da2925ad5a9552dea3e56494a	d5418e062cec915a0af7fa69f8ea17cbedb2bacd566283b2be19216a87d6c4e1	crates/veln-stdlib/veln/http2/hpack_test.veln#test header_block_decoder_preserves_order_octets_and_dynamic_transitions(
output_table	case.toml:output_chunk_list:http2-hpack-dynamic-indexed-static-name-content-type	2ae9b670b49e06f59c236f353dfbdcd792b3ae05a4a116870a0b50b772233105	d5418e062cec915a0af7fa69f8ea17cbedb2bacd566283b2be19216a87d6c4e1	crates/veln-stdlib/veln/http2/hpack_test.veln#test header_block_decoder_preserves_order_octets_and_dynamic_transitions(
output_table	case.toml:output_chunk_list:http2-hpack-literal-never-indexed-static-name-user-agent	6cca58f19568d2a2282744133fa7d25efae07538390bd2498c78ba3f6b35c564	d5418e062cec915a0af7fa69f8ea17cbedb2bacd566283b2be19216a87d6c4e1	crates/veln-stdlib/veln/http2/hpack_test.veln#test header_block_decoder_preserves_order_octets_and_dynamic_transitions(
output_table	case.toml:output_chunk_list:http2-hpack-literal-authority-raw-continuation	a5da40555c8b56f786556786109f9f1bb35b0cc566dbe091859f62521ed2ac90	d5418e062cec915a0af7fa69f8ea17cbedb2bacd566283b2be19216a87d6c4e1	crates/veln-stdlib/veln/http2/hpack_test.veln#test header_block_decoder_preserves_order_octets_and_dynamic_transitions(
output_table	case.toml:output_chunk_list:http2-hpack-literal-method-put	36813113705cd7d2ff7e305dc56e755bf5bdf8e4ede9e29240dae403647d485d	d5418e062cec915a0af7fa69f8ea17cbedb2bacd566283b2be19216a87d6c4e1	crates/veln-stdlib/veln/http2/hpack_test.veln#test header_block_decoder_preserves_order_octets_and_dynamic_transitions(
output_table	case.toml:output_chunk_list:http2-hpack-literal-method-put-huffman	d60365f4c14e702257dacec369312c435c8fc1addfdf9b6bb63efda329624d7e	d5418e062cec915a0af7fa69f8ea17cbedb2bacd566283b2be19216a87d6c4e1	crates/veln-stdlib/veln/http2/hpack_test.veln#test header_block_decoder_preserves_order_octets_and_dynamic_transitions(
output_table	case.toml:output_chunk_list:http2-hpack-literal-status-200-huffman	98625358dd9f903cc57a96e3ece22a01af9b9510cc77814a211b622be57fbc5a	d5418e062cec915a0af7fa69f8ea17cbedb2bacd566283b2be19216a87d6c4e1	crates/veln-stdlib/veln/http2/hpack_test.veln#test header_block_decoder_preserves_order_octets_and_dynamic_transitions(
output_table	case.toml:output_chunk_list:http2-hpack-literal-path-linefeed-huffman	135167bffa46e66fe5928d563c92deb8f4b9fbf6a802eda775833b077ff19da7	d5418e062cec915a0af7fa69f8ea17cbedb2bacd566283b2be19216a87d6c4e1	crates/veln-stdlib/veln/http2/hpack_test.veln#test header_block_decoder_preserves_order_octets_and_dynamic_transitions(
output_table	case.toml:output_chunk_list:http2-hpack-literal-path-nul-huffman	701b8aea528d03eb7992643715112ac1fbd978c9d8c9058a9aa6321052ee4e80	d5418e062cec915a0af7fa69f8ea17cbedb2bacd566283b2be19216a87d6c4e1	crates/veln-stdlib/veln/http2/hpack_test.veln#test header_block_decoder_preserves_order_octets_and_dynamic_transitions(
output_table	case.toml:output_chunk_list:http2-hpack-literal-path-ff-huffman	b0df7595d7607d87863dab05bf064132341c23930dd0595fb9f159323b7e5923	d5418e062cec915a0af7fa69f8ea17cbedb2bacd566283b2be19216a87d6c4e1	crates/veln-stdlib/veln/http2/hpack_test.veln#test header_block_decoder_preserves_order_octets_and_dynamic_transitions(
output_table	case.toml:output_chunk_list:http2-hpack-literal-path-bytes-huffman	90bded79d1776d6b9c68e2b8dc55dd23158aba2eca736522557beaceb2314f3f	d5418e062cec915a0af7fa69f8ea17cbedb2bacd566283b2be19216a87d6c4e1	crates/veln-stdlib/veln/http2/hpack_test.veln#test header_block_decoder_preserves_order_octets_and_dynamic_transitions(
output_table	case.toml:output_chunk_list:http2-hpack-literal-path-two-nul-huffman	a46b0bff542f544176439e14978c641d16c69ea4d972509824d65b71b21d7591	d5418e062cec915a0af7fa69f8ea17cbedb2bacd566283b2be19216a87d6c4e1	crates/veln-stdlib/veln/http2/hpack_test.veln#test header_block_decoder_preserves_order_octets_and_dynamic_transitions(
output_table	case.toml:output_chunk_list:http2-hpack-literal-path-bytes-huffman-continuation	3843ffed0cbcffae54bd3e03c860d7d7b634334e8d50a4c5f7aebe9d5e597af2	d5418e062cec915a0af7fa69f8ea17cbedb2bacd566283b2be19216a87d6c4e1	crates/veln-stdlib/veln/http2/hpack_test.veln#test header_block_decoder_preserves_order_octets_and_dynamic_transitions(
output_table	case.toml:output_chunk_list:http2-hpack-literal-status-200-huffman-continuation	cac9fb372f8a469e3d03aabc4d06a98fc8d886a8e2eba54fae4fd3589ac0ab39	d5418e062cec915a0af7fa69f8ea17cbedb2bacd566283b2be19216a87d6c4e1	crates/veln-stdlib/veln/http2/hpack_test.veln#test header_block_decoder_preserves_order_octets_and_dynamic_transitions(
output_table	case.toml:output_chunk_list:http2-hpack-literal-indexed-authority	cb7e2ec3fa4978803a8527b0b72ef7240eb822c4a7975d59eac18a4ec2aa8907	d5418e062cec915a0af7fa69f8ea17cbedb2bacd566283b2be19216a87d6c4e1	crates/veln-stdlib/veln/http2/hpack_test.veln#test header_block_decoder_preserves_order_octets_and_dynamic_transitions(
output_table	case.toml:output_chunk_list:http2-hpack-literal-indexed-method-put-huffman	9be4acafa6b452d646c769b41ee8048eed3d1856fbb6d0ad0fdbd15105cd3ee8	d5418e062cec915a0af7fa69f8ea17cbedb2bacd566283b2be19216a87d6c4e1	crates/veln-stdlib/veln/http2/hpack_test.veln#test header_block_decoder_preserves_order_octets_and_dynamic_transitions(
output_table	case.toml:output_chunk_list:http2-hpack-literal-indexed-scheme-https-huffman	5bbbb48a6b356b6caf00eecd539ed96ee5775d1e74b0a92d18646c3f3df2aa42	d5418e062cec915a0af7fa69f8ea17cbedb2bacd566283b2be19216a87d6c4e1	crates/veln-stdlib/veln/http2/hpack_test.veln#test header_block_decoder_preserves_order_octets_and_dynamic_transitions(
output_table	case.toml:output_chunk_list:http2-hpack-literal-indexed-status	f5c58b3be3d10dce247834ddbb8a0f8930d0489bb95a53e87f90cb2d8561a5f6	d5418e062cec915a0af7fa69f8ea17cbedb2bacd566283b2be19216a87d6c4e1	crates/veln-stdlib/veln/http2/hpack_test.veln#test header_block_decoder_preserves_order_octets_and_dynamic_transitions(
output_table	case.toml:output_chunk_list:http2-hpack-literal-authority-raw-long-length	6493329eb4066c026942dd12f7ce7a08b309eeab2ad394a6cc9ac679f69fc0fb	d5418e062cec915a0af7fa69f8ea17cbedb2bacd566283b2be19216a87d6c4e1	crates/veln-stdlib/veln/http2/hpack_test.veln#test header_block_decoder_preserves_order_octets_and_dynamic_transitions(
output_table	case.toml:output_chunk_list:http2-hpack-literal-path-huffman-long-length	2d418f72817f72ca65c6d69a91ce86fb7a127be5c59055a254ad1cba08aebf48	d5418e062cec915a0af7fa69f8ea17cbedb2bacd566283b2be19216a87d6c4e1	crates/veln-stdlib/veln/http2/hpack_test.veln#test header_block_decoder_preserves_order_octets_and_dynamic_transitions(
output_table	case.toml:output_chunk_list:http2-hpack-literal-indexed-authority-raw-long-length	4daa38a5980d26f9928f4e98b1095d53f84f5dbe7d394c32094c503d8fa8adf0	d5418e062cec915a0af7fa69f8ea17cbedb2bacd566283b2be19216a87d6c4e1	crates/veln-stdlib/veln/http2/hpack_test.veln#test header_block_decoder_preserves_order_octets_and_dynamic_transitions(
output_table	case.toml:output_chunk_list:http2-hpack-literal-indexed-authority-raw-extra-long-length	3ef4249cdfe29bd4a5c4ec78c67f5f941a286d7933e1a3dc6192f2e4195034fc	d5418e062cec915a0af7fa69f8ea17cbedb2bacd566283b2be19216a87d6c4e1	crates/veln-stdlib/veln/http2/hpack_test.veln#test header_block_decoder_preserves_order_octets_and_dynamic_transitions(
output_table	case.toml:output_chunk_list:http2-hpack-literal-indexed-path-huffman-long-length	a5808bead735cd437beb02220902db49ff00e467ca69b6ae63f2634527f6eae0	d5418e062cec915a0af7fa69f8ea17cbedb2bacd566283b2be19216a87d6c4e1	crates/veln-stdlib/veln/http2/hpack_test.veln#test header_block_decoder_preserves_order_octets_and_dynamic_transitions(
output_table	case.toml:output_chunk_list:http2-hpack-literal-authority-example	320b7a0c561581af269b664133c549c06c98f0bae5ff178adb51217d8be84880	d5418e062cec915a0af7fa69f8ea17cbedb2bacd566283b2be19216a87d6c4e1	crates/veln-stdlib/veln/http2/hpack_test.veln#test header_block_decoder_preserves_order_octets_and_dynamic_transitions(
output_table	case.toml:output_chunk_list:http2-hpack-literal-authority-www-example-huffman	60c6c52158740cd6454ef008071593fb09086a0efb2af1c5ef32e61f00ddb64f	d5418e062cec915a0af7fa69f8ea17cbedb2bacd566283b2be19216a87d6c4e1	crates/veln-stdlib/veln/http2/hpack_test.veln#test header_block_decoder_preserves_order_octets_and_dynamic_transitions(
output_table	case.toml:output_chunk_list:http2-hpack-stateful-literal-indexed-path-target	92ad15a93815601b25acc8458190c7571b9531e3ca52e64f62a6b0002db2bf9c	d5418e062cec915a0af7fa69f8ea17cbedb2bacd566283b2be19216a87d6c4e1	crates/veln-stdlib/veln/http2/hpack_test.veln#test header_block_decoder_preserves_order_octets_and_dynamic_transitions(
output_table	case.toml:output_chunk_list:http2-hpack-stateful-dynamic-indexed-path-target	87a4529ffb4a25f8c4ee5307a43ee117f78665cd7a1ef68188334c16ba9adb12	d5418e062cec915a0af7fa69f8ea17cbedb2bacd566283b2be19216a87d6c4e1	crates/veln-stdlib/veln/http2/hpack_test.veln#test header_block_decoder_preserves_order_octets_and_dynamic_transitions(
output_table	case.toml:output_chunk_list:http2-hpack-stateful-literal-indexed-dynamic-name-path-again	cac165d3c8f83b04c985d72d427cbe334566a7cbe411b159d9496582e5c705ac	d5418e062cec915a0af7fa69f8ea17cbedb2bacd566283b2be19216a87d6c4e1	crates/veln-stdlib/veln/http2/hpack_test.veln#test header_block_decoder_preserves_order_octets_and_dynamic_transitions(
output_table	case.toml:output_chunk_list:http2-hpack-stateful-dynamic-name-newest-path-again	5bc19427a22023ba3de68797bdfdb65c64e0e09a2b60a7b97733bc5cec6b8fe7	d5418e062cec915a0af7fa69f8ea17cbedb2bacd566283b2be19216a87d6c4e1	crates/veln-stdlib/veln/http2/hpack_test.veln#test header_block_decoder_preserves_order_octets_and_dynamic_transitions(
output_table	case.toml:output_chunk_list:http2-hpack-stateful-dynamic-name-older-path-target	877ae2d9b6256e4077037bfefe8fc3854ba50449b70f08d4e685fe33f8b42be4	d5418e062cec915a0af7fa69f8ea17cbedb2bacd566283b2be19216a87d6c4e1	crates/veln-stdlib/veln/http2/hpack_test.veln#test header_block_decoder_preserves_order_octets_and_dynamic_transitions(
output_table	case.toml:output_chunk_list:http2-hpack-stateful-literal-indexed-method-put	928b7368eb5f21234f9fa539496b0133a275679b8653dc222a3fa30fabeea2bc	d5418e062cec915a0af7fa69f8ea17cbedb2bacd566283b2be19216a87d6c4e1	crates/veln-stdlib/veln/http2/hpack_test.veln#test header_block_decoder_preserves_order_octets_and_dynamic_transitions(
output_table	case.toml:output_chunk_list:http2-hpack-stateful-dynamic-indexed-method-put	ef0f36369c3d98901a74ee782af09ff523fb34ab04bf5cb496e3cd2e89b97719	d5418e062cec915a0af7fa69f8ea17cbedb2bacd566283b2be19216a87d6c4e1	crates/veln-stdlib/veln/http2/hpack_test.veln#test header_block_decoder_preserves_order_octets_and_dynamic_transitions(
output_table	case.toml:output_chunk_list:http2-hpack-stateful-dynamic-indexed-older-path	153582b4a6c18da837b3d443bb48b4a8df5ca76fc1f1d152e3c6abddae45cb17	d5418e062cec915a0af7fa69f8ea17cbedb2bacd566283b2be19216a87d6c4e1	crates/veln-stdlib/veln/http2/hpack_test.veln#test header_block_decoder_preserves_order_octets_and_dynamic_transitions(
output_table	case.toml:output_chunk_list:http2-hpack-stateful-without-indexing-dynamic-name-second-path-no	280209b901d55d71cedfde24d64f469d84e630b398844de3277810fd376822a9	d5418e062cec915a0af7fa69f8ea17cbedb2bacd566283b2be19216a87d6c4e1	crates/veln-stdlib/veln/http2/hpack_test.veln#test header_block_decoder_preserves_order_octets_and_dynamic_transitions(
output_table	case.toml:output_chunk_list:http2-hpack-stateful-never-indexed-dynamic-name-second-path-secret	1bf3b9e568ca3d5c9e3497ac1de89e1bfff17c01b993da7ea56b9287d341cdbe	d5418e062cec915a0af7fa69f8ea17cbedb2bacd566283b2be19216a87d6c4e1	crates/veln-stdlib/veln/http2/hpack_test.veln#test header_block_decoder_preserves_order_octets_and_dynamic_transitions(
output_table	case.toml:output_chunk_list:http2-hpack-stateful-literal-indexed-scheme-https-retained	e81d50c36063ac885eeee262a0db8347ee452f1cb90f433080b41b13f1d4be70	d5418e062cec915a0af7fa69f8ea17cbedb2bacd566283b2be19216a87d6c4e1	crates/veln-stdlib/veln/http2/hpack_test.veln#test header_block_decoder_preserves_order_octets_and_dynamic_transitions(
output_table	case.toml:output_chunk_list:http2-hpack-stateful-dynamic-name-second-method	fd94ea2faa27c5bec5104a2006de1245deeb89334638959faf3d25e9e675ac11	d5418e062cec915a0af7fa69f8ea17cbedb2bacd566283b2be19216a87d6c4e1	crates/veln-stdlib/veln/http2/hpack_test.veln#test header_block_decoder_preserves_order_octets_and_dynamic_transitions(
output_table	case.toml:output_chunk_list:http2-hpack-stateful-dynamic-name-third-path	db2c8181b811435792ab77e27af597961e49f3a33fff82ded27d9540b2c107c1	d5418e062cec915a0af7fa69f8ea17cbedb2bacd566283b2be19216a87d6c4e1	crates/veln-stdlib/veln/http2/hpack_test.veln#test header_block_decoder_preserves_order_octets_and_dynamic_transitions(
output_table	case.toml:output_chunk_list:http2-hpack-stateful-dynamic-name-wide-indexed	8df888d1ecff425628c75cc0a309cc6990819c67157328c53a135aac14a6a21f	d5418e062cec915a0af7fa69f8ea17cbedb2bacd566283b2be19216a87d6c4e1	crates/veln-stdlib/veln/http2/hpack_test.veln#test header_block_decoder_preserves_order_octets_and_dynamic_transitions(
output_table	case.toml:output_chunk_list:http2-hpack-stateful-dynamic-indexed-wide-continuation-retained-older-path	53dd51f6a591ad133062e329e1225fffc87140a439a851fda49e4a83b8147d08	d5418e062cec915a0af7fa69f8ea17cbedb2bacd566283b2be19216a87d6c4e1	crates/veln-stdlib/veln/http2/hpack_test.veln#test header_block_decoder_preserves_order_octets_and_dynamic_transitions(
output_table	case.toml:output_chunk_list:http2-hpack-stateful-dynamic-indexed-multi-continuation-retained-older-path	39fd6694c9b61905bddaffa7fab07e1a2dbf961e1b14dd597af1f6e65143f143	d5418e062cec915a0af7fa69f8ea17cbedb2bacd566283b2be19216a87d6c4e1	crates/veln-stdlib/veln/http2/hpack_test.veln#test header_block_decoder_preserves_order_octets_and_dynamic_transitions(
output_table	case.toml:output_chunk_list:http2-hpack-stateful-dynamic-name-wide-without-indexing	5691c3d5843aeef4a4e2384451ccc13001badb84039a7bbd77bd9f56c50fe27b	d5418e062cec915a0af7fa69f8ea17cbedb2bacd566283b2be19216a87d6c4e1	crates/veln-stdlib/veln/http2/hpack_test.veln#test header_block_decoder_preserves_order_octets_and_dynamic_transitions(
output_table	case.toml:output_chunk_list:http2-hpack-stateful-dynamic-name-wide-never-indexed	3d984488b981fcc75728a162ffbceaf82a4db89e35ff1fe046c3407160158d78	d5418e062cec915a0af7fa69f8ea17cbedb2bacd566283b2be19216a87d6c4e1	crates/veln-stdlib/veln/http2/hpack_test.veln#test header_block_decoder_preserves_order_octets_and_dynamic_transitions(
output_table	case.toml:output_chunk_list:http2-hpack-stateful-three-entry-table-size-eviction	bae72a4c958df5d9b868390fae112d838237bad254a136934eeb74234b400903	d5418e062cec915a0af7fa69f8ea17cbedb2bacd566283b2be19216a87d6c4e1	crates/veln-stdlib/veln/http2/hpack_test.veln#test header_block_decoder_preserves_order_octets_and_dynamic_transitions(
output_table	case.toml:output_chunk_list:http2-hpack-stateful-insertion-evicts-older-path	0ee042387acf9557c173829b7ad5b569aaa68528d53bad4318b2d3c39fab6dcd	d5418e062cec915a0af7fa69f8ea17cbedb2bacd566283b2be19216a87d6c4e1	crates/veln-stdlib/veln/http2/hpack_test.veln#test header_block_decoder_preserves_order_octets_and_dynamic_transitions(
output_table	case.toml:output_chunk_list:http2-hpack-stateful-table-size-eviction	3691d03888796858dac5bbbe30033f9d3ae63aa75ea7e552b6ff0a622b367e18	d5418e062cec915a0af7fa69f8ea17cbedb2bacd566283b2be19216a87d6c4e1	crates/veln-stdlib/veln/http2/hpack_test.veln#test header_block_decoder_preserves_order_octets_and_dynamic_transitions(
output_table	case.toml:output_chunk_list:http2-hpack-stateful-table-size-partial-eviction	de365ecda67a7e22436f71637906bb6e45f03d6856f4ce36d5432f4933ee564d	d5418e062cec915a0af7fa69f8ea17cbedb2bacd566283b2be19216a87d6c4e1	crates/veln-stdlib/veln/http2/hpack_test.veln#test header_block_decoder_preserves_order_octets_and_dynamic_transitions(
output_table	case.toml:output_chunk_list:http2-hpack-stateful-dynamic-entry-size-authority	45b7946721c08337d3d0916e14390c23250b7552bccb4816fca1c16a4af1908f	d5418e062cec915a0af7fa69f8ea17cbedb2bacd566283b2be19216a87d6c4e1	crates/veln-stdlib/veln/http2/hpack_test.veln#test header_block_decoder_preserves_order_octets_and_dynamic_transitions(
output_table	case.toml:output_chunk_list:http2-hpack-stateful-dynamic-entry-size-authority-eviction	e376b4ecb44aa202867987f646dd7ebc2c0c857cb6308047d8f8c6107791490c	d5418e062cec915a0af7fa69f8ea17cbedb2bacd566283b2be19216a87d6c4e1	crates/veln-stdlib/veln/http2/hpack_test.veln#test header_block_decoder_preserves_order_octets_and_dynamic_transitions(
output_table	case.toml:output_chunk_list:http2-hpack-continuation-replacement	c759a761782c63a1cab3361c2e13117f71fb3941fc97580dff5c0414cc3cee2f	d5418e062cec915a0af7fa69f8ea17cbedb2bacd566283b2be19216a87d6c4e1	crates/veln-stdlib/veln/http2/hpack_test.veln#test header_block_decoder_preserves_order_octets_and_dynamic_transitions(
output_table	case.toml:output_chunk_list:http2-hpack-continuation-older-path	fde233e326052462ad97556817be217ae1f78861e472b4ed7c380b6b7a0201bb	d5418e062cec915a0af7fa69f8ea17cbedb2bacd566283b2be19216a87d6c4e1	crates/veln-stdlib/veln/http2/hpack_test.veln#test header_block_decoder_preserves_order_octets_and_dynamic_transitions(
output_table	case.toml:output_chunk_list:http2-hpack-continuation-dynamic-name	48738daeaecef73be653d23f1b472304e6697317cd2ee4e854c7037d48d6a409	d5418e062cec915a0af7fa69f8ea17cbedb2bacd566283b2be19216a87d6c4e1	crates/veln-stdlib/veln/http2/hpack_test.veln#test header_block_decoder_preserves_order_octets_and_dynamic_transitions(
output_table	case.toml:output_chunk_list:http2-hpack-continuation-dynamic-name-second	77dbd6390c9a8391d7cd550ef9911e2aaa9486a55f594ceeddc80fab8005ed1b	d5418e062cec915a0af7fa69f8ea17cbedb2bacd566283b2be19216a87d6c4e1	crates/veln-stdlib/veln/http2/hpack_test.veln#test header_block_decoder_preserves_order_octets_and_dynamic_transitions(
output_table	case.toml:output_chunk_list:http2-hpack-continuation-dynamic-name-wide	57137df4d72047d1ad04169930d672889b8a279680d48ce79ea031115fef4bdf	d5418e062cec915a0af7fa69f8ea17cbedb2bacd566283b2be19216a87d6c4e1	crates/veln-stdlib/veln/http2/hpack_test.veln#test header_block_decoder_preserves_order_octets_and_dynamic_transitions(
output_table	case.toml:output_chunk_list:http2-hpack-continuation-dynamic-name-wide-without-indexing	50abb383e801fd6d1d54d75d81ebc292172bd3d0db2bc84da357126212d72391	d5418e062cec915a0af7fa69f8ea17cbedb2bacd566283b2be19216a87d6c4e1	crates/veln-stdlib/veln/http2/hpack_test.veln#test header_block_decoder_preserves_order_octets_and_dynamic_transitions(
output_table	case.toml:output_chunk_list:http2-hpack-continuation-dynamic-name-wide-never-indexed	b07b5ed3dc5d23a49abfafff487ebd97f04ff5056f5c782118595d235d742181	d5418e062cec915a0af7fa69f8ea17cbedb2bacd566283b2be19216a87d6c4e1	crates/veln-stdlib/veln/http2/hpack_test.veln#test header_block_decoder_preserves_order_octets_and_dynamic_transitions(
output_table	case.toml:output_chunk_list:http2-hpack-continuation-third-entry	3cd1e8e6a1f71e2ca41aa1814a748b062a1967f8b00ec900021ec8b1732f2622	d5418e062cec915a0af7fa69f8ea17cbedb2bacd566283b2be19216a87d6c4e1	crates/veln-stdlib/veln/http2/hpack_test.veln#test header_block_decoder_preserves_order_octets_and_dynamic_transitions(
output_table	case.toml:output_chunk_list:http2-hpack-continuation-third-path	167b0719b19347d72b90037ac68a14619f5f76111e72d26184ac20b0d6ba3745	d5418e062cec915a0af7fa69f8ea17cbedb2bacd566283b2be19216a87d6c4e1	crates/veln-stdlib/veln/http2/hpack_test.veln#test header_block_decoder_preserves_order_octets_and_dynamic_transitions(
output_table	case.toml:output_chunk_list:http2-hpack-continuation-partial-eviction	94856251775e9ca4f8dae9ee588aa9fdde31e8dc479b28844689d7f201192b04	d5418e062cec915a0af7fa69f8ea17cbedb2bacd566283b2be19216a87d6c4e1	crates/veln-stdlib/veln/http2/hpack_test.veln#test header_block_decoder_preserves_order_octets_and_dynamic_transitions(
output_table	case.toml:output_chunk_list:http2-hpack-literal-indexed-path-target	1dbdfb9dc7ef36d9cfe114798cca40b8fdefa16e92c5c2a085e41bb96d274cde	d5418e062cec915a0af7fa69f8ea17cbedb2bacd566283b2be19216a87d6c4e1	crates/veln-stdlib/veln/http2/hpack_test.veln#test header_block_decoder_preserves_order_octets_and_dynamic_transitions(
output_table	case.toml:output_chunk_list:http2-hpack-dynamic-indexed-path-target	4996df6c2c26e175da39429e27c895a985d0613e9c6d65344b122a248f728f21	d5418e062cec915a0af7fa69f8ea17cbedb2bacd566283b2be19216a87d6c4e1	crates/veln-stdlib/veln/http2/hpack_test.veln#test header_block_decoder_preserves_order_octets_and_dynamic_transitions(
output_table	case.toml:output_chunk_list:http2-hpack-literal-indexed-method-put	0ebaf29ed2a13e4f3e72f9d2cff9b5c94c30b5caf7d93b62a59b2b56f99d9aa2	d5418e062cec915a0af7fa69f8ea17cbedb2bacd566283b2be19216a87d6c4e1	crates/veln-stdlib/veln/http2/hpack_test.veln#test header_block_decoder_preserves_order_octets_and_dynamic_transitions(
output_table	case.toml:output_chunk_list:http2-hpack-dynamic-indexed-older-path	43bcce0530f4863e274bf6c9030d7ca2fec4e5382893a1cff7d71205a863b230	d5418e062cec915a0af7fa69f8ea17cbedb2bacd566283b2be19216a87d6c4e1	crates/veln-stdlib/veln/http2/hpack_test.veln#test header_block_decoder_preserves_order_octets_and_dynamic_transitions(
output_table	case.toml:output_chunk_list:http2-hpack-dynamic-table-size-eviction	54b28d87e2a99ebc8efc158640d7131169f8de89c89fb1053a566fd6bd0006c4	d5418e062cec915a0af7fa69f8ea17cbedb2bacd566283b2be19216a87d6c4e1	crates/veln-stdlib/veln/http2/hpack_test.veln#test header_block_decoder_preserves_order_octets_and_dynamic_transitions(
output_table	case.toml:output_chunk_list:http2-hpack-stateful-after-missing-literal-indexed-path-target	46389679356a24d570a3f81355c7e7fc3112ec00b15b8391755967f12cd24cfe	d5418e062cec915a0af7fa69f8ea17cbedb2bacd566283b2be19216a87d6c4e1	crates/veln-stdlib/veln/http2/hpack_test.veln#test header_block_decoder_preserves_order_octets_and_dynamic_transitions(
output_table	case.toml:output_chunk_list:http2-hpack-stateful-after-missing-dynamic-indexed-path-target	3d785cdd8880a12d168f6c02ccbe4deee02920b86f7c3c75bbef0dc095ed03fe	d5418e062cec915a0af7fa69f8ea17cbedb2bacd566283b2be19216a87d6c4e1	crates/veln-stdlib/veln/http2/hpack_test.veln#test header_block_decoder_preserves_order_octets_and_dynamic_transitions(
output_table	case.toml:output_chunk_list:http2-hpack-stateful-dynamic-name-huffman-indexed-path-test	fe7069a6340d34585e9d5248e70573652b59c3a723da18afbe01f630b96f522d	d5418e062cec915a0af7fa69f8ea17cbedb2bacd566283b2be19216a87d6c4e1	crates/veln-stdlib/veln/http2/hpack_test.veln#test header_block_decoder_preserves_order_octets_and_dynamic_transitions(
output_table	case.toml:output_chunk_list:http2-hpack-stateful-dynamic-name-huffman-indexed-path-test-reuse	28832cf1581d60d02af8b9a958d14e66cf8c06185c5266c16d881d969c366f79	d5418e062cec915a0af7fa69f8ea17cbedb2bacd566283b2be19216a87d6c4e1	crates/veln-stdlib/veln/http2/hpack_test.veln#test header_block_decoder_preserves_order_octets_and_dynamic_transitions(
output_table	case.toml:output_chunk_list:http2-hpack-stateful-dynamic-name-huffman-continuation	5cad70d1eed5dcc0489d7beb093886df65ffe59b34f8f39090947e0a9da2fe8b	d5418e062cec915a0af7fa69f8ea17cbedb2bacd566283b2be19216a87d6c4e1	crates/veln-stdlib/veln/http2/hpack_test.veln#test header_block_decoder_preserves_order_octets_and_dynamic_transitions(
output_table	case.toml:output_chunk_list:http2-hpack-stateful-dynamic-name-huffman-continuation-reuse	307485710d8086b06ffa036b991ef8d03e4368a4196338090d8e648e904631fb	d5418e062cec915a0af7fa69f8ea17cbedb2bacd566283b2be19216a87d6c4e1	crates/veln-stdlib/veln/http2/hpack_test.veln#test header_block_decoder_preserves_order_octets_and_dynamic_transitions(
output_table	case.toml:output_chunk_list:http2-hpack-stateful-literal-indexed-ordinary-x-trace	61cf738a71f760c0a878cf6572991ba81ec3e1ffb9eb0211c8a4ddfdd6e303b2	d5418e062cec915a0af7fa69f8ea17cbedb2bacd566283b2be19216a87d6c4e1	crates/veln-stdlib/veln/http2/hpack_test.veln#test header_block_decoder_preserves_order_octets_and_dynamic_transitions(
output_table	case.toml:output_chunk_list:http2-hpack-stateful-dynamic-indexed-ordinary-x-trace	7cc00d6dedfa73e5de07b63b4efdc81ded27a3ff4055fb21722dc198c1b9420b	d5418e062cec915a0af7fa69f8ea17cbedb2bacd566283b2be19216a87d6c4e1	crates/veln-stdlib/veln/http2/hpack_test.veln#test header_block_decoder_preserves_order_octets_and_dynamic_transitions(
output_table	case.toml:output_chunk_list:http2-hpack-stateful-literal-indexed-ordinary-continuation	6be299a13940783349c898e1395cb423d0df62f8ab014d690f77a5081c4afeb0	d5418e062cec915a0af7fa69f8ea17cbedb2bacd566283b2be19216a87d6c4e1	crates/veln-stdlib/veln/http2/hpack_test.veln#test header_block_decoder_preserves_order_octets_and_dynamic_transitions(
output_table	case.toml:output_chunk_list:http2-hpack-stateful-dynamic-indexed-ordinary-continuation	67b88fb031dc19e1677a1de6cd1e527bb35729e997ba8e4cd8b8d09922afc214	d5418e062cec915a0af7fa69f8ea17cbedb2bacd566283b2be19216a87d6c4e1	crates/veln-stdlib/veln/http2/hpack_test.veln#test header_block_decoder_preserves_order_octets_and_dynamic_transitions(
output_table	case.toml:output_chunk_list:http2-hpack-raw-name-never-indexed-ordinary-x-never	2b3ebf7caf7f9e404880189a208373b22c61167af04538e9383b66794d3b3430	d5418e062cec915a0af7fa69f8ea17cbedb2bacd566283b2be19216a87d6c4e1	crates/veln-stdlib/veln/http2/hpack_test.veln#test header_block_decoder_preserves_order_octets_and_dynamic_transitions(
output_table	case.toml:output_chunk_list:http2-hpack-stateful-ordinary-table-size-eviction	c9ff801af131e51a604a5a6124ec34db74bca9c23f6b5d0a1065931eec0ad39a	d5418e062cec915a0af7fa69f8ea17cbedb2bacd566283b2be19216a87d6c4e1	crates/veln-stdlib/veln/http2/hpack_test.veln#test header_block_decoder_preserves_order_octets_and_dynamic_transitions(
output_table	case.toml:output_chunk_list:http2-hpack-table-size-update	de11834a2f98a7a0dd30a38f646e86a0a9b8272d488e66a5270feb0ba6e150df	d5418e062cec915a0af7fa69f8ea17cbedb2bacd566283b2be19216a87d6c4e1	crates/veln-stdlib/veln/http2/hpack_test.veln#test header_block_decoder_preserves_order_octets_and_dynamic_transitions(
output_table	case.toml:output_chunk_list:http2-hpack-after-table-size-update	55466c3917c3a56f843d1e1e4dac10452b72350b8a466ec3389bcbe1baf0adcd	d5418e062cec915a0af7fa69f8ea17cbedb2bacd566283b2be19216a87d6c4e1	crates/veln-stdlib/veln/http2/hpack_test.veln#test header_block_decoder_preserves_order_octets_and_dynamic_transitions(
output_table	case.toml:output_chunk_list:http2-hpack-table-size-continuation	7606d719e90385e6c96c860e9d166f4b96fca1b9e604294099ea909457cd3e57	d5418e062cec915a0af7fa69f8ea17cbedb2bacd566283b2be19216a87d6c4e1	crates/veln-stdlib/veln/http2/hpack_test.veln#test header_block_decoder_preserves_order_octets_and_dynamic_transitions(
output_table	case.toml:output_chunk_list:http2-hpack-table-size-update-31	f290aa692bf8c367dd7726efb3438d8766d71b19aa01a71fd9c92506358c3ac7	d5418e062cec915a0af7fa69f8ea17cbedb2bacd566283b2be19216a87d6c4e1	crates/veln-stdlib/veln/http2/hpack_test.veln#test header_block_decoder_preserves_order_octets_and_dynamic_transitions(
output_table	case.toml:output_chunk_list:http2-hpack-table-size-continuation-31	7c7a8aa976b2003c7ecdabf80f89269306f6a1554b39d5481abef2951ffd31ca	d5418e062cec915a0af7fa69f8ea17cbedb2bacd566283b2be19216a87d6c4e1	crates/veln-stdlib/veln/http2/hpack_test.veln#test header_block_decoder_preserves_order_octets_and_dynamic_transitions(
output_table	case.toml:output_chunk_list:http2-hpack-table-size-update-32	215dbf0c4989dea9ce9b778359a5cf2f865b3877a73060846d9d448df6dc4ea3	d5418e062cec915a0af7fa69f8ea17cbedb2bacd566283b2be19216a87d6c4e1	crates/veln-stdlib/veln/http2/hpack_test.veln#test header_block_decoder_preserves_order_octets_and_dynamic_transitions(
output_table	case.toml:output_chunk_list:http2-hpack-table-size-continuation-32	6959018c96b0659aff782498adb5aa8cd3d02a89e596357cb90ea71ddbc02f15	d5418e062cec915a0af7fa69f8ea17cbedb2bacd566283b2be19216a87d6c4e1	crates/veln-stdlib/veln/http2/hpack_test.veln#test header_block_decoder_preserves_order_octets_and_dynamic_transitions(
output_table	case.toml:output_chunk_list:http2-hpack-table-size-update-160	f980a1fb5360ee52ea7ddecaa57f435211464daedc9fb297ecda82bf423950d6	d5418e062cec915a0af7fa69f8ea17cbedb2bacd566283b2be19216a87d6c4e1	crates/veln-stdlib/veln/http2/hpack_test.veln#test header_block_decoder_preserves_order_octets_and_dynamic_transitions(
output_table	case.toml:output_chunk_list:http2-peer-header-table-size-lower-inbound-receive-limit	57caac53baf4b64eecaac3089510e054fe49efa1f9418e68278a274726ab501d	c9cdc2a6ac32b5b594efce5d43c3e1ce111e2526f8c76208d94dbb009754e7da	crates/veln-stdlib/veln/http2/core_test.veln#test outbound_request_headers_send_emits_hpack_bytes_and_creates_stream(
output_table	case.toml:output_chunk_list:http2-hpack-table-size-continuation-160	02359954acb345ce7008d887763b700008b8d6e7d188101b626ae5b644bcd156	d5418e062cec915a0af7fa69f8ea17cbedb2bacd566283b2be19216a87d6c4e1	crates/veln-stdlib/veln/http2/hpack_test.veln#test header_block_decoder_preserves_order_octets_and_dynamic_transitions(
output_table	case.toml:output_chunk_list:http2-hpack-table-size-update-general	fc019682622a5487975e81c3f7bf96a5de09372fedb0302f98b3cc74590534ee	d5418e062cec915a0af7fa69f8ea17cbedb2bacd566283b2be19216a87d6c4e1	crates/veln-stdlib/veln/http2/hpack_test.veln#test header_block_decoder_preserves_order_octets_and_dynamic_transitions(
output_table	case.toml:output_chunk_list:http2-hpack-table-size-continuation-general	128ff3a7e1b4ecbb3f844aebfcfde715fd941b9e5b9acbb335f6e30df22fd91b	d5418e062cec915a0af7fa69f8ea17cbedb2bacd566283b2be19216a87d6c4e1	crates/veln-stdlib/veln/http2/hpack_test.veln#test header_block_decoder_preserves_order_octets_and_dynamic_transitions(
output_table	case.toml:output_chunk_list:http2-hpack-static-indexed-scheme-http	8580bbeb79467c31723dac3e332fcf0462758732b32275e94faef66a571767a6	d5418e062cec915a0af7fa69f8ea17cbedb2bacd566283b2be19216a87d6c4e1	crates/veln-stdlib/veln/http2/hpack_test.veln#test header_block_decoder_preserves_order_octets_and_dynamic_transitions(
output_table	case.toml:output_chunk_list:http2-hpack-static-indexed-scheme-https	4c4eff149b747e7076810a992cd7b6c8eaa998c9e05ed220ce821e98e821f218	d5418e062cec915a0af7fa69f8ea17cbedb2bacd566283b2be19216a87d6c4e1	crates/veln-stdlib/veln/http2/hpack_test.veln#test header_block_decoder_preserves_order_octets_and_dynamic_transitions(
output_table	case.toml:output_chunk_list:http2-hpack-static-indexed-status-200	3c67185695ef3575ed08ec0b08a764ca8626c32a2920701861e23569fb809a2b	d5418e062cec915a0af7fa69f8ea17cbedb2bacd566283b2be19216a87d6c4e1	crates/veln-stdlib/veln/http2/hpack_test.veln#test header_block_decoder_preserves_order_octets_and_dynamic_transitions(
output_table	case.toml:output_chunk_list:http2-hpack-static-indexed-status-404	d29f197cc53a6948a533b1176b6aab68a06c3439ae1ca7f3439dbde48a2f487a	d5418e062cec915a0af7fa69f8ea17cbedb2bacd566283b2be19216a87d6c4e1	crates/veln-stdlib/veln/http2/hpack_test.veln#test header_block_decoder_preserves_order_octets_and_dynamic_transitions(
output_table	case.toml:output_chunk_list:http2-hpack-static-request-headers	a5c6391389d7cb0de4303bc40b8e71b18f7030c4f0e793113d59085245ac57ee	d5418e062cec915a0af7fa69f8ea17cbedb2bacd566283b2be19216a87d6c4e1	crates/veln-stdlib/veln/http2/hpack_test.veln#test header_block_decoder_preserves_order_octets_and_dynamic_transitions(
output_table	case.toml:output_chunk_list:http2-hpack-static-request-scheme-https	f359614142f420125a6eb85c5455015b1830c7de80373791b7408760cf6cc0f0	d5418e062cec915a0af7fa69f8ea17cbedb2bacd566283b2be19216a87d6c4e1	crates/veln-stdlib/veln/http2/hpack_test.veln#test header_block_decoder_preserves_order_octets_and_dynamic_transitions(
output_table	case.toml:output_chunk_list:http2-hpack-static-request-scheme-https-huffman	580a13e6a06963c199550709c1a328b92e55ffc9aee351abc70fdd8d0925e495	d5418e062cec915a0af7fa69f8ea17cbedb2bacd566283b2be19216a87d6c4e1	crates/veln-stdlib/veln/http2/hpack_test.veln#test header_block_decoder_preserves_order_octets_and_dynamic_transitions(
output_table	case.toml:output_chunk_list:http2-hpack-static-request-scheme-https-huffman-continuation	55351f2d19acbf809a01942cd8ca6b631406feea7dc9ee95773e9105bde3646a	d5418e062cec915a0af7fa69f8ea17cbedb2bacd566283b2be19216a87d6c4e1	crates/veln-stdlib/veln/http2/hpack_test.veln#test header_block_decoder_preserves_order_octets_and_dynamic_transitions(
output_table	case.toml:output_chunk_list:http2-hpack-static-request-continuation	3b5d14df59800405d34ba81f017bcb21074c13427b687d26b7e2a576638ccf47	d5418e062cec915a0af7fa69f8ea17cbedb2bacd566283b2be19216a87d6c4e1	crates/veln-stdlib/veln/http2/hpack_test.veln#test header_block_decoder_preserves_order_octets_and_dynamic_transitions(
output_table	case.toml:output_chunk_list:http2-hpack-static-response-headers	f5e37ff05d0418b93f08d8bc849a9abf7a0e83eac4d9bb183c02f9d43cc65bc9	d5418e062cec915a0af7fa69f8ea17cbedb2bacd566283b2be19216a87d6c4e1	crates/veln-stdlib/veln/http2/hpack_test.veln#test header_block_decoder_preserves_order_octets_and_dynamic_transitions(
output_table	case.toml:output_chunk_list:http2-hpack-static-response-cache-control	aa777c4abb8d0ed2bec6af9b7c4a1a4f7db185503c66b744a6dec36ff440a72f	d5418e062cec915a0af7fa69f8ea17cbedb2bacd566283b2be19216a87d6c4e1	crates/veln-stdlib/veln/http2/hpack_test.veln#test header_block_decoder_preserves_order_octets_and_dynamic_transitions(
output_table	case.toml:output_chunk_list:http2-hpack-static-response-content-type	a1da1792fbfa5cf086a80712269d38f93ee123bfd54b2053bef0c03ea7bdce9f	d5418e062cec915a0af7fa69f8ea17cbedb2bacd566283b2be19216a87d6c4e1	crates/veln-stdlib/veln/http2/hpack_test.veln#test header_block_decoder_preserves_order_octets_and_dynamic_transitions(
output_table	case.toml:output_chunk_list:http2-hpack-static-response-cache-control-continuation	7dfb97ae193763d8bf36001ea98fe0590bce7b794556382c7f2f0b02cb5d3f33	d5418e062cec915a0af7fa69f8ea17cbedb2bacd566283b2be19216a87d6c4e1	crates/veln-stdlib/veln/http2/hpack_test.veln#test header_block_decoder_preserves_order_octets_and_dynamic_transitions(
output_table	case.toml:output_chunk_list:http2-hpack-static-response-content-type-continuation	829a752ec34274063dbb25a68aa064f3b482befe65d3de19ba72d7028b611ecb	d5418e062cec915a0af7fa69f8ea17cbedb2bacd566283b2be19216a87d6c4e1	crates/veln-stdlib/veln/http2/hpack_test.veln#test header_block_decoder_preserves_order_octets_and_dynamic_transitions(
output_table	case.toml:output_chunk_list:http2-hpack-static-literal-response-headers	3208e324645568ec2e21d6d2b07bec8aeec4d56840fb32e80943db37b395799c	d5418e062cec915a0af7fa69f8ea17cbedb2bacd566283b2be19216a87d6c4e1	crates/veln-stdlib/veln/http2/hpack_test.veln#test header_block_decoder_preserves_order_octets_and_dynamic_transitions(
output_table	case.toml:output_chunk_list:http2-hpack-static-response-content-length	dda311583a16351920a5c8dc2da1ef13c6636d4f5ae73074e726aee03fc34757	d5418e062cec915a0af7fa69f8ea17cbedb2bacd566283b2be19216a87d6c4e1	crates/veln-stdlib/veln/http2/hpack_test.veln#test header_block_decoder_preserves_order_octets_and_dynamic_transitions(
output_table	case.toml:output_chunk_list:http2-hpack-static-response-content-length-indexed	1bd4491a5e92486d650e6290ea0a605d83ea4e44e390000c46561b74c1dee6c9	d5418e062cec915a0af7fa69f8ea17cbedb2bacd566283b2be19216a87d6c4e1	crates/veln-stdlib/veln/http2/hpack_test.veln#test header_block_decoder_preserves_order_octets_and_dynamic_transitions(
output_table	case.toml:output_chunk_list:http2-hpack-static-response-content-length-never-indexed	01045065d925cbd28bd55cd0f0a8f31245d6ebdcdfcdf4233a45e4be3652c76a	d5418e062cec915a0af7fa69f8ea17cbedb2bacd566283b2be19216a87d6c4e1	crates/veln-stdlib/veln/http2/hpack_test.veln#test header_block_decoder_preserves_order_octets_and_dynamic_transitions(
output_table	case.toml:output_chunk_list:http2-hpack-static-request-content-length	b59c59064a000100f9e8453aa19e498edd36288b7cb2b9b5cf99ababd30c28ca	d5418e062cec915a0af7fa69f8ea17cbedb2bacd566283b2be19216a87d6c4e1	crates/veln-stdlib/veln/http2/hpack_test.veln#test header_block_decoder_preserves_order_octets_and_dynamic_transitions(
output_table	case.toml:output_chunk_list:http2-hpack-static-request-content-length-decimal	9675ccf94e42264a8647c5fa66e7b6570b0a83cb9b5e0f27c77029212226f2fc	d5418e062cec915a0af7fa69f8ea17cbedb2bacd566283b2be19216a87d6c4e1	crates/veln-stdlib/veln/http2/hpack_test.veln#test header_block_decoder_preserves_order_octets_and_dynamic_transitions(
output_table	case.toml:output_chunk_list:http2-hpack-static-request-content-length-indexed	bba98a686e5c217d7a233c768366ea7749af97f8c9254f306f01be187aeb615f	d5418e062cec915a0af7fa69f8ea17cbedb2bacd566283b2be19216a87d6c4e1	crates/veln-stdlib/veln/http2/hpack_test.veln#test header_block_decoder_preserves_order_octets_and_dynamic_transitions(
output_table	case.toml:output_chunk_list:http2-hpack-static-request-content-length-never-indexed	4a8f0b81586e547f1a23d1367f9c8da13cf8340aeeda40c98e008e3928dce556	d5418e062cec915a0af7fa69f8ea17cbedb2bacd566283b2be19216a87d6c4e1	crates/veln-stdlib/veln/http2/hpack_test.veln#test header_block_decoder_preserves_order_octets_and_dynamic_transitions(
output_table	case.toml:output_chunk_list:http2-half-closed-local-padded-content	eb64e404791d199ea62a755665e5accc41b418e70b51fb9e815dda90c612e2c6	828fd5354b878d0f8400b13fce70511aa6096a289f4c142e2ff508fb089eb0c6	crates/veln-stdlib/veln/http2/core_test.veln#test outbound_data_send_emits_exact_bytes_and_updates_stream_state(
output_table	case.toml:output_chunk_list:http2-data	0d6b74ca3ba8b1c71098992b5b2ce5a341c3c118c8b194cf7200b4b07db91371	828fd5354b878d0f8400b13fce70511aa6096a289f4c142e2ff508fb089eb0c6	crates/veln-stdlib/veln/http2/core_test.veln#test outbound_data_send_emits_exact_bytes_and_updates_stream_state(
output_table	case.toml:output_chunk_list:http2-content-length-data-first	1ae611b5cb77306bc3e8716dba456ded94ae8f3c190b0acf37b43d24556beb03	828fd5354b878d0f8400b13fce70511aa6096a289f4c142e2ff508fb089eb0c6	crates/veln-stdlib/veln/http2/core_test.veln#test outbound_data_send_emits_exact_bytes_and_updates_stream_state(
output_table	case.toml:output_chunk_list:http2-content-length-data-exact	92b73d506bf9a9929d7474b7a789b48842801ee90d2a7540a68741d2d6b9b38d	828fd5354b878d0f8400b13fce70511aa6096a289f4c142e2ff508fb089eb0c6	crates/veln-stdlib/veln/http2/core_test.veln#test outbound_data_send_emits_exact_bytes_and_updates_stream_state(
output_table	case.toml:output_chunk_list:http2-content-length-padded	88d681686ab55255f0a1f1a24d099a5934eff3620c53a149befadf6349b5f1af	828fd5354b878d0f8400b13fce70511aa6096a289f4c142e2ff508fb089eb0c6	crates/veln-stdlib/veln/http2/core_test.veln#test outbound_data_send_emits_exact_bytes_and_updates_stream_state(
output_table	case.toml:output_chunk_list:http2-content-length-over	32a45dc2c205702ffcfa956c7235b23d3c94d7b45fc35f7f2a46fc65a9708c55	828fd5354b878d0f8400b13fce70511aa6096a289f4c142e2ff508fb089eb0c6	crates/veln-stdlib/veln/http2/core_test.veln#test outbound_data_send_emits_exact_bytes_and_updates_stream_state(
output_table	case.toml:output_chunk_list:http2-content-length-early-end-stream	101f8930ae3f2024423736cf19e0fee031225629c920e27d46f663d6996182e8	828fd5354b878d0f8400b13fce70511aa6096a289f4c142e2ff508fb089eb0c6	crates/veln-stdlib/veln/http2/core_test.veln#test outbound_data_send_emits_exact_bytes_and_updates_stream_state(
output_table	case.toml:output_chunk_list:http2-data-connection-boundary	b9ff3d941e9e91098dab49bc9f23c8322b6835b3444a5f1f60c6892efb746383	828fd5354b878d0f8400b13fce70511aa6096a289f4c142e2ff508fb089eb0c6	crates/veln-stdlib/veln/http2/core_test.veln#test outbound_data_send_emits_exact_bytes_and_updates_stream_state(
output_table	case.toml:output_chunk_list:http2-data-stream-boundary	353b5fb4e5a85726c001ca74ed4db2f2f9f6c527b79902a80a04eadfc353477e	828fd5354b878d0f8400b13fce70511aa6096a289f4c142e2ff508fb089eb0c6	crates/veln-stdlib/veln/http2/core_test.veln#test outbound_data_send_emits_exact_bytes_and_updates_stream_state(
output_table	case.toml:output_chunk_list:http2-data-after-goaway-allowed	c218238f53a9424c84aa5c4bb1d18d40fa3cedc3bcab86e0199dc3714b6073b4	828fd5354b878d0f8400b13fce70511aa6096a289f4c142e2ff508fb089eb0c6	crates/veln-stdlib/veln/http2/core_test.veln#test outbound_data_send_emits_exact_bytes_and_updates_stream_state(
output_table	case.toml:output_chunk_list:http2-data-after-goaway-late	4b25bdc32fee662b9995cbaf841842f449ed7fc3647ad2adc8f576f57f0d7a0e	828fd5354b878d0f8400b13fce70511aa6096a289f4c142e2ff508fb089eb0c6	crates/veln-stdlib/veln/http2/core_test.veln#test outbound_data_send_emits_exact_bytes_and_updates_stream_state(
output_table	case.toml:output_chunk_list:http2-data-after-local-goaway-allowed	374bcc291eecc8c1846f3da5459e5c0caaa4244f0be5352ce6751b587968851d	828fd5354b878d0f8400b13fce70511aa6096a289f4c142e2ff508fb089eb0c6	crates/veln-stdlib/veln/http2/core_test.veln#test outbound_data_send_emits_exact_bytes_and_updates_stream_state(
output_table	case.toml:output_chunk_list:http2-data-after-local-goaway-late	8855d0ffea0cc6f7fbc2fcca1e7b0bcb871085a364eb71fcf95f98e030addc64	828fd5354b878d0f8400b13fce70511aa6096a289f4c142e2ff508fb089eb0c6	crates/veln-stdlib/veln/http2/core_test.veln#test outbound_data_send_emits_exact_bytes_and_updates_stream_state(
output_table	case.toml:output_chunk_list:http2-data-split	d91aea98da2714770b414138d8de79990743e7826baaf1455b51c8367e082c9d	828fd5354b878d0f8400b13fce70511aa6096a289f4c142e2ff508fb089eb0c6	crates/veln-stdlib/veln/http2/core_test.veln#test outbound_data_send_emits_exact_bytes_and_updates_stream_state(
output_table	case.toml:output_chunk_list:http2-data-padded	24300b7fed4e257cb60635e711dc9c5fca7e2f3df42cd0bdb86b52e91ab42f2b	828fd5354b878d0f8400b13fce70511aa6096a289f4c142e2ff508fb089eb0c6	crates/veln-stdlib/veln/http2/core_test.veln#test outbound_data_send_emits_exact_bytes_and_updates_stream_state(
output_table	case.toml:output_chunk_list:http2-data-padded-split	f1552d2321edf4e18bb84029849510f462d164e0d12b03dacc2a57ed4d4ec161	828fd5354b878d0f8400b13fce70511aa6096a289f4c142e2ff508fb089eb0c6	crates/veln-stdlib/veln/http2/core_test.veln#test outbound_data_send_emits_exact_bytes_and_updates_stream_state(
output_table	case.toml:output_chunk_list:http2-data-padded-connection-window	7798d6ad241d7de1ee368b5b99586039a4622084e5a2dfa1fc7fc85a2b42be5f	828fd5354b878d0f8400b13fce70511aa6096a289f4c142e2ff508fb089eb0c6	crates/veln-stdlib/veln/http2/core_test.veln#test outbound_data_send_emits_exact_bytes_and_updates_stream_state(
output_table	case.toml:output_chunk_list:http2-data-padded-frame-size	b6af36ded4e32fb65e1efa82a6457a0a9efb41a91a31b4efa39a096b7c959122	828fd5354b878d0f8400b13fce70511aa6096a289f4c142e2ff508fb089eb0c6	crates/veln-stdlib/veln/http2/core_test.veln#test outbound_data_send_emits_exact_bytes_and_updates_stream_state(
output_table	case.toml:output_chunk_list:http2-data-connection-zero	bc3ee32e776c1f962bf3f2e3b5c2dfa5bee6e5a7a5b7c982a731d447e586babd	828fd5354b878d0f8400b13fce70511aa6096a289f4c142e2ff508fb089eb0c6	crates/veln-stdlib/veln/http2/core_test.veln#test outbound_data_send_emits_exact_bytes_and_updates_stream_state(
output_table	case.toml:output_chunk_list:http2-data-stream-zero	f71e089229732b8b0bac86cf62e4609b163887cbd236bca3b860e7cbc5b8b5a2	828fd5354b878d0f8400b13fce70511aa6096a289f4c142e2ff508fb089eb0c6	crates/veln-stdlib/veln/http2/core_test.veln#test outbound_data_send_emits_exact_bytes_and_updates_stream_state(
output_table	case.toml:output_chunk_list:http2-data-connection-refill-before	f8b54172db3a570ca7c6f11fa834e6923ec0534c11fcd89a1a671a7877e2b66d	828fd5354b878d0f8400b13fce70511aa6096a289f4c142e2ff508fb089eb0c6	crates/veln-stdlib/veln/http2/core_test.veln#test outbound_data_send_emits_exact_bytes_and_updates_stream_state(
output_table	case.toml:output_chunk_list:http2-data-connection-refill-after	360e41f60397a32a8374694d76f93e1ca66748675b84657d26aeee25d7659813	828fd5354b878d0f8400b13fce70511aa6096a289f4c142e2ff508fb089eb0c6	crates/veln-stdlib/veln/http2/core_test.veln#test outbound_data_send_emits_exact_bytes_and_updates_stream_state(
output_table	case.toml:output_chunk_list:http2-data-stream-refill-before	1eea7eb2d5b11135362c91361446d2a9874f9853297e5b1db37ae0d2ec93dca8	828fd5354b878d0f8400b13fce70511aa6096a289f4c142e2ff508fb089eb0c6	crates/veln-stdlib/veln/http2/core_test.veln#test outbound_data_send_emits_exact_bytes_and_updates_stream_state(
output_table	case.toml:output_chunk_list:http2-data-stream-refill-after	460480ee348c660ca075ccfca0a54b1174e7106f9ff53540d0f762ec1c5171e4	828fd5354b878d0f8400b13fce70511aa6096a289f4c142e2ff508fb089eb0c6	crates/veln-stdlib/veln/http2/core_test.veln#test outbound_data_send_emits_exact_bytes_and_updates_stream_state(
output_table	case.toml:output_chunk_list:http2-data-after-local-window-update-no-refill	4ac0817ab83d8deccd3c2da544f479a7fe460b651165ce4c0438e69617f344f0	828fd5354b878d0f8400b13fce70511aa6096a289f4c142e2ff508fb089eb0c6	crates/veln-stdlib/veln/http2/core_test.veln#test outbound_data_send_emits_exact_bytes_and_updates_stream_state(
output_table	case.toml:output_chunk_list:http2-data-after-initial-window-restore	4ddf74545c0ffec770979d7bae154fcd7834603d5402402304a9fdb1e5a95c3b	828fd5354b878d0f8400b13fce70511aa6096a289f4c142e2ff508fb089eb0c6	crates/veln-stdlib/veln/http2/core_test.veln#test outbound_data_send_emits_exact_bytes_and_updates_stream_state(
output_table	case.toml:output_chunk_list:http2-peer-closed-data	af7d986d02081ee32d0446e867ee3d9bb6d0d521a0269d281c67288543c47394	828fd5354b878d0f8400b13fce70511aa6096a289f4c142e2ff508fb089eb0c6	crates/veln-stdlib/veln/http2/core_test.veln#test outbound_data_send_emits_exact_bytes_and_updates_stream_state(
output_table	case.toml:output_chunk_list:http2-peer-closed-data-end-stream	710bccb09f188f9294298679e96bac87bd3f3aaae9474757ef70fd3d05d3e4ea	828fd5354b878d0f8400b13fce70511aa6096a289f4c142e2ff508fb089eb0c6	crates/veln-stdlib/veln/http2/core_test.veln#test outbound_data_send_emits_exact_bytes_and_updates_stream_state(
output_table	case.toml:output_chunk_list:http2-data-end-stream	310214186d14e57445b3ff2e6314959ad0c084b21138c5a74ea071231c8c0325	828fd5354b878d0f8400b13fce70511aa6096a289f4c142e2ff508fb089eb0c6	crates/veln-stdlib/veln/http2/core_test.veln#test outbound_data_send_emits_exact_bytes_and_updates_stream_state(
output_table	case.toml:output_chunk_list:http2-data-padded-end-stream	4f69f127d5c5e48b3358d7348bf509e444b850991fb03190256767f91a1afa61	828fd5354b878d0f8400b13fce70511aa6096a289f4c142e2ff508fb089eb0c6	crates/veln-stdlib/veln/http2/core_test.veln#test outbound_data_send_emits_exact_bytes_and_updates_stream_state(
output_table	case.toml:output_chunk_list:http2-data-split-end-stream	ad2ed3bd8322da5439b86062237293989395c96c29a3d860097230c1ec9a291b	828fd5354b878d0f8400b13fce70511aa6096a289f4c142e2ff508fb089eb0c6	crates/veln-stdlib/veln/http2/core_test.veln#test outbound_data_send_emits_exact_bytes_and_updates_stream_state(
output_table	case.toml:output_chunk_list:http2-data-padded-content	4d8a6f82c5036e6ba974b86694144d8a688fa4ef14be1857a0afb29e3495a7ec	828fd5354b878d0f8400b13fce70511aa6096a289f4c142e2ff508fb089eb0c6	crates/veln-stdlib/veln/http2/core_test.veln#test outbound_data_send_emits_exact_bytes_and_updates_stream_state(
output_table	case.toml:output_chunk_list:preface-unknown	306bcfeeee1498dc40f50cf0d6b3153fd970d119f5dbe06e8248578ae83fdd8c	f085e6baa133463c58715773e83a0cf33793f1b823c95493d886244b7f0499dd	crates/veln-stdlib/veln/http2/core_test.veln#test receive_connection_boundary_consumes_preface_initial_settings_and_ping_chunks(
output_table	case.toml:output_chunk_list:unknown-extension	b59f65d2617b8d727e545dffaeff860691893bfc2445234a8a472e656ff6ead4	f085e6baa133463c58715773e83a0cf33793f1b823c95493d886244b7f0499dd	crates/veln-stdlib/veln/http2/core_test.veln#test receive_connection_boundary_consumes_preface_initial_settings_and_ping_chunks(
output_table	case.toml:output_chunk_list:http2-window-update-connection	282638c3f998a5b270bb5ec5e45850ac9770164b30830bd8ef6b07908779f52f	dbb50bad61e0c8e9a2f82925c5277ba80cf150a4e2ca1480b245ccb98344434c	crates/veln-stdlib/veln/http2/core_test.veln#test outbound_window_update_send_emits_exact_bytes_and_refills_receive_credit(
output_table	case.toml:output_chunk_list:http2-window-update-stream	3696c23fa1ef903c5aa75d7b1b051f96d3562aa7f30bb630f45dbf7af88d0201	dbb50bad61e0c8e9a2f82925c5277ba80cf150a4e2ca1480b245ccb98344434c	crates/veln-stdlib/veln/http2/core_test.veln#test outbound_window_update_send_emits_exact_bytes_and_refills_receive_credit(
output_table	case.toml:output_chunk_list:http2-window-update-after-goaway-allowed	e2601ffb5802a18c5041cf71cd9378ca92002d157f30c8437b54d98aae7243c2	dbb50bad61e0c8e9a2f82925c5277ba80cf150a4e2ca1480b245ccb98344434c	crates/veln-stdlib/veln/http2/core_test.veln#test outbound_window_update_send_emits_exact_bytes_and_refills_receive_credit(
output_table	case.toml:output_chunk_list:http2-window-update-after-goaway-late	f8836234ce9326803e0e8670d4f4c46e4ad02260632a7a65dc5931ae618ae051	dbb50bad61e0c8e9a2f82925c5277ba80cf150a4e2ca1480b245ccb98344434c	crates/veln-stdlib/veln/http2/core_test.veln#test outbound_window_update_send_emits_exact_bytes_and_refills_receive_credit(
output_table	case.toml:output_chunk_list:http2-window-update-connection-after-goaway	9a7ea51af73c3003a6c21fb608cbd96d92fe5d2be425b2dfa85daacc7a1733cc	dbb50bad61e0c8e9a2f82925c5277ba80cf150a4e2ca1480b245ccb98344434c	crates/veln-stdlib/veln/http2/core_test.veln#test outbound_window_update_send_emits_exact_bytes_and_refills_receive_credit(
output_table	case.toml:output_chunk_list:http2-window-update-after-local-goaway-allowed	5ae85db282d52cf6c4fe89e1dd67913fef29adb648c76c41a3eb586b4f25ba4c	dbb50bad61e0c8e9a2f82925c5277ba80cf150a4e2ca1480b245ccb98344434c	crates/veln-stdlib/veln/http2/core_test.veln#test outbound_window_update_send_emits_exact_bytes_and_refills_receive_credit(
output_table	case.toml:output_chunk_list:http2-window-update-after-local-goaway-late	6e6787039945f6ba02bcf39e59c45d2f1eb33a6db5621278bf070467c06cfc90	dbb50bad61e0c8e9a2f82925c5277ba80cf150a4e2ca1480b245ccb98344434c	crates/veln-stdlib/veln/http2/core_test.veln#test outbound_window_update_send_emits_exact_bytes_and_refills_receive_credit(
output_table	case.toml:output_chunk_list:http2-settings-ack	6d6c561105bc1174f6155a97f1d767b0f24f506cce3b300e8ae7048541cdad4c	993080db9885ad1bdd438a39a4d6cfee8fa6b65b0f3dd594da0a0dc3a7b3815e	crates/veln-stdlib/veln/http2/core_test.veln#test local_settings_send_preserves_order_policy_offsets_and_ack_fifo(
output_table	case.toml:output_chunk_list:http2-peer-settings-ack	7ec733b2399516c037acc245c4f9248b3e4bb5f5786efcef435f05aaa78c85bb	993080db9885ad1bdd438a39a4d6cfee8fa6b65b0f3dd594da0a0dc3a7b3815e	crates/veln-stdlib/veln/http2/core_test.veln#test local_settings_send_preserves_order_policy_offsets_and_ack_fifo(
output_table	case.toml:output_chunk_list:http2-peer-settings-ack-cleared	e1b58fd50e1864cb72f7b38355bb7a9d789a04ea501f05010d0d7c980ac5c967	993080db9885ad1bdd438a39a4d6cfee8fa6b65b0f3dd594da0a0dc3a7b3815e	crates/veln-stdlib/veln/http2/core_test.veln#test local_settings_send_preserves_order_policy_offsets_and_ack_fifo(
output_table	case.toml:output_chunk_list:http2-peer-settings-ack-coalesced	1634fdd3f11de1d8bf6f4205651542e6b67721d24604ee68f9c63fa9c96d0a52	993080db9885ad1bdd438a39a4d6cfee8fa6b65b0f3dd594da0a0dc3a7b3815e	crates/veln-stdlib/veln/http2/core_test.veln#test local_settings_send_preserves_order_policy_offsets_and_ack_fifo(
output_table	case.toml:output_chunk_list:http2-local-settings	22f0f77087570bf969a21fce7956af0f95609140af075b005d9d263af33f5488	993080db9885ad1bdd438a39a4d6cfee8fa6b65b0f3dd594da0a0dc3a7b3815e	crates/veln-stdlib/veln/http2/core_test.veln#test local_settings_send_preserves_order_policy_offsets_and_ack_fifo(
output_table	case.toml:output_chunk_list:http2-local-settings-queue-first	029e80a08446875776ca7eba3eb2edb89c82d3736baab9a0b23cab4ad20b16e2	993080db9885ad1bdd438a39a4d6cfee8fa6b65b0f3dd594da0a0dc3a7b3815e	crates/veln-stdlib/veln/http2/core_test.veln#test local_settings_send_preserves_order_policy_offsets_and_ack_fifo(
output_table	case.toml:output_chunk_list:http2-local-settings-queue-second	c5b3411cbab9aff15f4118096a8b3b44e1b628bd72ce3d0addd0ee19f5d4e4d4	993080db9885ad1bdd438a39a4d6cfee8fa6b65b0f3dd594da0a0dc3a7b3815e	crates/veln-stdlib/veln/http2/core_test.veln#test local_settings_send_preserves_order_policy_offsets_and_ack_fifo(
output_table	case.toml:output_chunk_list:http2-local-settings-batch	06eefdde1dc1ff302b8f98ecf919e776e6cb630fae23de306499f0f33efadcd5	993080db9885ad1bdd438a39a4d6cfee8fa6b65b0f3dd594da0a0dc3a7b3815e	crates/veln-stdlib/veln/http2/core_test.veln#test local_settings_send_preserves_order_policy_offsets_and_ack_fifo(
output_table	case.toml:output_chunk_list:http2-local-settings-batch-range	bbae4da49140a857d03785c781b15e3ac36ff5154790073a07f5d4eeec5912e9	993080db9885ad1bdd438a39a4d6cfee8fa6b65b0f3dd594da0a0dc3a7b3815e	crates/veln-stdlib/veln/http2/core_test.veln#test local_settings_send_preserves_order_policy_offsets_and_ack_fifo(
output_table	case.toml:output_chunk_list:http2-local-settings-ordered-batch	c0c343ccc0b42597cb8663504d98f193acba511ef4cfa983d5779fd40e3da6dc	993080db9885ad1bdd438a39a4d6cfee8fa6b65b0f3dd594da0a0dc3a7b3815e	crates/veln-stdlib/veln/http2/core_test.veln#test local_settings_send_preserves_order_policy_offsets_and_ack_fifo(
output_table	case.toml:output_chunk_list:http2-local-settings-ordered-batch-later	80d99bf3d068fa61e76b7df28ba40d55399ac1721491fd5913a5dd1d6fcd8a36	993080db9885ad1bdd438a39a4d6cfee8fa6b65b0f3dd594da0a0dc3a7b3815e	crates/veln-stdlib/veln/http2/core_test.veln#test local_settings_send_preserves_order_policy_offsets_and_ack_fifo(
output_table	case.toml:output_chunk_list:http2-local-settings-large-batch-range	3b4d6882ac36947f18de022876ed5c65b87e068172e9a4bbc6ca80f343ee3ecc	993080db9885ad1bdd438a39a4d6cfee8fa6b65b0f3dd594da0a0dc3a7b3815e	crates/veln-stdlib/veln/http2/core_test.veln#test local_settings_send_preserves_order_policy_offsets_and_ack_fifo(
output_table	case.toml:output_chunk_list:http2-local-settings-header-table-size-batch-range	ef01062469b3a9922a9baa2c7c26f4e7ac1868c0e1e76b35181990ea2081b79a	c9cdc2a6ac32b5b594efce5d43c3e1ce111e2526f8c76208d94dbb009754e7da	crates/veln-stdlib/veln/http2/core_test.veln#test outbound_request_headers_send_emits_hpack_bytes_and_creates_stream(
output_table	case.toml:output_chunk_list:http2-local-settings-max-concurrent-streams-batch-range	68500cf058ee8ef379840922953c1f9635b1f586059e4037a30f1fecf5fa6e59	993080db9885ad1bdd438a39a4d6cfee8fa6b65b0f3dd594da0a0dc3a7b3815e	crates/veln-stdlib/veln/http2/core_test.veln#test local_settings_send_preserves_order_policy_offsets_and_ack_fifo(
output_table	case.toml:output_chunk_list:http2-local-settings-max-header-list-size-batch-range	da2038ba08778e8fdb9a4a2d93f90c573ef4aefd772ee5bcb9b1f60bbc339787	993080db9885ad1bdd438a39a4d6cfee8fa6b65b0f3dd594da0a0dc3a7b3815e	crates/veln-stdlib/veln/http2/core_test.veln#test local_settings_send_preserves_order_policy_offsets_and_ack_fifo(
output_table	case.toml:output_chunk_list:http2-local-header-table-size-settings	bf40c5af6c89648bd2993bf0228c5e52915fbfad1178dd7d7c1f9ce3637d0517	c9cdc2a6ac32b5b594efce5d43c3e1ce111e2526f8c76208d94dbb009754e7da	crates/veln-stdlib/veln/http2/core_test.veln#test outbound_request_headers_send_emits_hpack_bytes_and_creates_stream(
output_table	case.toml:output_chunk_list:http2-local-header-table-size-settings-range	86d0ddf5a3c493468812fb6703ff84701645c7c73ae8af5a22abbd14e5751ae9	c9cdc2a6ac32b5b594efce5d43c3e1ce111e2526f8c76208d94dbb009754e7da	crates/veln-stdlib/veln/http2/core_test.veln#test outbound_request_headers_send_emits_hpack_bytes_and_creates_stream(
output_table	case.toml:output_chunk_list:http2-local-settings-max-frame-size-range	a4113e997643427f34785756d987ee74b6f6f8750c960588d4566bb35b6b09c3	993080db9885ad1bdd438a39a4d6cfee8fa6b65b0f3dd594da0a0dc3a7b3815e	crates/veln-stdlib/veln/http2/core_test.veln#test local_settings_send_preserves_order_policy_offsets_and_ack_fifo(
output_table	case.toml:output_chunk_list:http2-local-settings-batch-max-frame-size-range	c30f240f9a0f52056d4339ffe5c7d857bad151aa51e1131a7c60bc36432f0069	993080db9885ad1bdd438a39a4d6cfee8fa6b65b0f3dd594da0a0dc3a7b3815e	crates/veln-stdlib/veln/http2/core_test.veln#test local_settings_send_preserves_order_policy_offsets_and_ack_fifo(
output_table	case.toml:output_chunk_list:http2-local-initial-window-size-settings	bee32bd2491ad4c079c09c6f9b16a5d10c64872cc5b220a279c0367ddc15a6fc	993080db9885ad1bdd438a39a4d6cfee8fa6b65b0f3dd594da0a0dc3a7b3815e	crates/veln-stdlib/veln/http2/core_test.veln#test local_settings_send_preserves_order_policy_offsets_and_ack_fifo(
output_table	case.toml:output_chunk_list:http2-local-initial-window-size-settings-range	935f4fba516795da6a28cb0729913f9e8871058fa7e451a0c8c6ea0696aa778b	993080db9885ad1bdd438a39a4d6cfee8fa6b65b0f3dd594da0a0dc3a7b3815e	crates/veln-stdlib/veln/http2/core_test.veln#test local_settings_send_preserves_order_policy_offsets_and_ack_fifo(
output_table	case.toml:output_chunk_list:http2-local-max-concurrent-streams-settings	364f89312afe654e2201d69f17ceb7649cdb120d2a318c61e5d8e6c8b23121e8	993080db9885ad1bdd438a39a4d6cfee8fa6b65b0f3dd594da0a0dc3a7b3815e	crates/veln-stdlib/veln/http2/core_test.veln#test local_settings_send_preserves_order_policy_offsets_and_ack_fifo(
output_table	case.toml:output_chunk_list:http2-local-max-concurrent-streams-settings-range	acbbc495054a8ef9ff6a1e194aacd0b2da087e398bfaa6a251a09117e1ff22a3	993080db9885ad1bdd438a39a4d6cfee8fa6b65b0f3dd594da0a0dc3a7b3815e	crates/veln-stdlib/veln/http2/core_test.veln#test local_settings_send_preserves_order_policy_offsets_and_ack_fifo(
output_table	case.toml:output_chunk_list:http2-local-enable-push-settings	d5be8c59a1cd059bbbe9569ad72e9d6d40b5e06bad8cc1f488086cd4c6b38cf5	993080db9885ad1bdd438a39a4d6cfee8fa6b65b0f3dd594da0a0dc3a7b3815e	crates/veln-stdlib/veln/http2/core_test.veln#test local_settings_send_preserves_order_policy_offsets_and_ack_fifo(
output_table	case.toml:output_chunk_list:http2-local-enable-push-settings-range	838c6a1140087298e46b17ab0c18fe5c6c26945e7da1c716ca18d79fb288eff6	993080db9885ad1bdd438a39a4d6cfee8fa6b65b0f3dd594da0a0dc3a7b3815e	crates/veln-stdlib/veln/http2/core_test.veln#test local_settings_send_preserves_order_policy_offsets_and_ack_fifo(
output_table	case.toml:output_chunk_list:http2-local-header-list-size-settings	abb754e5bd36ce46cd1d0a661935f586ce95d4457a84de5771e941c37f44bdc3	993080db9885ad1bdd438a39a4d6cfee8fa6b65b0f3dd594da0a0dc3a7b3815e	crates/veln-stdlib/veln/http2/core_test.veln#test local_settings_send_preserves_order_policy_offsets_and_ack_fifo(
output_table	case.toml:output_chunk_list:http2-local-header-list-size-settings-range	a5d09145a0767193b795aa85414e00f538372a431e3c40fabecf97be4b728c11	993080db9885ad1bdd438a39a4d6cfee8fa6b65b0f3dd594da0a0dc3a7b3815e	crates/veln-stdlib/veln/http2/core_test.veln#test local_settings_send_preserves_order_policy_offsets_and_ack_fifo(
output_table	case.toml:output_chunk_list:http2-rst-stream	60340bab5f93a37a05d6f2bc343b2bf09dbde2c1b63292f98a0837e6e4fcad72	f446cd9402c3e063b90bed8de47cf10e8258deddc5e5a046281b0c4abf41b329	crates/veln-stdlib/veln/http2/core_test.veln#test outbound_rst_stream_send_emits_exact_bytes_and_resets_stream_immutably(
output_table	case.toml:output_chunk_list:http2-priority	fc1692cf0f4baf5f8735e50374de466af0b097817845882c13ba598ff222a981	a5233f2abf51b85d49fdb669322940c5049b17ff3e456e8db3e6763cd156de63	crates/veln-stdlib/veln/http2/core_test.veln#test outbound_priority_send_emits_exact_bytes_and_preserves_state(
output_table	case.toml:output_chunk_list:http2-priority-replacement-values	d3e83cbb3c8dc98f48f3edbedd2aa939493c7871b557d39e3639f1f56ba51608	a5233f2abf51b85d49fdb669322940c5049b17ff3e456e8db3e6763cd156de63	crates/veln-stdlib/veln/http2/core_test.veln#test outbound_priority_send_emits_exact_bytes_and_preserves_state(
output_table	case.toml:output_chunk_list:http2-priority-after-goaway-allowed	bb4f77432efc186675eb6c0293b3434c0c7c8c410a9fc75ff38bb1b22fd0afb7	193c37d8897fe9a7e7c8fff21bc639e0df0bbcbb83baf31bc40ca9063becb30a	crates/veln-stdlib/veln/http2/core_test.veln#test goaway_send_emits_exact_bytes_and_updates_shutdown_immutably(
output_table	case.toml:output_chunk_list:http2-priority-after-goaway-late	3f33213cac312480ae48dcbdda9325e6c2dfb77adf9ce8bd910080b2c1c865ae	193c37d8897fe9a7e7c8fff21bc639e0df0bbcbb83baf31bc40ca9063becb30a	crates/veln-stdlib/veln/http2/core_test.veln#test goaway_send_emits_exact_bytes_and_updates_shutdown_immutably(
output_table	case.toml:output_chunk_list:http2-priority-after-local-goaway-allowed	8f0416e1fc74eb5210e1aa0da5847ac4e7f0f999f8155d6f21d214a165ce6c05	193c37d8897fe9a7e7c8fff21bc639e0df0bbcbb83baf31bc40ca9063becb30a	crates/veln-stdlib/veln/http2/core_test.veln#test goaway_send_emits_exact_bytes_and_updates_shutdown_immutably(
output_table	case.toml:output_chunk_list:http2-priority-after-local-goaway-late	0bcda2de03044e22859b81cbec5e5018ac2a4b79a8a02377ab010fc2771bbef8	193c37d8897fe9a7e7c8fff21bc639e0df0bbcbb83baf31bc40ca9063becb30a	crates/veln-stdlib/veln/http2/core_test.veln#test goaway_send_emits_exact_bytes_and_updates_shutdown_immutably(
output_table	case.toml:output_chunk_list:http2-headers	b1d0244c4f6864923077e286504ad528212ee343d427cc4b703d8b4f93d9ebd9	c9cdc2a6ac32b5b594efce5d43c3e1ce111e2526f8c76208d94dbb009754e7da	crates/veln-stdlib/veln/http2/core_test.veln#test outbound_request_headers_send_emits_hpack_bytes_and_creates_stream(
output_table	case.toml:output_chunk_list:http2-headers-hpack-static-indexed	b76d9614240dab6dbffb6c13eeeb5d0a7436207fac9213023e3d270f7f29c78d	c9cdc2a6ac32b5b594efce5d43c3e1ce111e2526f8c76208d94dbb009754e7da	crates/veln-stdlib/veln/http2/core_test.veln#test outbound_request_headers_send_emits_hpack_bytes_and_creates_stream(
output_table	case.toml:output_chunk_list:http2-headers-hpack-static-indexed-path-root	c8951be9005af07f0b387da2485cc3c7ba40f24e5a6e6bdcdf94ecbc91a8721c	c9cdc2a6ac32b5b594efce5d43c3e1ce111e2526f8c76208d94dbb009754e7da	crates/veln-stdlib/veln/http2/core_test.veln#test outbound_request_headers_send_emits_hpack_bytes_and_creates_stream(
output_table	case.toml:output_chunk_list:http2-headers-hpack-static-indexed-scheme-https	292b052afe189030f448d377085eaf3af6baf5091e82ecfbd2169614d5979b5c	c9cdc2a6ac32b5b594efce5d43c3e1ce111e2526f8c76208d94dbb009754e7da	crates/veln-stdlib/veln/http2/core_test.veln#test outbound_request_headers_send_emits_hpack_bytes_and_creates_stream(
output_table	case.toml:output_chunk_list:http2-headers-hpack-static-indexed-status-200	be1dd660913fd7c422cab8f21810f97fdccdd47609375dc74fc1e0b905edc35d	c9cdc2a6ac32b5b594efce5d43c3e1ce111e2526f8c76208d94dbb009754e7da	crates/veln-stdlib/veln/http2/core_test.veln#test outbound_request_headers_send_emits_hpack_bytes_and_creates_stream(
output_table	case.toml:output_chunk_list:http2-headers-hpack-static-indexed-accept-encoding	069cfe2da84e095a6eca3ec923ed36096a1516024812788c02fc37570e1fba36	c9cdc2a6ac32b5b594efce5d43c3e1ce111e2526f8c76208d94dbb009754e7da	crates/veln-stdlib/veln/http2/core_test.veln#test outbound_request_headers_send_emits_hpack_bytes_and_creates_stream(
output_table	case.toml:output_chunk_list:http2-headers-hpack-literal-continuation	10b7a58c8e5e470a11e6a23292c9e2b2a4754e4086f58c99ba756191290f1861	c9cdc2a6ac32b5b594efce5d43c3e1ce111e2526f8c76208d94dbb009754e7da	crates/veln-stdlib/veln/http2/core_test.veln#test outbound_request_headers_send_emits_hpack_bytes_and_creates_stream(
output_table	case.toml:output_chunk_list:http2-headers-hpack-visible-ascii-literal	5cafd8c45a37743c544177471f24cc94161e42203bad496c2d581e62b856a6bf	c9cdc2a6ac32b5b594efce5d43c3e1ce111e2526f8c76208d94dbb009754e7da	crates/veln-stdlib/veln/http2/core_test.veln#test outbound_request_headers_send_emits_hpack_bytes_and_creates_stream(
output_table	case.toml:output_chunk_list:http2-headers-hpack-stateful-literal-indexed-ordinary	5416d647f37f63527988a9127aeb05e3da18431c9c8088c95c7e202c32406456	c9cdc2a6ac32b5b594efce5d43c3e1ce111e2526f8c76208d94dbb009754e7da	crates/veln-stdlib/veln/http2/core_test.veln#test outbound_request_headers_send_emits_hpack_bytes_and_creates_stream(
output_table	case.toml:output_chunk_list:http2-headers-hpack-stateful-dynamic-indexed-ordinary	d19fa4dac74b1acb8d5f2788940cdfcb2626cac1f39e190c3fcd9a23f4ff8fc6	c9cdc2a6ac32b5b594efce5d43c3e1ce111e2526f8c76208d94dbb009754e7da	crates/veln-stdlib/veln/http2/core_test.veln#test outbound_request_headers_send_emits_hpack_bytes_and_creates_stream(
output_table	case.toml:output_chunk_list:http2-headers-hpack-stateful-literal-continuation	46cce7172e36f98e12081e3d191eabdb04473e8fd281a3fe1bc5d5a7420797f6	c9cdc2a6ac32b5b594efce5d43c3e1ce111e2526f8c76208d94dbb009754e7da	crates/veln-stdlib/veln/http2/core_test.veln#test outbound_request_headers_send_emits_hpack_bytes_and_creates_stream(
output_table	case.toml:output_chunk_list:http2-headers-hpack-stateful-dynamic-indexed	bc26f74a917947c0071b39767ac89abc97350f412454d6a008d176d93b6fb1ab	c9cdc2a6ac32b5b594efce5d43c3e1ce111e2526f8c76208d94dbb009754e7da	crates/veln-stdlib/veln/http2/core_test.veln#test outbound_request_headers_send_emits_hpack_bytes_and_creates_stream(
output_table	case.toml:output_chunk_list:http2-headers-hpack-stateful-literal-never-indexed	881196abc1da56847ac06ac96a7419ea3c93569e63fa0988df484142e7435a47	c9cdc2a6ac32b5b594efce5d43c3e1ce111e2526f8c76208d94dbb009754e7da	crates/veln-stdlib/veln/http2/core_test.veln#test outbound_request_headers_send_emits_hpack_bytes_and_creates_stream(
output_table	case.toml:output_chunk_list:http2-headers-hpack-stateful-retained-after-never-indexed	4b043f32acbf3b67db1f8866c2013ba27c76e6a298948ec6f065ad7c7997a562	c9cdc2a6ac32b5b594efce5d43c3e1ce111e2526f8c76208d94dbb009754e7da	crates/veln-stdlib/veln/http2/core_test.veln#test outbound_request_headers_send_emits_hpack_bytes_and_creates_stream(
output_table	case.toml:output_chunk_list:http2-headers-hpack-stateful-dynamic-name-never-indexed	547e9286151ba5b3439635851f63e1b2b82849f524224cf69314e9aefe419e79	c9cdc2a6ac32b5b594efce5d43c3e1ce111e2526f8c76208d94dbb009754e7da	crates/veln-stdlib/veln/http2/core_test.veln#test outbound_request_headers_send_emits_hpack_bytes_and_creates_stream(
output_table	case.toml:output_chunk_list:http2-headers-hpack-stateful-dynamic-name-never-indexed-retained	b98175732ead893c90cec4996ff77df8d0eb5e702beca49915b2f666017cdecb	c9cdc2a6ac32b5b594efce5d43c3e1ce111e2526f8c76208d94dbb009754e7da	crates/veln-stdlib/veln/http2/core_test.veln#test outbound_request_headers_send_emits_hpack_bytes_and_creates_stream(
output_table	case.toml:output_chunk_list:http2-headers-hpack-dynamic-name-huffman-without-indexing	fd6d85c4a88fd97582d5afac2401921b19027f880889031495711672280a75e6	c9cdc2a6ac32b5b594efce5d43c3e1ce111e2526f8c76208d94dbb009754e7da	crates/veln-stdlib/veln/http2/core_test.veln#test outbound_request_headers_send_emits_hpack_bytes_and_creates_stream(
output_table	case.toml:output_chunk_list:http2-headers-hpack-dynamic-name-huffman-never-indexed	04816df17b3a1ab8685a01b9664df1d024b0f7d551608038e83c71e2f96f15d6	c9cdc2a6ac32b5b594efce5d43c3e1ce111e2526f8c76208d94dbb009754e7da	crates/veln-stdlib/veln/http2/core_test.veln#test outbound_request_headers_send_emits_hpack_bytes_and_creates_stream(
output_table	case.toml:output_chunk_list:http2-headers-hpack-dynamic-name-huffman-indexed	a94c956685b35c14e6a81b8a94a76a0c00a627bc7588733de3125f0d06596b14	c9cdc2a6ac32b5b594efce5d43c3e1ce111e2526f8c76208d94dbb009754e7da	crates/veln-stdlib/veln/http2/core_test.veln#test outbound_request_headers_send_emits_hpack_bytes_and_creates_stream(
output_table	case.toml:output_chunk_list:http2-headers-hpack-dynamic-name-huffman-indexed-reuse	f3279c006214c61653f5428b7a147cb46f1d21dc35a885d4af4673fa776b7f37	c9cdc2a6ac32b5b594efce5d43c3e1ce111e2526f8c76208d94dbb009754e7da	crates/veln-stdlib/veln/http2/core_test.veln#test outbound_request_headers_send_emits_hpack_bytes_and_creates_stream(
output_table	case.toml:output_chunk_list:http2-headers-hpack-huffman-name-indexed	f3f0079c5da8ebbd569e04c526d087a865062ebc025965e2e23cd9c87173a575	c9cdc2a6ac32b5b594efce5d43c3e1ce111e2526f8c76208d94dbb009754e7da	crates/veln-stdlib/veln/http2/core_test.veln#test outbound_request_headers_send_emits_hpack_bytes_and_creates_stream(
output_table	case.toml:output_chunk_list:http2-headers-hpack-huffman-name-indexed-reuse	8ba99c728d8370ea631294035297abb937668a00f9f214928a98803c0f9455f9	c9cdc2a6ac32b5b594efce5d43c3e1ce111e2526f8c76208d94dbb009754e7da	crates/veln-stdlib/veln/http2/core_test.veln#test outbound_request_headers_send_emits_hpack_bytes_and_creates_stream(
output_table	case.toml:output_chunk_list:http2-headers-hpack-selected-seed	57fe1d652c384b6122e06d34f7c54a1523ca9f69269612d9bcf9b7590fc2c9fa	c9cdc2a6ac32b5b594efce5d43c3e1ce111e2526f8c76208d94dbb009754e7da	crates/veln-stdlib/veln/http2/core_test.veln#test outbound_request_headers_send_emits_hpack_bytes_and_creates_stream(
output_table	case.toml:output_chunk_list:http2-headers-hpack-selected-carried	ed601308cf8429e3d883e89020ea65f2b5448f48957d972ba84307eea2105673	c9cdc2a6ac32b5b594efce5d43c3e1ce111e2526f8c76208d94dbb009754e7da	crates/veln-stdlib/veln/http2/core_test.veln#test outbound_request_headers_send_emits_hpack_bytes_and_creates_stream(
output_table	case.toml:output_chunk_list:http2-headers-hpack-table-size-update	1e9dde76b4006e44b0f967986a1682c8bddbf754ec32b43e77bda723b8b9e408	c9cdc2a6ac32b5b594efce5d43c3e1ce111e2526f8c76208d94dbb009754e7da	crates/veln-stdlib/veln/http2/core_test.veln#test outbound_request_headers_send_emits_hpack_bytes_and_creates_stream(
output_table	case.toml:output_chunk_list:http2-headers-hpack-after-table-size-update	d5e1bb2d5e65d2eca73d4fa82b84a78d411e757c663a829c3bd21d7543bb50aa	c9cdc2a6ac32b5b594efce5d43c3e1ce111e2526f8c76208d94dbb009754e7da	crates/veln-stdlib/veln/http2/core_test.veln#test outbound_request_headers_send_emits_hpack_bytes_and_creates_stream(
output_table	case.toml:output_chunk_list:http2-headers-hpack-table-size-update-zero	9dc3ce1e9c585c64c352ca8e44f0894ea5f3752ca019efd3a1f4fbbbb4193879	c9cdc2a6ac32b5b594efce5d43c3e1ce111e2526f8c76208d94dbb009754e7da	crates/veln-stdlib/veln/http2/core_test.veln#test outbound_request_headers_send_emits_hpack_bytes_and_creates_stream(
output_table	case.toml:output_chunk_list:http2-headers-hpack-after-table-size-update-zero-method-put	ea14369eafadb9336b6ad6cf627c6a15ab71af6cbcea5073a0b1a640bb89e7bf	c9cdc2a6ac32b5b594efce5d43c3e1ce111e2526f8c76208d94dbb009754e7da	crates/veln-stdlib/veln/http2/core_test.veln#test outbound_request_headers_send_emits_hpack_bytes_and_creates_stream(
output_table	case.toml:output_chunk_list:http2-headers-hpack-after-table-size-update-zero-method-put-again	1a9ed8869e3f63129be83a14cad9e0f561794a5180d0ca8c073a87a2d9033a24	c9cdc2a6ac32b5b594efce5d43c3e1ce111e2526f8c76208d94dbb009754e7da	crates/veln-stdlib/veln/http2/core_test.veln#test outbound_request_headers_send_emits_hpack_bytes_and_creates_stream(
output_table	case.toml:output_chunk_list:http2-headers-hpack-table-size-update-160	5582c07af61c1b60310e724a59d9c648937bcdc6a50d780070e44d6c99a600b9	c9cdc2a6ac32b5b594efce5d43c3e1ce111e2526f8c76208d94dbb009754e7da	crates/veln-stdlib/veln/http2/core_test.veln#test outbound_request_headers_send_emits_hpack_bytes_and_creates_stream(
output_table	case.toml:output_chunk_list:http2-headers-hpack-table-size-update-over-peer-limit	742afa385ceda531177c099f5a68801f9acf843af10340fc1ca1b1b8435da314	c9cdc2a6ac32b5b594efce5d43c3e1ce111e2526f8c76208d94dbb009754e7da	crates/veln-stdlib/veln/http2/core_test.veln#test outbound_request_headers_send_emits_hpack_bytes_and_creates_stream(
output_table	case.toml:output_chunk_list:http2-peer-header-table-size-lower-update-headers	699efac8aaefe5e714680253161fa7f94d788c6e879e4e8e9a19b006e27c03d6	c9cdc2a6ac32b5b594efce5d43c3e1ce111e2526f8c76208d94dbb009754e7da	crates/veln-stdlib/veln/http2/core_test.veln#test outbound_request_headers_send_emits_hpack_bytes_and_creates_stream(
output_table	case.toml:output_chunk_list:http2-peer-header-table-size-lower-after-update-headers	1f26ae59f99e4920b0293057518b2115146e4868575a1fb64f4b929e20a5a470	c9cdc2a6ac32b5b594efce5d43c3e1ce111e2526f8c76208d94dbb009754e7da	crates/veln-stdlib/veln/http2/core_test.veln#test outbound_request_headers_send_emits_hpack_bytes_and_creates_stream(
output_table	case.toml:output_chunk_list:http2-peer-header-table-size-higher-update-headers	f05913f7f82977913c0e756184ff7e27fbcdc01370aef29e0b15fcb00432928d	c9cdc2a6ac32b5b594efce5d43c3e1ce111e2526f8c76208d94dbb009754e7da	crates/veln-stdlib/veln/http2/core_test.veln#test outbound_request_headers_send_emits_hpack_bytes_and_creates_stream(
output_table	case.toml:output_chunk_list:http2-peer-header-table-size-higher-literal-headers	f09ee5bad29154fb41642a7a1d18b6438f4ac0e134ff92e9aac787c55b5b809c	c9cdc2a6ac32b5b594efce5d43c3e1ce111e2526f8c76208d94dbb009754e7da	crates/veln-stdlib/veln/http2/core_test.veln#test outbound_request_headers_send_emits_hpack_bytes_and_creates_stream(
output_table	case.toml:output_chunk_list:http2-peer-header-table-size-higher-dynamic-headers	cc3dffe2d9115bf7b0a721f1d73f95049a8dd93a93895050b12200285a996fe8	c9cdc2a6ac32b5b594efce5d43c3e1ce111e2526f8c76208d94dbb009754e7da	crates/veln-stdlib/veln/http2/core_test.veln#test outbound_request_headers_send_emits_hpack_bytes_and_creates_stream(
output_table	case.toml:output_chunk_list:http2-headers-hpack-literal-huffman	5392127d845a3b28aab25726435326e7e71215fa20085cfe82532fcec9cec1e4	c9cdc2a6ac32b5b594efce5d43c3e1ce111e2526f8c76208d94dbb009754e7da	crates/veln-stdlib/veln/http2/core_test.veln#test outbound_request_headers_send_emits_hpack_bytes_and_creates_stream(
output_table	case.toml:output_chunk_list:http2-headers-hpack-general-huffman	e1ea4270ab0046494ead3ed2334eefb63916fbbab0e0eead18c8d780470de3ba	c9cdc2a6ac32b5b594efce5d43c3e1ce111e2526f8c76208d94dbb009754e7da	crates/veln-stdlib/veln/http2/core_test.veln#test outbound_request_headers_send_emits_hpack_bytes_and_creates_stream(
output_table	case.toml:output_chunk_list:http2-headers-hpack-linefeed-huffman	27f2cf76d4aabf25f445f2833952ec60d3ee44862bbad95a4d32a2357269bec3	c9cdc2a6ac32b5b594efce5d43c3e1ce111e2526f8c76208d94dbb009754e7da	crates/veln-stdlib/veln/http2/core_test.veln#test outbound_request_headers_send_emits_hpack_bytes_and_creates_stream(
output_table	case.toml:output_chunk_list:http2-headers-hpack-nul-huffman	ea1dd8cf9ba5e040f372af70d03031ce000542da72e73ae50556ffa7c7698534	c9cdc2a6ac32b5b594efce5d43c3e1ce111e2526f8c76208d94dbb009754e7da	crates/veln-stdlib/veln/http2/core_test.veln#test outbound_request_headers_send_emits_hpack_bytes_and_creates_stream(
output_table	case.toml:output_chunk_list:http2-headers-hpack-ff-huffman	04b652bf44462fae2ae902f2ca325b7fa7067d96d576c8269366deb886faaee2	c9cdc2a6ac32b5b594efce5d43c3e1ce111e2526f8c76208d94dbb009754e7da	crates/veln-stdlib/veln/http2/core_test.veln#test outbound_request_headers_send_emits_hpack_bytes_and_creates_stream(
output_table	case.toml:output_chunk_list:http2-headers-hpack-bytes-huffman	4fb652d74b7e98377a1d67ec6c3fa9028044925b5c0fb09b2264aa198c94a8c6	c9cdc2a6ac32b5b594efce5d43c3e1ce111e2526f8c76208d94dbb009754e7da	crates/veln-stdlib/veln/http2/core_test.veln#test outbound_request_headers_send_emits_hpack_bytes_and_creates_stream(
output_table	case.toml:output_chunk_list:http2-headers-end-stream	7a405125c4207e2b7b67e4940d70817d72a87130f8123dc1cdc46c326ee6ba83	c9cdc2a6ac32b5b594efce5d43c3e1ce111e2526f8c76208d94dbb009754e7da	crates/veln-stdlib/veln/http2/core_test.veln#test outbound_request_headers_send_emits_hpack_bytes_and_creates_stream(
output_table	case.toml:output_chunk_list:http2-headers-one-continuation	251fe071aadc858e7542a934fd194ca967d9cf4ef47106587404b6d7f91ebe87	c9cdc2a6ac32b5b594efce5d43c3e1ce111e2526f8c76208d94dbb009754e7da	crates/veln-stdlib/veln/http2/core_test.veln#test outbound_request_headers_send_emits_hpack_bytes_and_creates_stream(
output_table	case.toml:output_chunk_list:http2-headers-multiple-continuations	e369965f9cb437dabb550ea0c41026d202cec9e6ec36462d19fd09784575eab1	c9cdc2a6ac32b5b594efce5d43c3e1ce111e2526f8c76208d94dbb009754e7da	crates/veln-stdlib/veln/http2/core_test.veln#test outbound_request_headers_send_emits_hpack_bytes_and_creates_stream(
output_table	case.toml:output_chunk_list:http2-headers-end-stream-continuation	3dc53266f2edbda4d669b655fe8aaabc69a16eba8f85e49b19d4855d3124604b	c9cdc2a6ac32b5b594efce5d43c3e1ce111e2526f8c76208d94dbb009754e7da	crates/veln-stdlib/veln/http2/core_test.veln#test outbound_request_headers_send_emits_hpack_bytes_and_creates_stream(
output_table	case.toml:output_chunk_list:http2-headers-after-goaway-allowed	c44667c5a01ac3a546374b6866277aebb488a1a7d33566f4c7f6486a8e53d8d3	c9cdc2a6ac32b5b594efce5d43c3e1ce111e2526f8c76208d94dbb009754e7da	crates/veln-stdlib/veln/http2/core_test.veln#test outbound_request_headers_send_emits_hpack_bytes_and_creates_stream(
output_table	case.toml:output_chunk_list:http2-headers-after-local-goaway-allowed	e76768b32f714c167738d3497188800d6a75a9525c6612ad1e98ffc2fa020441	c9cdc2a6ac32b5b594efce5d43c3e1ce111e2526f8c76208d94dbb009754e7da	crates/veln-stdlib/veln/http2/core_test.veln#test outbound_request_headers_send_emits_hpack_bytes_and_creates_stream(
output_table	case.toml:output_chunk_list:http2-push-promise	30f976746d71feff41d620e087d45938b06299f2c24c366294ed3b3acc4378c4	84f3e087677a844602f9f8dba0274c3b32e56f6288a2538445df5bb15accc33a	crates/veln-stdlib/veln/http2/core_test.veln#test outbound_push_promise_send_emits_hpack_bytes_and_reserves_promised_stream(
output_table	case.toml:output_chunk_list:http2-push-promise-enable-push-disabled	b48af4f571cf5abb4685a7fa3caa48dee5730771c7effb8757b89aaf783ae7ee	84f3e087677a844602f9f8dba0274c3b32e56f6288a2538445df5bb15accc33a	crates/veln-stdlib/veln/http2/core_test.veln#test outbound_push_promise_send_emits_hpack_bytes_and_reserves_promised_stream(
output_table	case.toml:output_chunk_list:http2-push-promise-hpack-static-indexed	fdad8a678bd9ef9cf002a32d9c8ce40e1e31924a5377275d6614d73bc4312eb9	84f3e087677a844602f9f8dba0274c3b32e56f6288a2538445df5bb15accc33a	crates/veln-stdlib/veln/http2/core_test.veln#test outbound_push_promise_send_emits_hpack_bytes_and_reserves_promised_stream(
output_table	case.toml:output_chunk_list:http2-push-promise-hpack-static-indexed-accept-encoding	0859ea3ede53ba735ff1d7067730daae92d4b758dc2d27e20cf10c831ee26ac4	84f3e087677a844602f9f8dba0274c3b32e56f6288a2538445df5bb15accc33a	crates/veln-stdlib/veln/http2/core_test.veln#test outbound_push_promise_send_emits_hpack_bytes_and_reserves_promised_stream(
output_table	case.toml:output_chunk_list:http2-push-promise-hpack-literal-huffman	0ec927f514a3393912754f56d0333fe464cdab101b5e9bcd6478bac76b692215	84f3e087677a844602f9f8dba0274c3b32e56f6288a2538445df5bb15accc33a	crates/veln-stdlib/veln/http2/core_test.veln#test outbound_push_promise_send_emits_hpack_bytes_and_reserves_promised_stream(
output_table	case.toml:output_chunk_list:http2-push-promise-hpack-visible-ascii-literal	67fec11d7de26501cbb1528345bb1f98b7cc95536636613112c65cb8a11689bd	84f3e087677a844602f9f8dba0274c3b32e56f6288a2538445df5bb15accc33a	crates/veln-stdlib/veln/http2/core_test.veln#test outbound_push_promise_send_emits_hpack_bytes_and_reserves_promised_stream(
output_table	case.toml:output_chunk_list:http2-push-promise-hpack-stateful-literal-indexed	53e5a1cfeb746221208c44aadfb39adf41f1c39c35e45e309ffe0296e1d4392b	84f3e087677a844602f9f8dba0274c3b32e56f6288a2538445df5bb15accc33a	crates/veln-stdlib/veln/http2/core_test.veln#test outbound_push_promise_send_emits_hpack_bytes_and_reserves_promised_stream(
output_table	case.toml:output_chunk_list:http2-push-promise-hpack-stateful-dynamic-indexed	b3c14d5a667bae71431933ea7ccc0ec55c53b2fddea2aadb5ff36c4a89297335	84f3e087677a844602f9f8dba0274c3b32e56f6288a2538445df5bb15accc33a	crates/veln-stdlib/veln/http2/core_test.veln#test outbound_push_promise_send_emits_hpack_bytes_and_reserves_promised_stream(
output_table	case.toml:output_chunk_list:http2-push-promise-continuation	a4a0e9185ecf3c382dd2a898474b9992ce5f53b7094adf114b20e9e8a9b8900e	84f3e087677a844602f9f8dba0274c3b32e56f6288a2538445df5bb15accc33a	crates/veln-stdlib/veln/http2/core_test.veln#test outbound_push_promise_send_emits_hpack_bytes_and_reserves_promised_stream(
output_table	case.toml:output_chunk_list:http2-push-promise-after-goaway-allowed	d776ebba34e7e30f28a36fbefbb97e61b532a35553fd1d14cd333113b9c83feb	84f3e087677a844602f9f8dba0274c3b32e56f6288a2538445df5bb15accc33a	crates/veln-stdlib/veln/http2/core_test.veln#test outbound_push_promise_send_emits_hpack_bytes_and_reserves_promised_stream(
output_table	case.toml:output_chunk_list:http2-push-promise-after-goaway-late	0635ada0f64b6fee465563a83b87d6c6f51490e10109bf953001cbd83382e4d1	84f3e087677a844602f9f8dba0274c3b32e56f6288a2538445df5bb15accc33a	crates/veln-stdlib/veln/http2/core_test.veln#test outbound_push_promise_send_emits_hpack_bytes_and_reserves_promised_stream(
output_table	case.toml:output_chunk_list:http2-push-promise-after-local-goaway-allowed	9879f90edc9ceed0fb115dcef062090b15b7f9b9a33625c3af8dabb2bc0b5ce8	84f3e087677a844602f9f8dba0274c3b32e56f6288a2538445df5bb15accc33a	crates/veln-stdlib/veln/http2/core_test.veln#test outbound_push_promise_send_emits_hpack_bytes_and_reserves_promised_stream(
output_table	case.toml:output_chunk_list:http2-push-promise-after-local-goaway-late	729d93120b437e4f060fbe30ec2a51be78d65266e3795f9ca4d63e8d4ff14137	84f3e087677a844602f9f8dba0274c3b32e56f6288a2538445df5bb15accc33a	crates/veln-stdlib/veln/http2/core_test.veln#test outbound_push_promise_send_emits_hpack_bytes_and_reserves_promised_stream(
output_table	case.toml:output_chunk_list:http2-goaway	76ea9ce151f1ce677d0f92fc96aba5590bcdc039a60a0e93deafdf6fb3bc2a45	193c37d8897fe9a7e7c8fff21bc639e0df0bbcbb83baf31bc40ca9063becb30a	crates/veln-stdlib/veln/http2/core_test.veln#test goaway_send_emits_exact_bytes_and_updates_shutdown_immutably(
output_table	case.toml:output_chunk_list:http2-goaway-narrow	2429ee30e549c8b4a9fbc2bec50cae014274880ab3a8a8aed4e9059b2b089493	193c37d8897fe9a7e7c8fff21bc639e0df0bbcbb83baf31bc40ca9063becb30a	crates/veln-stdlib/veln/http2/core_test.veln#test goaway_send_emits_exact_bytes_and_updates_shutdown_immutably(
output_table	case.toml:output_chunk_list:http2-goaway-same	8a482c6e9ba1c16a3ad0ff4382399fffa8154adfaf67ea0cdbb6c5f4b49c32a0	193c37d8897fe9a7e7c8fff21bc639e0df0bbcbb83baf31bc40ca9063becb30a	crates/veln-stdlib/veln/http2/core_test.veln#test goaway_send_emits_exact_bytes_and_updates_shutdown_immutably(
output_table	case.toml:output_chunk_list:http2-goaway-widen	9377001899e5d9ca9d8c07bba94895402ac62674347f9baa53b9f5d3ea0b2127	193c37d8897fe9a7e7c8fff21bc639e0df0bbcbb83baf31bc40ca9063becb30a	crates/veln-stdlib/veln/http2/core_test.veln#test goaway_send_emits_exact_bytes_and_updates_shutdown_immutably(
output_table	case.toml:output_chunk_list:http2-data-after-narrow-local-goaway-late	fc2e1fcb7cdfe23ffb3ab895815fee3579866b7789838bba09f374f7414491f7	828fd5354b878d0f8400b13fce70511aa6096a289f4c142e2ff508fb089eb0c6	crates/veln-stdlib/veln/http2/core_test.veln#test outbound_data_send_emits_exact_bytes_and_updates_stream_state(
output_table	case.toml:output_chunk_list:http2-headers-after-narrow-local-goaway-late	61b0adb9da724f2618499eee8bb68cc8db822b21b55e315ed1c5b4fe088ab0c2	c9cdc2a6ac32b5b594efce5d43c3e1ce111e2526f8c76208d94dbb009754e7da	crates/veln-stdlib/veln/http2/core_test.veln#test outbound_request_headers_send_emits_hpack_bytes_and_creates_stream(
output_table	case.toml:output_chunk_list:http2-priority-after-narrow-local-goaway-late	e29892a3f9d61be5a371d2df2b549a195d6611e6186ed0fde3da094d52f506f3	193c37d8897fe9a7e7c8fff21bc639e0df0bbcbb83baf31bc40ca9063becb30a	crates/veln-stdlib/veln/http2/core_test.veln#test goaway_send_emits_exact_bytes_and_updates_shutdown_immutably(
output_table	case.toml:output_chunk_list:http2-push-promise-after-narrow-local-goaway-late	f8e7d39fb8ab96a6655d6b8c8733d009b742fc7b8579d8d28b1d1b25b00a158f	84f3e087677a844602f9f8dba0274c3b32e56f6288a2538445df5bb15accc33a	crates/veln-stdlib/veln/http2/core_test.veln#test outbound_push_promise_send_emits_hpack_bytes_and_reserves_promised_stream(
output_table	case.toml:output_chunk_list:http2-ping-ack	223832cea907b851defd61afa4ee72cd4de47ddd67c8cb478019d54459148a53	c7f3afd06f113baeb62ed2cc651844aa6ae13637f76cd3b8636a25e3cb6de554	crates/veln-stdlib/veln/http2/core_test.veln#test ping_response_ack_preserves_payload_and_emits_exact_bytes(
output_table	case.toml:output_chunk_list:http2-ping-ack-received	45f506a983aab87cd017de7b5322765b107a4f07a7a0cee8923d48a9d32f9332	c7f3afd06f113baeb62ed2cc651844aa6ae13637f76cd3b8636a25e3cb6de554	crates/veln-stdlib/veln/http2/core_test.veln#test ping_response_ack_preserves_payload_and_emits_exact_bytes(
output_table	case.toml:output_chunk_list:http2-outbound-ping	3ff769d15bbd9a976a8107674e65ba4942e316ab34755e5f8a9b9d8c4cd0d39f	c7f3afd06f113baeb62ed2cc651844aa6ae13637f76cd3b8636a25e3cb6de554	crates/veln-stdlib/veln/http2/core_test.veln#test ping_response_ack_preserves_payload_and_emits_exact_bytes(
output_table	case.toml:output_chunk_list:http2-outbound-ping-short	31faa39f47fb83cf5413bb61c762ae83cae435690555cc13a869fd6d9b09111f	c7f3afd06f113baeb62ed2cc651844aa6ae13637f76cd3b8636a25e3cb6de554	crates/veln-stdlib/veln/http2/core_test.veln#test ping_response_ack_preserves_payload_and_emits_exact_bytes(
output_table	case.toml:output_chunk_list:http2-outbound-ping-long	66ba5bfd5882f5fc2d77df8f123c58f61f4b9e92ba539ca8ffaa17e177f5a136	c7f3afd06f113baeb62ed2cc651844aa6ae13637f76cd3b8636a25e3cb6de554	crates/veln-stdlib/veln/http2/core_test.veln#test ping_response_ack_preserves_payload_and_emits_exact_bytes(
output_table	case.toml:output_chunk_list:http2-settings-header	1ee3979e59056a277be8ca6fb80c3186c52d5ad0bfc2b1bfd8f154944bace864	993080db9885ad1bdd438a39a4d6cfee8fa6b65b0f3dd594da0a0dc3a7b3815e	crates/veln-stdlib/veln/http2/core_test.veln#test local_settings_send_preserves_order_policy_offsets_and_ack_fifo(
output_table	case.toml:output_chunk_list:http2-data-header	f0e4a2b0d99837160d6e583c66a7a878c17092769add98f6f36e281a0a40cf08	828fd5354b878d0f8400b13fce70511aa6096a289f4c142e2ff508fb089eb0c6	crates/veln-stdlib/veln/http2/core_test.veln#test outbound_data_send_emits_exact_bytes_and_updates_stream_state(
output_table	case.toml:output_chunk_list:http2-max-stream-header	980d85270bd247fcd37ad69ca1c8b5822d245e39d061540a8f5daa7628b7c525	f085e6baa133463c58715773e83a0cf33793f1b823c95493d886244b7f0499dd	crates/veln-stdlib/veln/http2/core_test.veln#test receive_connection_boundary_consumes_preface_initial_settings_and_ping_chunks(
output_table	case.toml:output_chunk_list:http2-client-push-promise-header-block	4134093320ec4c5caa972466ea9463350f2b3bc813aaf01731f42bf8abe62cbe	84f3e087677a844602f9f8dba0274c3b32e56f6288a2538445df5bb15accc33a	crates/veln-stdlib/veln/http2/core_test.veln#test outbound_push_promise_send_emits_hpack_bytes_and_reserves_promised_stream(
output_table	case.toml:output_chunk_list:http2-client-push-promise-regular-header-block	96cbc01b84ce0945e943eb974544dcb6e4f765556fa864f7785f1012d8eaa880	84f3e087677a844602f9f8dba0274c3b32e56f6288a2538445df5bb15accc33a	crates/veln-stdlib/veln/http2/core_test.veln#test outbound_push_promise_send_emits_hpack_bytes_and_reserves_promised_stream(
output_table	case.toml:output_chunk_list:http2-client-push-promised-headers	533ed1c88a2543627c2bbe95d33046e6a2cadde2b08597817d769560adcd7c8a	84f3e087677a844602f9f8dba0274c3b32e56f6288a2538445df5bb15accc33a	crates/veln-stdlib/veln/http2/core_test.veln#test outbound_push_promise_send_emits_hpack_bytes_and_reserves_promised_stream(
output_table	case.toml:output_chunk_list:http2-client-push-promised-headers-end-stream	bef02f74bcc8809550802fbd388669183e5d378622f1ac78964ebfca0a66c360	84f3e087677a844602f9f8dba0274c3b32e56f6288a2538445df5bb15accc33a	crates/veln-stdlib/veln/http2/core_test.veln#test outbound_push_promise_send_emits_hpack_bytes_and_reserves_promised_stream(
output_table	case.toml:output_chunk_list:http2-client-push-promise-continuation-header-block	e269a735873bad216a0d1f5f6fabf41b3dea9d90717ff934ff17f379e9e116a7	84f3e087677a844602f9f8dba0274c3b32e56f6288a2538445df5bb15accc33a	crates/veln-stdlib/veln/http2/core_test.veln#test outbound_push_promise_send_emits_hpack_bytes_and_reserves_promised_stream(
