dimension	value	count
total	rows	3011
historical_kind	helper	652
historical_kind	output_table	315
historical_kind	stdout	2044
endpoint_role	client	168
endpoint_role	client-server	1029
endpoint_role	local	298
endpoint_role	not-applicable	1027
endpoint_role	peer	249
endpoint_role	server	240
owning_operation	connection_state	66
owning_operation	frame_codec	1
owning_operation	hpack_header_block	154
owning_operation	receive_frame	1150
owning_operation	send_data	201
owning_operation	send_goaway	27
owning_operation	send_headers	960
owning_operation	send_ping	10
owning_operation	send_priority	60
owning_operation	send_push_promise	129
owning_operation	send_rst_stream	10
owning_operation	send_settings	181
owning_operation	send_window_update	54
owning_operation	stream_state	8
operation_branch	accepted	763
operation_branch	diagnostic-failure	1001
operation_branch	empty-output-rejection	37
operation_branch	exact-output-success	275
operation_branch	projection	623
operation_branch	rejected	309
operation_branch	zero-length-output-rejection	3
initial_state	role=client-server;lifecycle=closed	6
initial_state	role=client-server;lifecycle=closed;output=caller-owned	2
initial_state	role=client-server;lifecycle=draining;stream=half-closed-local	13
initial_state	role=client-server;lifecycle=draining;stream=half-closed-local;continuation=pending	2
initial_state	role=client-server;lifecycle=draining;stream=half-closed-local;hpack=dynamic-table;flow=bounded-credit;continuation=pending	636
initial_state	role=client-server;lifecycle=draining;stream=reserved-by-peer;flow=bounded-credit;continuation=pending	4
initial_state	role=client-server;lifecycle=open	53
initial_state	role=client-server;lifecycle=open;continuation=pending	2
initial_state	role=client-server;lifecycle=open;continuation=pending;output=caller-owned	38
initial_state	role=client-server;lifecycle=open;flow=bounded-credit;output=caller-owned	12
initial_state	role=client-server;lifecycle=open;hpack=dynamic-table;continuation=pending;output=caller-owned	5
initial_state	role=client-server;lifecycle=open;hpack=dynamic-table;output=caller-owned	27
initial_state	role=client-server;lifecycle=open;output=caller-owned	228
initial_state	role=client-server;lifecycle=open;stream=half-closed-local;output=caller-owned	1
initial_state	role=client;lifecycle=closed;continuation=pending	1
initial_state	role=client;lifecycle=draining;continuation=pending	1
initial_state	role=client;lifecycle=draining;stream=half-closed-local;continuation=pending	2
initial_state	role=client;lifecycle=draining;stream=reserved-by-peer;continuation=pending	3
initial_state	role=client;lifecycle=open	23
initial_state	role=client;lifecycle=open;continuation=pending	11
initial_state	role=client;lifecycle=open;hpack=dynamic-table	4
initial_state	role=client;lifecycle=open;hpack=dynamic-table;continuation=pending	1
initial_state	role=client;lifecycle=open;stream=half-closed-remote	9
initial_state	role=client;lifecycle=open;stream=half-closed-remote;continuation=pending	2
initial_state	role=client;lifecycle=open;stream=half-closed-remote;flow=bounded-credit	1
initial_state	role=client;lifecycle=open;stream=half-closed-remote;flow=bounded-credit;continuation=pending	1
initial_state	role=client;lifecycle=open;stream=reserved-by-peer	90
initial_state	role=client;lifecycle=open;stream=reserved-by-peer;continuation=pending	19
initial_state	role=local;lifecycle=closed	2
initial_state	role=local;lifecycle=draining	5
initial_state	role=local;lifecycle=open	38
initial_state	role=local;lifecycle=open;continuation=pending	1
initial_state	role=local;lifecycle=open;flow=bounded-credit	2
initial_state	role=local;lifecycle=open;stream=half-closed-local	190
initial_state	role=local;lifecycle=open;stream=half-closed-local;continuation=pending	4
initial_state	role=local;lifecycle=open;stream=half-closed-local;flow=bounded-credit	39
initial_state	role=local;lifecycle=open;stream=half-closed-local;flow=bounded-credit;continuation=pending	6
initial_state	role=local;lifecycle=open;stream=half-closed-local;hpack=dynamic-table	11
initial_state	role=not-applicable;lifecycle=closed	2
initial_state	role=not-applicable;lifecycle=closed;continuation=pending	2
initial_state	role=not-applicable;lifecycle=closed;flow=bounded-credit	4
initial_state	role=not-applicable;lifecycle=draining	34
initial_state	role=not-applicable;lifecycle=draining;continuation=pending	6
initial_state	role=not-applicable;lifecycle=draining;flow=bounded-credit;continuation=pending	2
initial_state	role=not-applicable;lifecycle=draining;hpack=dynamic-table	2
initial_state	role=not-applicable;lifecycle=open	143
initial_state	role=not-applicable;lifecycle=open;continuation=pending	256
initial_state	role=not-applicable;lifecycle=open;flow=bounded-credit	27
initial_state	role=not-applicable;lifecycle=open;flow=bounded-credit;continuation=pending	9
initial_state	role=not-applicable;lifecycle=open;hpack=dynamic-table	373
initial_state	role=not-applicable;lifecycle=open;hpack=dynamic-table;continuation=pending	93
initial_state	role=not-applicable;lifecycle=open;output=caller-owned	2
initial_state	role=not-applicable;lifecycle=open;stream=half-closed-remote	39
initial_state	role=not-applicable;lifecycle=open;stream=half-closed-remote;continuation=pending	3
initial_state	role=not-applicable;lifecycle=open;stream=half-closed-remote;flow=bounded-credit	11
initial_state	role=not-applicable;lifecycle=open;stream=half-closed-remote;flow=bounded-credit;continuation=pending	19
initial_state	role=peer;lifecycle=closed	20
initial_state	role=peer;lifecycle=closed;continuation=pending	7
initial_state	role=peer;lifecycle=closed;flow=bounded-credit	2
initial_state	role=peer;lifecycle=closed;flow=bounded-credit;continuation=pending	3
initial_state	role=peer;lifecycle=draining	6
initial_state	role=peer;lifecycle=open	51
initial_state	role=peer;lifecycle=open;continuation=pending	49
initial_state	role=peer;lifecycle=open;flow=bounded-credit	21
initial_state	role=peer;lifecycle=open;flow=bounded-credit;continuation=pending	7
initial_state	role=peer;lifecycle=open;hpack=dynamic-table	19
initial_state	role=peer;lifecycle=open;hpack=dynamic-table;continuation=pending	10
initial_state	role=peer;lifecycle=open;stream=half-closed-local	2
initial_state	role=peer;lifecycle=open;stream=half-closed-local;flow=bounded-credit	3
initial_state	role=peer;lifecycle=open;stream=half-closed-local;hpack=dynamic-table	5
initial_state	role=peer;lifecycle=open;stream=half-closed-remote	34
initial_state	role=peer;lifecycle=open;stream=half-closed-remote;flow=bounded-credit	3
initial_state	role=peer;lifecycle=open;stream=half-closed-remote;flow=bounded-credit;continuation=pending	6
initial_state	role=peer;lifecycle=open;stream=reserved-by-peer	1
initial_state	role=server;lifecycle=closed	21
initial_state	role=server;lifecycle=closed;flow=bounded-credit	4
initial_state	role=server;lifecycle=draining	2
initial_state	role=server;lifecycle=draining;continuation=pending	1
initial_state	role=server;lifecycle=draining;flow=bounded-credit	7
initial_state	role=server;lifecycle=draining;stream=half-closed-local;flow=bounded-credit;continuation=pending	2
initial_state	role=server;lifecycle=draining;stream=reserved-by-peer;flow=bounded-credit;continuation=pending	37
initial_state	role=server;lifecycle=open	98
initial_state	role=server;lifecycle=open;continuation=pending	16
initial_state	role=server;lifecycle=open;flow=bounded-credit	10
initial_state	role=server;lifecycle=open;hpack=dynamic-table	13
initial_state	role=server;lifecycle=open;hpack=dynamic-table;continuation=pending	26
initial_state	role=server;lifecycle=open;stream=half-closed-local	2
initial_state	role=server;lifecycle=open;stream=reserved-by-peer	1
output_provenance	checked-case-assertion	386
output_provenance	public-core-receive	1158
output_provenance	public-core-send	714
output_provenance	public-core-state	10
output_provenance	public-frame-codec	3
output_provenance	public-hpack-codec	740
failure_atomicity	checked-failure-state-preservation	3011
diagnostic_precedence	checked-diagnostic-id	1314
diagnostic_precedence	checked-failure-source	195
diagnostic_precedence	not-applicable	1502
required_post_state	caller-state-preserved	84
required_post_state	emitted-bytes-exact	275
required_post_state	no-next-state	38
required_post_state	no-next-state;caller-state-preserved	271
required_post_state	no-next-state;caller-state-preserved;diagnostic-id-exact	274
required_post_state	no-next-state;caller-state-preserved;output-unchanged;diagnostic-id-exact	636
required_post_state	no-next-state;diagnostic-id-exact	91
required_post_state	no-next-state;output-unchanged	37
required_post_state	no-next-state;output-unchanged;emitted-bytes-exact	3
required_post_state	state-transition-exact	1302
result_projection	row-0001:helper:validate_stream_id_domain:require_connection_stream_id	1
result_projection	row-0002:helper:validate_stream_id_domain:require_connection_stream_id	1
result_projection	row-0003:helper:validate_stream_id_domain:require_connection_stream_id	1
result_projection	row-0004:helper:validate_stream_id_domain:require_peer_stream_id	1
result_projection	row-0005:helper:validate_stream_id_domain:require_peer_stream_id	1
result_projection	row-0006:helper:validate_stream_id_domain:require_peer_stream_id	1
result_projection	row-0007:helper:validate_stream_id_domain:require_peer_stream_id	1
result_projection	row-0008:helper:validate_stream_id_domain:require_peer_stream_id	1
result_projection	row-0009:helper:validate_stream_id_domain:require_client_stream_id	1
result_projection	row-0010:helper:validate_window_update_stream_id:require_peer_stream_id	1
result_projection	row-0011:helper:require_peer_stream_id:require_server_stream_id	1
result_projection	row-0012:helper:require_peer_stream_id:require_client_stream_id	1
result_projection	row-0013:helper:validate_received_push_promise_stream:require_server_promised_stream_id	1
result_projection	row-0014:helper:require_peer_stream_failure_preserves_connection_state:require_equal_int	1
result_projection	row-0015:helper:require_peer_stream_failure_preserves_connection_state:require_equal_int	1
result_projection	row-0016:helper:require_peer_stream_failure_preserves_connection_state:require_equal_int	1
result_projection	row-0017:helper:require_peer_stream_failure_preserves_connection_state:require_equal_int	1
result_projection	row-0018:helper:require_peer_stream_failure_preserves_connection_state:require_equal_int	1
result_projection	row-0019:helper:require_peer_stream_failure_preserves_connection_state:require_equal_int	1
result_projection	row-0020:helper:require_peer_stream_failure_preserves_connection_state:require_equal_int	1
result_projection	row-0021:helper:require_peer_stream_failure_preserves_connection_state:require_equal_int	1
result_projection	row-0022:helper:require_peer_stream_failure_preserves_connection_state:require_equal_int	1
result_projection	row-0023:helper:require_peer_stream_failure_preserves_connection_state:require_equal_int	1
result_projection	row-0024:helper:require_peer_stream_failure_preserves_connection_state:require_equal_int	1
result_projection	row-0025:helper:require_peer_stream_failure_preserves_connection_state:require_equal_int	1
result_projection	row-0026:helper:require_peer_stream_failure_preserves_connection_state:require_equal_int	1
result_projection	row-0027:helper:require_peer_stream_failure_preserves_connection_state:require_equal_int	1
result_projection	row-0028:helper:require_peer_stream_failure_preserves_connection_state:require_equal_int	1
result_projection	row-0029:helper:require_peer_stream_failure_preserves_connection_state:require_equal_string	1
result_projection	row-0030:helper:require_peer_stream_failure_preserves_connection_state:require_equal_int	1
result_projection	row-0031:helper:require_peer_stream_failure_preserves_connection_state:require_true	1
result_projection	row-0032:helper:require_peer_stream_failure_preserves_connection_state:require_equal_int	1
result_projection	row-0033:helper:require_peer_stream_failure_preserves_connection_state:require_equal_int	1
result_projection	row-0034:helper:require_peer_stream_failure_preserves_connection_state:require_equal_int	1
result_projection	row-0035:helper:require_peer_stream_failure_preserves_connection_state:require_equal_int	1
result_projection	row-0036:helper:require_peer_stream_failure_preserves_connection_state:require_equal_string	1
result_projection	row-0037:helper:require_peer_stream_failure_preserves_connection_state:require_equal_int	1
result_projection	row-0038:helper:require_peer_stream_failure_preserves_connection_state:require_equal_int	1
result_projection	row-0039:helper:require_outbound_headers_connection_accepted:require_equal_int	1
result_projection	row-0040:helper:require_outbound_headers_connection_failure:require_equal_string	1
result_projection	row-0041:helper:require_outbound_headers_connection_state_preserved:require_equal_string	1
result_projection	row-0042:helper:require_outbound_headers_connection_state_preserved:require_equal_int	1
result_projection	row-0043:helper:require_outbound_headers_connection_state_preserved:require_equal_string	1
result_projection	row-0044:helper:require_outbound_headers_connection_state_preserved:require_equal_int	1
result_projection	row-0045:helper:require_outbound_headers_connection_state_preserved:require_equal_int	1
result_projection	row-0046:helper:require_outbound_headers_connection_state_preserved:require_equal_int	1
result_projection	row-0047:helper:require_outbound_headers_connection_state_preserved:require_equal_int	1
result_projection	row-0048:helper:require_outbound_headers_connection_state_preserved:require_equal_string	1
result_projection	row-0049:helper:require_outbound_headers_connection_state_preserved:require_equal_int	1
result_projection	row-0050:helper:require_outbound_headers_connection_state_preserved:require_equal_int	1
result_projection	row-0051:helper:require_outbound_headers_connection_state_preserved:require_equal_int	1
result_projection	row-0052:helper:require_outbound_headers_connection_state_preserved:require_equal_int	1
result_projection	row-0053:helper:require_outbound_headers_connection_state_preserved:require_equal_int	1
result_projection	row-0054:helper:require_outbound_headers_connection_state_preserved:require_equal_int	1
result_projection	row-0055:helper:require_outbound_headers_connection_state_preserved:require_equal_int	1
result_projection	row-0056:helper:require_outbound_headers_connection_state_preserved:require_equal_int	1
result_projection	row-0057:helper:require_outbound_headers_connection_state_preserved:require_equal_int	1
result_projection	row-0058:helper:require_outbound_headers_connection_state_preserved:require_equal_int	1
result_projection	row-0059:helper:require_outbound_push_promise_accepted:require_client_push_equal_int	1
result_projection	row-0060:helper:require_outbound_push_promise_failure:require_client_push_equal_string	1
result_projection	row-0061:helper:require_outbound_push_promise_state_preserved:require_client_push_equal_int	1
result_projection	row-0062:helper:require_outbound_push_promise_state_preserved:require_client_push_equal_string	1
result_projection	row-0063:helper:require_outbound_push_promise_state_preserved:require_client_push_equal_int	1
result_projection	row-0064:helper:require_outbound_push_promise_state_preserved:require_client_push_equal_int	1
result_projection	row-0065:helper:require_outbound_push_promise_state_preserved:require_client_push_equal_int	1
result_projection	row-0066:helper:require_outbound_push_promise_state_preserved:require_client_push_equal_int	1
result_projection	row-0067:helper:require_outbound_push_promise_state_preserved:require_client_push_equal_string	1
result_projection	row-0068:helper:require_outbound_push_promise_state_preserved:require_client_push_equal_int	1
result_projection	row-0069:helper:require_outbound_push_promise_state_preserved:require_client_push_equal_int	1
result_projection	row-0070:helper:require_outbound_push_promise_state_preserved:require_client_push_equal_int	1
result_projection	row-0071:helper:require_outbound_push_promise_state_preserved:require_client_push_equal_int	1
result_projection	row-0072:helper:require_outbound_push_promise_state_preserved:require_client_push_equal_int	1
result_projection	row-0073:helper:require_outbound_push_promise_state_preserved:require_client_push_equal_int	1
result_projection	row-0074:helper:require_outbound_push_promise_state_preserved:require_client_push_equal_int	1
result_projection	row-0075:helper:require_outbound_push_promise_state_preserved:require_client_push_equal_int	1
result_projection	row-0076:helper:require_outbound_push_promise_state_preserved:require_client_push_equal_int	1
result_projection	row-0077:helper:require_outbound_push_promise_state_preserved:require_client_push_equal_int	1
result_projection	row-0078:helper:require_client_push_ordering_rejection_preserves_state:require_client_push_equal_string	1
result_projection	row-0079:helper:require_client_push_ordering_rejection_preserves_state:require_true	1
result_projection	row-0080:helper:require_client_push_ordering_rejection_preserves_state:require_true	1
result_projection	row-0081:helper:require_client_push_ordering_rejection_preserves_state:require_true	1
result_projection	row-0082:helper:require_client_push_ordering_rejection_preserves_state:require_client_push_equal_int	1
result_projection	row-0083:helper:require_client_push_ordering_rejection_preserves_state:require_client_push_equal_int	1
result_projection	row-0084:helper:require_client_push_ordering_rejection_preserves_state:require_client_push_equal_int	1
result_projection	row-0085:helper:require_client_push_ordering_rejection_preserves_state:require_true	1
result_projection	row-0086:helper:require_client_push_ordering_rejection_preserves_state:require_client_push_equal_int	1
result_projection	row-0087:helper:require_client_push_ordering_rejection_preserves_state:require_client_push_equal_int	1
result_projection	row-0088:helper:require_client_push_ordering_rejection_preserves_state:require_client_push_equal_int	1
result_projection	row-0089:helper:require_client_push_ordering_rejection_preserves_state:require_client_push_equal_string	1
result_projection	row-0090:helper:require_client_push_ordering_rejection_preserves_state:require_client_push_equal_int	1
result_projection	row-0091:helper:require_client_push_ordering_rejection_preserves_state:require_client_push_equal_int	1
result_projection	row-0092:helper:require_informational_response_coverage:require_frame_decoded	1
result_projection	row-0093:helper:require_informational_response_coverage:require_true	1
result_projection	row-0094:helper:require_informational_response_coverage:require_frame_decoded	1
result_projection	row-0095:helper:require_informational_response_coverage:require_true	1
result_projection	row-0096:helper:require_informational_response_coverage:require_failure_with_id	1
result_projection	row-0097:helper:require_informational_response_coverage:require_frame_decoded	1
result_projection	row-0098:helper:require_informational_response_coverage:require_true	1
result_projection	row-0099:helper:require_informational_response_coverage:require_frame_decoded	1
result_projection	row-0100:helper:require_informational_response_coverage:require_frame_decoded	1
result_projection	row-0101:helper:require_informational_response_coverage:require_equal_int	1
result_projection	row-0102:helper:require_informational_response_coverage:require_frame_decoded	1
result_projection	row-0103:helper:require_informational_response_coverage:require_true	1
result_projection	row-0104:helper:require_informational_response_coverage:require_frame_decoded	1
result_projection	row-0105:helper:require_informational_response_coverage:require_frame_decoded	1
result_projection	row-0106:helper:require_informational_response_coverage:require_equal_string	1
result_projection	row-0107:helper:require_informational_response_coverage:require_frame_decoded	1
result_projection	row-0108:helper:require_informational_response_coverage:require_equal_string	1
result_projection	row-0109:helper:require_informational_response_coverage:require_response_header_failure_context	1
result_projection	row-0110:helper:require_informational_response_coverage:require_response_header_failure_context	1
result_projection	row-0111:helper:require_head_response_coverage:require_outbound_headers_connection_transition	1
result_projection	row-0112:helper:require_head_response_coverage:require_outbound_headers_connection_accepted	1
result_projection	row-0113:helper:require_head_response_coverage:require_equal_string	1
result_projection	row-0114:helper:require_head_response_coverage:require_frame_decoded	1
result_projection	row-0115:helper:require_head_response_coverage:require_frame_decoded	1
result_projection	row-0116:helper:require_head_response_coverage:require_frame_decoded	1
result_projection	row-0117:helper:require_head_response_coverage:require_frame_decoded	1
result_projection	row-0118:helper:require_head_response_coverage:require_frame_decoded	1
result_projection	row-0119:helper:require_head_response_coverage:require_no_content_body_failure_context	1
result_projection	row-0120:helper:require_head_response_coverage:require_frame_decoded	1
result_projection	row-0121:helper:require_head_response_coverage:require_no_content_body_failure_context	1
result_projection	row-0122:helper:require_head_response_coverage:require_frame_decoded	1
result_projection	row-0123:helper:require_head_response_coverage:require_equal_int	1
result_projection	row-0124:helper:require_head_response_coverage:require_no_content_body_failure_context	1
result_projection	row-0125:helper:require_head_response_coverage:require_no_content_body_failure_context	1
result_projection	row-0126:helper:require_head_response_coverage:require_peer_stream_failure_preserves_connection_state	1
result_projection	row-0127:helper:require_head_response_coverage:require_outbound_headers_connection_transition	1
result_projection	row-0128:helper:require_head_response_coverage:require_frame_decoded	1
result_projection	row-0129:helper:require_no_content_response_coverage:require_frame_decoded	1
result_projection	row-0130:helper:require_no_content_response_coverage:require_equal_int	1
result_projection	row-0131:helper:require_no_content_response_coverage:require_frame_decoded	1
result_projection	row-0132:helper:require_no_content_response_coverage:require_equal_int	1
result_projection	row-0133:helper:require_no_content_response_coverage:require_frame_decoded	1
result_projection	row-0134:helper:require_no_content_response_coverage:require_equal_int	1
result_projection	row-0135:helper:require_no_content_response_coverage:require_frame_decoded	1
result_projection	row-0136:helper:require_no_content_response_coverage:require_frame_decoded	1
result_projection	row-0137:helper:require_no_content_response_coverage:require_frame_decoded	1
result_projection	row-0138:helper:require_no_content_response_coverage:require_frame_decoded	1
result_projection	row-0139:helper:require_no_content_response_coverage:require_frame_decoded	1
result_projection	row-0140:helper:require_no_content_response_coverage:require_frame_decoded	1
result_projection	row-0141:helper:require_no_content_response_coverage:require_equal_int	1
result_projection	row-0142:helper:require_no_content_response_coverage:require_frame_decoded	1
result_projection	row-0143:helper:require_no_content_response_coverage:require_equal_int	1
result_projection	row-0144:helper:require_no_content_response_coverage:require_frame_decoded	1
result_projection	row-0145:helper:require_no_content_response_coverage:require_no_content_body_failure_context	1
result_projection	row-0146:helper:require_no_content_response_coverage:require_no_content_body_failure_context	1
result_projection	row-0147:helper:require_extended_connect_negotiation_cases:require_outbound_settings_accepted	1
result_projection	row-0148:helper:require_extended_connect_negotiation_cases:require_frame_decoded	1
result_projection	row-0149:helper:require_extended_connect_negotiation_cases:require_frame_decoded	1
result_projection	row-0150:helper:require_extended_connect_negotiation_cases:require_request_header_failure_detail	1
result_projection	row-0151:helper:require_extended_connect_negotiation_cases:require_peer_stream_failure_preserves_connection_state	1
result_projection	row-0152:helper:require_extended_connect_negotiation_cases:require_request_header_failure_detail	1
result_projection	row-0153:helper:require_extended_connect_negotiation_cases:require_peer_stream_failure_preserves_connection_state	1
result_projection	row-0154:helper:require_extended_connect_negotiation_cases:require_frame_decoded	1
result_projection	row-0155:helper:require_extended_connect_negotiation_cases:require_frame_decoded	1
result_projection	row-0156:helper:require_extended_connect_negotiation_cases:require_request_header_failure_fact	1
result_projection	row-0157:helper:require_extended_connect_negotiation_cases:require_frame_decoded	1
result_projection	row-0158:helper:require_extended_connect_negotiation_cases:require_request_header_failure_fact	1
result_projection	row-0159:helper:require_extended_connect_negotiation_cases:require_request_header_failure_fact	1
result_projection	row-0160:helper:require_extended_connect_negotiation_cases:require_request_header_failure_fact	1
result_projection	row-0161:helper:require_extended_connect_negotiation_cases:require_request_header_failure_fact	1
result_projection	row-0162:helper:require_extended_connect_negotiation_cases:require_request_header_failure_fact	1
result_projection	row-0163:helper:require_extended_connect_negotiation_cases:require_request_header_failure_fact	1
result_projection	row-0164:helper:require_extended_connect_negotiation_cases:require_frame_decoded	1
result_projection	row-0165:helper:require_extended_connect_negotiation_cases:require_frame_decoded	1
result_projection	row-0166:helper:require_extended_connect_negotiation_cases:require_equal_int	1
result_projection	row-0167:helper:require_extended_connect_negotiation_cases:require_equal_int	1
result_projection	row-0168:helper:require_extended_connect_negotiation_cases:require_failure_with_id	1
result_projection	row-0169:helper:require_extended_connect_negotiation_cases:require_failure_with_id	1
result_projection	row-0170:helper:require_extended_connect_negotiation_cases:require_equal_int	1
result_projection	row-0171:helper:require_extended_connect_negotiation_cases:require_outbound_settings_rejected_for_role	1
result_projection	row-0172:helper:require_extended_connect_negotiation_cases:require_equal_int	1
result_projection	row-0173:helper:require_hpack_static_request_scheme_validation:require_frame_decoded	1
result_projection	row-0174:helper:require_hpack_static_request_scheme_validation:require_frame_decoded	1
result_projection	row-0175:helper:require_hpack_static_request_scheme_validation:require_frame_decoded	1
result_projection	row-0176:helper:require_hpack_static_request_scheme_validation:require_frame_decoded	1
result_projection	row-0177:helper:require_hpack_static_request_scheme_validation:require_request_header_failure_detail	1
result_projection	row-0178:helper:require_hpack_static_request_scheme_validation:require_request_header_failure_detail	1
result_projection	row-0179:helper:require_hpack_static_request_scheme_validation:require_request_header_failure_detail	1
result_projection	row-0180:helper:require_hpack_static_request_scheme_validation:require_request_header_failure_detail	1
result_projection	row-0181:helper:require_hpack_static_request_scheme_validation:require_frame_decoded	1
result_projection	row-0182:helper:require_hpack_static_request_authority_validation:require_frame_decoded	1
result_projection	row-0183:helper:require_hpack_static_request_authority_validation:require_frame_decoded	1
result_projection	row-0184:helper:require_hpack_static_request_authority_validation:require_frame_decoded	1
result_projection	row-0185:helper:require_hpack_static_request_authority_validation:require_request_header_failure_detail	1
result_projection	row-0186:helper:require_hpack_static_request_authority_validation:require_request_header_failure_detail	1
result_projection	row-0187:helper:require_hpack_static_request_authority_validation:require_request_header_failure_detail	1
result_projection	row-0188:helper:require_hpack_static_request_authority_validation:require_request_header_failure_detail	1
result_projection	row-0189:helper:require_hpack_static_request_authority_validation:require_frame_decoded	1
result_projection	row-0190:helper:require_production_request_content_length_validation:require_frame_decoded	1
result_projection	row-0191:helper:require_production_request_content_length_validation:require_frame_decoded	1
result_projection	row-0192:helper:require_production_request_content_length_validation:require_request_header_failure_fact	1
result_projection	row-0193:helper:require_production_request_content_length_validation:require_request_header_failure_fact	1
result_projection	row-0194:helper:require_production_request_content_length_validation:require_request_header_failure_fact	1
result_projection	row-0195:helper:require_production_request_content_length_validation:require_request_header_failure_fact	1
result_projection	row-0196:helper:require_production_request_content_length_validation:require_request_header_failure_fact	1
result_projection	row-0197:helper:require_production_request_content_length_validation:require_request_header_failure_fact	1
result_projection	row-0198:helper:require_production_request_content_length_validation:require_frame_decoded	1
result_projection	row-0199:helper:require_production_request_content_length_validation:require_request_header_failure_fact	1
result_projection	row-0200:helper:require_projected_hpack_fixture_failure:require_hpack_fixture_failure	1
result_projection	row-0201:helper:continue_http2_deep_dynamic_path_state:require_hpack_transition_header	1
result_projection	row-0202:helper:print_hpack_wide_dynamic_name_cases:require_hpack_transition_header	1
result_projection	row-0203:helper:print_hpack_wide_dynamic_name_cases:require_hpack_transition_header	1
result_projection	row-0204:helper:print_hpack_wide_dynamic_name_cases:require_hpack_transition_header	1
result_projection	row-0205:helper:print_hpack_wide_dynamic_name_cases:require_hpack_dynamic_core_index_failure	1
result_projection	row-0206:helper:print_hpack_wide_dynamic_name_cases:require_hpack_transition_header	1
result_projection	row-0207:helper:print_hpack_wide_dynamic_name_cases:require_hpack_transition_header	1
result_projection	row-0208:helper:print_hpack_wide_dynamic_name_cases:require_hpack_transition_header	1
result_projection	row-0209:helper:print_hpack_wide_dynamic_name_cases:require_hpack_transition_header	1
result_projection	row-0210:helper:print_hpack_wide_dynamic_name_cases:require_hpack_transition_header	1
result_projection	row-0211:helper:print_hpack_wide_dynamic_name_cases:require_hpack_transition_header	1
result_projection	row-0212:helper:print_hpack_wide_dynamic_name_cases:require_hpack_transition_header	1
result_projection	row-0213:helper:print_hpack_wide_dynamic_name_cases:require_hpack_transition_header	1
result_projection	row-0214:helper:print_hpack_wide_dynamic_name_cases:require_hpack_transition_header	1
result_projection	row-0215:helper:print_hpack_insertion_eviction_cases:require_hpack_transition_header	1
result_projection	row-0216:helper:print_hpack_insertion_eviction_cases:require_hpack_fixture_failure	1
result_projection	row-0217:helper:print_hpack_dynamic_name_failure_cases:require_projected_hpack_fixture_failure	1
result_projection	row-0218:helper:print_hpack_dynamic_name_failure_cases:require_projected_hpack_fixture_failure	1
result_projection	row-0219:helper:print_hpack_dynamic_name_failure_cases:require_projected_hpack_fixture_failure	1
result_projection	row-0220:helper:print_hpack_dynamic_name_failure_cases:require_projected_hpack_fixture_failure	1
result_projection	row-0221:helper:print_hpack_stateful_replacement_cases:require_frame_decoded	1
result_projection	row-0222:helper:print_hpack_stateful_replacement_cases:require_hpack_transition_header	1
result_projection	row-0223:helper:print_hpack_stateful_replacement_cases:require_hpack_transition_header	1
result_projection	row-0224:helper:print_hpack_stateful_replacement_cases:require_hpack_transition_header	1
result_projection	row-0225:helper:print_hpack_stateful_replacement_cases:require_hpack_transition_header	1
result_projection	row-0226:helper:print_hpack_stateful_replacement_cases:require_hpack_transition_header	1
result_projection	row-0227:helper:print_hpack_stateful_replacement_cases:require_hpack_transition_header	1
result_projection	row-0228:helper:print_hpack_stateful_replacement_cases:require_hpack_state_table_size	1
result_projection	row-0229:helper:print_hpack_stateful_replacement_cases:require_hpack_fixture_failure	1
result_projection	row-0230:helper:print_hpack_stateful_replacement_cases:require_hpack_state_table_size	1
result_projection	row-0231:helper:print_hpack_stateful_replacement_cases:require_hpack_transition_header	1
result_projection	row-0232:helper:print_hpack_stateful_replacement_cases:require_hpack_fixture_failure	1
result_projection	row-0233:helper:print_hpack_stateful_replacement_cases:require_hpack_transition_header	1
result_projection	row-0234:helper:print_hpack_stateful_replacement_cases:require_hpack_state_table_size	1
result_projection	row-0235:helper:print_hpack_stateful_replacement_cases:require_hpack_fixture_failure	1
result_projection	row-0236:helper:print_hpack_stateful_replacement_cases:require_hpack_state_table_size	1
result_projection	row-0237:helper:print_hpack_stateful_replacement_cases:require_hpack_transition_header	1
result_projection	row-0238:helper:print_hpack_stateful_replacement_cases:require_hpack_fixture_failure	1
result_projection	row-0239:helper:print_hpack_dynamic_table_cases:require_projected_hpack_fixture_failure	1
result_projection	row-0240:helper:print_hpack_dynamic_table_cases:require_hpack_transition_header	1
result_projection	row-0241:helper:print_hpack_dynamic_table_cases:require_completed_header_list_decode	1
result_projection	row-0242:helper:print_hpack_dynamic_table_cases:require_hpack_transition_header	1
result_projection	row-0243:helper:print_hpack_dynamic_table_cases:require_hpack_transition_header	1
result_projection	row-0244:helper:print_hpack_dynamic_table_cases:require_completed_header_list_decode	1
result_projection	row-0245:helper:print_hpack_dynamic_table_cases:require_hpack_transition_header	1
result_projection	row-0246:helper:print_hpack_dynamic_table_cases:require_hpack_transition_header	1
result_projection	row-0247:helper:print_hpack_dynamic_table_cases:require_hpack_transition_header	1
result_projection	row-0248:helper:print_hpack_dynamic_table_cases:require_hpack_transition_header	1
result_projection	row-0249:helper:print_hpack_dynamic_table_cases:require_completed_header_list_decode	1
result_projection	row-0250:helper:print_hpack_dynamic_table_cases:require_hpack_transition_header	1
result_projection	row-0251:helper:print_hpack_dynamic_table_cases:require_projected_hpack_fixture_failure	1
result_projection	row-0252:helper:print_hpack_dynamic_table_cases:require_hpack_transition_header	1
result_projection	row-0253:helper:print_hpack_dynamic_table_cases:require_hpack_transition_header	1
result_projection	row-0254:helper:print_hpack_dynamic_table_cases:require_hpack_transition_header	1
result_projection	row-0255:helper:print_hpack_dynamic_table_cases:require_completed_header_list_decode	1
result_projection	row-0256:helper:print_hpack_dynamic_table_cases:require_hpack_transition_header	1
result_projection	row-0257:helper:print_hpack_dynamic_table_cases:require_hpack_transition_header	1
result_projection	row-0258:helper:print_hpack_dynamic_table_cases:require_hpack_fixture_failure	1
result_projection	row-0259:helper:print_hpack_dynamic_table_cases:require_hpack_state_table_size	1
result_projection	row-0260:helper:print_hpack_dynamic_table_cases:require_hpack_fixture_failure	1
result_projection	row-0261:helper:require_hpack_multiple_table_size_cases:require_completed_header_list_decode	1
result_projection	row-0262:helper:require_hpack_multiple_table_size_cases:require_hpack_state_table_size	1
result_projection	row-0263:helper:require_hpack_multiple_table_size_cases:require_completed_header_list_decode	1
result_projection	row-0264:helper:require_hpack_multiple_table_size_cases:require_hpack_state_table_size	1
result_projection	row-0265:helper:require_hpack_multiple_table_size_cases:require_completed_header_list_decode	1
result_projection	row-0266:helper:require_hpack_multiple_table_size_cases:require_hpack_state_table_size	1
result_projection	row-0267:helper:require_hpack_multiple_table_size_cases:require_hpack_state_dynamic_entry_count	1
result_projection	row-0268:helper:require_hpack_multiple_table_size_cases:require_completed_header_list_decode	1
result_projection	row-0269:helper:require_hpack_multiple_table_size_cases:require_hpack_state_table_size	1
result_projection	row-0270:helper:require_hpack_multiple_table_size_cases:require_hpack_state_dynamic_entry_count	1
result_projection	row-0271:helper:require_hpack_multiple_table_size_cases:require_failure_with_id	1
result_projection	row-0272:helper:require_hpack_multiple_table_size_cases:require_hpack_state_table_size	1
result_projection	row-0273:helper:require_hpack_multiple_table_size_cases:require_hpack_state_dynamic_entry_count	1
result_projection	row-0274:helper:require_hpack_multiple_table_size_cases:require_failure_with_id	1
result_projection	row-0275:helper:require_hpack_multiple_table_size_cases:require_hpack_state_table_size	1
result_projection	row-0276:helper:require_hpack_multiple_table_size_cases:require_failure_with_id	1
result_projection	row-0277:helper:require_hpack_multiple_table_size_cases:require_hpack_state_table_size	1
result_projection	row-0278:helper:require_hpack_multiple_table_size_cases:require_failure_with_id	1
result_projection	row-0279:helper:require_hpack_multiple_table_size_cases:require_hpack_state_table_size	1
result_projection	row-0280:helper:require_hpack_multiple_table_size_cases:require_failure_with_id	1
result_projection	row-0281:helper:require_hpack_multiple_table_size_cases:require_hpack_state_table_size	1
result_projection	row-0282:helper:require_hpack_multiple_table_size_cases:require_completed_header_list_decode	1
result_projection	row-0283:helper:require_hpack_multiple_table_size_cases:require_hpack_state_table_size	1
result_projection	row-0284:helper:require_hpack_multiple_table_size_cases:require_failure_with_id	1
result_projection	row-0285:helper:require_hpack_multiple_table_size_cases:require_hpack_state_table_size	1
result_projection	row-0286:helper:require_hpack_multiple_table_size_cases:require_failure_with_id	1
result_projection	row-0287:helper:require_hpack_multiple_table_size_cases:require_hpack_state_table_size	1
result_projection	row-0288:helper:require_hpack_multiple_table_size_cases:require_hpack_state_dynamic_entry_count	1
result_projection	row-0289:helper:require_hpack_multiple_table_size_cases:require_completed_header_list_decode	1
result_projection	row-0290:helper:require_hpack_multiple_table_size_cases:require_hpack_state_table_size	1
result_projection	row-0291:helper:require_hpack_multiple_table_size_cases:require_hpack_state_dynamic_entry_count	1
result_projection	row-0292:helper:print_hpack_table_size_cases:require_hpack_multiple_table_size_cases	1
result_projection	row-0293:helper:print_hpack_table_size_cases:require_hpack_fixture_failure	1
result_projection	row-0294:helper:print_hpack_table_size_cases:require_hpack_fixture_failure	1
result_projection	row-0295:helper:print_hpack_table_size_cases:require_hpack_fixture_failure	1
result_projection	row-0296:helper:print_hpack_table_size_cases:require_hpack_fixture_failure	1
result_projection	row-0297:helper:verify_headers_padding_cases:require_frame_decoded	1
result_projection	row-0298:helper:verify_headers_padding_cases:require_header_block_bytes	1
result_projection	row-0299:helper:verify_headers_padding_cases:require_frame_decoded	1
result_projection	row-0300:helper:verify_headers_padding_cases:require_header_block_bytes	1
result_projection	row-0301:helper:verify_headers_padding_cases:require_equal_int	1
result_projection	row-0302:helper:verify_headers_padding_cases:require_failure_with_id	1
result_projection	row-0303:helper:verify_headers_padding_cases:require_headers_padding_rejection_preserves_state	1
result_projection	row-0304:helper:verify_headers_padding_cases:require_equal_int	1
result_projection	row-0305:helper:verify_headers_padding_cases:require_frame_decoded	1
result_projection	row-0306:helper:verify_headers_padding_cases:require_header_block_bytes	1
result_projection	row-0307:helper:verify_headers_padding_cases:require_frame_decoded	1
result_projection	row-0308:helper:verify_headers_padding_cases:require_header_block_bytes	1
result_projection	row-0309:helper:verify_headers_padding_cases:require_equal_int	1
result_projection	row-0310:helper:verify_headers_padding_cases:require_failure_with_id	1
result_projection	row-0311:helper:verify_headers_padding_cases:require_headers_padding_rejection_preserves_state	1
result_projection	row-0312:helper:verify_headers_padding_cases:require_failure_with_id	1
result_projection	row-0313:helper:verify_headers_padding_cases:require_headers_padding_rejection_preserves_state	1
result_projection	row-0314:helper:verify_headers_padding_cases:require_failure_with_id	1
result_projection	row-0315:helper:verify_headers_padding_cases:require_headers_padding_rejection_preserves_state	1
result_projection	row-0316:helper:require_headers_padding_rejection_preserves_state:require_client_push_ordering_rejection_preserves_state	1
result_projection	row-0317:helper:verify_outbound_multi_stream_flow_control:require_outbound_credit_update_rejected	1
result_projection	row-0318:helper:verify_outbound_multi_stream_flow_control:require_outbound_credit_update_rejected	1
result_projection	row-0319:helper:verify_outbound_multi_stream_flow_control:require_outbound_credit_update_rejected	1
result_projection	row-0320:helper:verify_outbound_multi_stream_flow_control:require_outbound_credit_update_rejected	1
result_projection	row-0321:helper:verify_outbound_multi_stream_flow_control:require_outbound_credit_update_rejected	1
result_projection	row-0322:helper:verify_outbound_multi_stream_flow_control:require_outbound_credit_update_rejected	1
result_projection	row-0323:helper:verify_outbound_multi_stream_flow_control:require_outbound_credit_update_rejected	1
result_projection	row-0324:helper:verify_outbound_multi_stream_flow_control:require_outbound_data_rejected	1
result_projection	row-0325:helper:verify_outbound_multi_stream_flow_control:require_outbound_data_rejected	1
result_projection	row-0326:helper:verify_duplicate_settings_flow_control:require_outbound_data_rejected	1
result_projection	row-0327:helper:verify_duplicate_settings_flow_control:require_outbound_data_rejected	1
result_projection	row-0328:helper:verify_initial_window_overflow_flow_control:require_equal_int	1
result_projection	row-0329:helper:verify_initial_window_overflow_flow_control:require_outbound_credit_update_rejected	1
result_projection	row-0330:helper:verify_initial_window_overflow_flow_control:require_equal_int	1
result_projection	row-0331:helper:verify_initial_window_overflow_flow_control:require_equal_int	1
result_projection	row-0332:helper:verify_initial_window_overflow_flow_control:require_outbound_credit_update_rejected	1
result_projection	row-0333:helper:verify_initial_window_overflow_flow_control:require_equal_int	1
result_projection	row-0334:helper:verify_initial_window_overflow_flow_control:require_equal_int	1
result_projection	row-0335:helper:verify_initial_window_overflow_flow_control:require_equal_int	1
result_projection	row-0336:helper:verify_initial_window_overflow_flow_control:require_equal_int	1
result_projection	row-0337:helper:verify_initial_window_overflow_flow_control:require_equal_int	1
result_projection	row-0338:helper:verify_initial_window_overflow_flow_control:require_equal_int	1
result_projection	row-0339:helper:verify_initial_window_overflow_flow_control:require_outbound_data_rejected	1
result_projection	row-0340:helper:print_outbound_push_promise_dynamic_name_indexed_cases:require_outbound_push_promise_hpack_transition	1
result_projection	row-0341:helper:print_outbound_push_promise_dynamic_name_indexed_cases:require_outbound_push_promise_hpack_transition	1
result_projection	row-0342:helper:print_outbound_push_promise_dynamic_name_indexed_cases:require_outbound_push_promise_hpack_transition	1
result_projection	row-0343:helper:print_outbound_push_promise_static_accept_encoding_case:require_outbound_push_promise_from_list	1
result_projection	row-0344:helper:print_outbound_push_promise_static_accept_encoding_case:require_outbound_push_promise_from_list	1
result_projection	row-0345:helper:print_outbound_push_promise_static_accept_encoding_case:require_outbound_push_promise_from_list	1
result_projection	row-0346:helper:print_peer_header_table_size_outbound_hpack_cases:require_outbound_hpack_encode_transition	1
result_projection	row-0347:helper:print_peer_header_table_size_outbound_hpack_cases:require_outbound_hpack_encode_transition	1
result_projection	row-0348:helper:print_peer_header_table_size_outbound_hpack_cases:require_outbound_hpack_encode_transition	1
result_projection	row-0349:helper:print_peer_header_table_size_outbound_hpack_cases:require_outbound_hpack_encode_transition	1
result_projection	row-0350:helper:print_peer_header_table_size_outbound_hpack_cases:require_outbound_hpack_encode_transition	1
result_projection	row-0351:helper:print_outbound_headers_never_indexed_cases:require_outbound_hpack_encode_transition	1
result_projection	row-0352:helper:print_outbound_headers_never_indexed_cases:require_outbound_hpack_encode_transition	1
result_projection	row-0353:helper:print_outbound_headers_dynamic_name_indexed_cases:require_outbound_hpack_encode_transition	1
result_projection	row-0354:helper:print_outbound_headers_dynamic_name_indexed_cases:require_outbound_hpack_encode_transition	1
result_projection	row-0355:helper:print_outbound_headers_dynamic_name_indexed_cases:require_outbound_hpack_encode_transition	1
result_projection	row-0356:helper:print_outbound_headers_dynamic_name_indexed_cases:require_outbound_hpack_encode_transition	1
result_projection	row-0357:helper:print_outbound_headers_dynamic_name_indexed_cases:require_outbound_hpack_encode_transition	1
result_projection	row-0358:helper:print_outbound_headers_selected_cases:require_outbound_headers_hpack_transition	1
result_projection	row-0359:helper:print_outbound_headers_selected_cases:require_outbound_headers_hpack_transition	1
result_projection	row-0360:helper:check_atomic_production_hpack_failure:require_hpack_bytes	1
result_projection	row-0361:helper:check_atomic_production_hpack_failure:require_production_hpack_state	1
result_projection	row-0362:helper:check_atomic_production_headers_failure:require_hpack_bytes	1
result_projection	row-0363:helper:check_atomic_production_headers_failure:require_production_hpack_state	1
result_projection	row-0364:helper:check_production_headers_frames:require_outbound_headers_hpack_transition	1
result_projection	row-0365:helper:check_production_peer_capacity_reduction:require_outbound_hpack_encode_transition	1
result_projection	row-0366:helper:check_production_peer_capacity_reduction:require_hpack_bytes	1
result_projection	row-0367:helper:check_production_peer_capacity_reduction:require_production_hpack_state	1
result_projection	row-0368:helper:check_production_push_promise_frames:require_outbound_push_promise_hpack_transition	1
result_projection	row-0369:helper:check_production_outbound_octet_values:require_outbound_hpack_encode_transition	1
result_projection	row-0370:helper:check_production_outbound_octet_values:require_hpack_bytes	1
result_projection	row-0371:helper:check_production_outbound_octet_values:require_production_state_octets	1
result_projection	row-0372:helper:check_production_outbound_octet_values:require_outbound_hpack_encode_transition	1
result_projection	row-0373:helper:check_production_outbound_octet_values:require_hpack_bytes	1
result_projection	row-0374:helper:check_production_outbound_octet_values:require_outbound_hpack_encode_transition	1
result_projection	row-0375:helper:check_production_outbound_octet_values:require_hpack_bytes	1
result_projection	row-0376:helper:check_production_outbound_octet_values:require_outbound_hpack_encode_transition	1
result_projection	row-0377:helper:check_production_outbound_octet_values:require_hpack_bytes	1
result_projection	row-0378:helper:check_production_outbound_octet_values:require_production_hpack_state	1
result_projection	row-0379:helper:check_production_outbound_octet_values:require_outbound_hpack_encode_transition	1
result_projection	row-0380:helper:check_production_outbound_octet_values:require_hpack_bytes	1
result_projection	row-0381:helper:check_production_outbound_octet_values:require_production_hpack_state	1
result_projection	row-0382:helper:check_production_outbound_octet_values:require_hpack_bytes	1
result_projection	row-0383:helper:check_production_push_promise_frames_for_fields:require_outbound_push_promise_hpack_transition	1
result_projection	row-0384:helper:check_production_outbound_header_fields:require_outbound_hpack_encode_transition	1
result_projection	row-0385:helper:check_production_outbound_header_fields:require_hpack_bytes	1
result_projection	row-0386:helper:check_production_outbound_header_fields:require_production_hpack_state	1
result_projection	row-0387:helper:check_production_outbound_header_fields:require_outbound_hpack_encode_transition	1
result_projection	row-0388:helper:check_production_outbound_header_fields:require_hpack_bytes	1
result_projection	row-0389:helper:check_production_outbound_header_fields:require_production_hpack_state	1
result_projection	row-0390:helper:check_production_outbound_header_fields:require_outbound_hpack_encode_transition	1
result_projection	row-0391:helper:check_production_outbound_header_fields:require_outbound_hpack_encode_transition	1
result_projection	row-0392:helper:check_production_outbound_header_fields:require_production_hpack_state	1
result_projection	row-0393:helper:check_production_outbound_header_fields:require_outbound_hpack_encode_transition	1
result_projection	row-0394:helper:check_production_outbound_header_fields:require_outbound_hpack_encode_transition	1
result_projection	row-0395:helper:check_production_outbound_header_fields:require_production_hpack_state	1
result_projection	row-0396:helper:require_production_route_failure:require_hpack_states_equal	1
result_projection	row-0397:helper:check_production_inbound_header_fields:require_production_inbound_transition	1
result_projection	row-0398:helper:check_production_inbound_header_fields:require_production_inbound_field	1
result_projection	row-0399:helper:check_production_inbound_header_fields:require_production_inbound_field	1
result_projection	row-0400:helper:check_production_inbound_header_fields:require_production_inbound_field	1
result_projection	row-0401:helper:check_production_inbound_header_fields:require_production_inbound_transition	1
result_projection	row-0402:helper:check_production_inbound_header_fields:require_production_inbound_transition	1
result_projection	row-0403:helper:check_production_inbound_header_fields:require_production_inbound_field	1
result_projection	row-0404:helper:check_production_inbound_header_fields:require_production_inbound_transition	1
result_projection	row-0405:helper:check_production_inbound_header_fields:require_production_inbound_field	1
result_projection	row-0406:helper:check_production_inbound_header_fields:require_production_inbound_failure	1
result_projection	row-0407:helper:check_production_inbound_header_fields:require_production_inbound_failure	1
result_projection	row-0408:helper:check_production_inbound_header_fields:require_production_inbound_failure	1
result_projection	row-0409:helper:check_production_inbound_header_fields:require_production_inbound_transition	1
result_projection	row-0410:helper:check_production_inbound_header_fields:require_production_inbound_field	1
result_projection	row-0411:helper:check_production_inbound_header_fields:require_production_inbound_transition	1
result_projection	row-0412:helper:check_production_inbound_header_fields:require_production_inbound_octets	1
result_projection	row-0413:helper:check_production_inbound_header_fields:require_production_inbound_transition	1
result_projection	row-0414:helper:check_production_inbound_header_fields:require_production_inbound_octets	1
result_projection	row-0415:helper:check_production_inbound_header_fields:require_production_inbound_transition	1
result_projection	row-0416:helper:check_production_inbound_header_fields:require_production_inbound_octets	1
result_projection	row-0417:helper:check_production_inbound_header_fields:require_production_inbound_transition	1
result_projection	row-0418:helper:check_production_inbound_header_fields:require_production_inbound_octets	1
result_projection	row-0419:helper:check_production_inbound_header_fields:require_production_state_octets	1
result_projection	row-0420:helper:check_production_inbound_header_fields:require_production_inbound_transition	1
result_projection	row-0421:helper:check_production_inbound_header_fields:require_production_inbound_octets	1
result_projection	row-0422:helper:check_production_inbound_header_fields:require_production_inbound_transition	1
result_projection	row-0423:helper:check_production_inbound_header_fields:require_production_inbound_octets	1
result_projection	row-0424:helper:check_production_inbound_header_fields:require_production_inbound_transition	1
result_projection	row-0425:helper:check_production_inbound_header_fields:require_production_state_octets	1
result_projection	row-0426:helper:check_production_inbound_header_fields:require_production_inbound_transition	1
result_projection	row-0427:helper:check_production_inbound_header_fields:require_production_inbound_transition	1
result_projection	row-0428:helper:require_production_update_route:require_production_inbound_field	1
result_projection	row-0429:helper:check_production_inbound_http2_routes:require_production_inbound_octets	1
result_projection	row-0430:helper:check_production_inbound_http2_routes:require_production_inbound_octets	1
result_projection	row-0431:helper:check_production_inbound_http2_routes:require_production_inbound_octets	1
result_projection	row-0432:helper:check_production_inbound_http2_routes:require_production_inbound_octets	1
result_projection	row-0433:helper:check_production_inbound_http2_routes:require_hpack_states_equal	1
result_projection	row-0434:helper:check_production_inbound_http2_routes:require_failure_with_id	1
result_projection	row-0435:helper:check_production_inbound_http2_routes:require_hpack_states_equal	1
result_projection	row-0436:helper:check_production_inbound_http2_routes:require_request_header_failure_detail	1
result_projection	row-0437:helper:check_production_inbound_http2_routes:require_hpack_states_equal	1
result_projection	row-0438:helper:check_production_inbound_http2_routes:require_production_update_route	1
result_projection	row-0439:helper:check_production_inbound_http2_routes:require_production_update_route	1
result_projection	row-0440:helper:check_production_inbound_http2_routes:require_production_inbound_field	1
result_projection	row-0441:helper:check_production_inbound_http2_routes:require_production_route_failure	1
result_projection	row-0442:helper:check_production_inbound_http2_routes:require_production_route_failure	1
result_projection	row-0443:helper:check_production_inbound_http2_routes:require_production_route_failure	1
result_projection	row-0444:helper:check_production_inbound_http2_routes:require_production_route_failure	1
result_projection	row-0445:helper:check_production_inbound_http2_routes:require_production_route_failure	1
result_projection	row-0446:helper:check_production_inbound_http2_routes:require_request_header_failure_fact	1
result_projection	row-0447:helper:check_production_inbound_http2_routes:require_response_header_failure_fact	1
result_projection	row-0448:helper:check_production_inbound_http2_routes:require_request_header_failure_fact	1
result_projection	row-0449:helper:check_production_inbound_http2_routes:require_request_header_failure_fact	1
result_projection	row-0450:helper:check_production_inbound_http2_routes:require_hpack_states_equal	1
result_projection	row-0451:helper:print_outbound_headers_dynamic_name_huffman_cases:require_outbound_hpack_encode_transition	1
result_projection	row-0452:helper:print_outbound_headers_dynamic_name_huffman_cases:require_outbound_hpack_encode_transition	1
result_projection	row-0453:helper:print_outbound_headers_dynamic_name_huffman_cases:require_outbound_hpack_encode_transition	1
result_projection	row-0454:helper:print_outbound_headers_dynamic_name_huffman_cases:require_outbound_hpack_encode_transition	1
result_projection	row-0455:helper:print_outbound_headers_huffman_name_cases:require_outbound_hpack_encode_transition	1
result_projection	row-0456:helper:print_outbound_headers_huffman_name_cases:require_outbound_hpack_encode_transition	1
result_projection	row-0457:helper:print_outbound_headers_table_size_eviction_cases:require_outbound_hpack_encode_state	1
result_projection	row-0458:helper:print_outbound_headers_table_size_eviction_cases:require_outbound_hpack_encode_transition	1
result_projection	row-0459:helper:print_outbound_headers_table_size_eviction_cases:require_outbound_hpack_encode_state	1
result_projection	row-0460:helper:print_outbound_headers_table_size_eviction_cases:require_outbound_hpack_encode_transition	1
result_projection	row-0461:helper:print_outbound_headers_table_size_eviction_cases:require_outbound_hpack_encode_state	1
result_projection	row-0462:helper:print_outbound_headers_table_size_eviction_cases:require_outbound_hpack_encode_transition	1
result_projection	row-0463:helper:print_outbound_headers_table_size_eviction_cases:require_outbound_hpack_encode_transition	1
result_projection	row-0464:helper:print_outbound_headers_table_size_eviction_cases:require_outbound_hpack_encode_transition	1
result_projection	row-0465:helper:print_outbound_headers_table_size_eviction_cases:require_outbound_hpack_encode_transition	1
result_projection	row-0466:helper:print_outbound_headers_table_size_eviction_cases:require_outbound_hpack_encode_transition	1
result_projection	row-0467:helper:print_outbound_headers_table_size_eviction_cases:require_outbound_hpack_encode_transition	1
result_projection	row-0468:helper:print_outbound_headers_static_accept_encoding_case:require_outbound_headers_from_list	1
result_projection	row-0469:helper:print_outbound_headers_static_generalized_cases:require_outbound_headers_from_list	1
result_projection	row-0470:helper:print_outbound_headers_static_generalized_cases:require_outbound_headers_from_list	1
result_projection	row-0471:helper:print_outbound_headers_static_generalized_cases:require_outbound_headers_from_list	1
result_projection	row-0472:helper:print_outbound_headers_ordinary_indexed_cases:require_outbound_hpack_encode_transition	1
result_projection	row-0473:helper:print_outbound_headers_ordinary_indexed_cases:require_outbound_hpack_encode_transition	1
result_projection	row-0474:helper:verify_outbound_local_stream_lifecycle_cases:require_outbound_headers_connection_accepted	1
result_projection	row-0475:helper:verify_outbound_local_stream_lifecycle_cases:require_equal_int	1
result_projection	row-0476:helper:verify_outbound_local_stream_lifecycle_cases:require_outbound_headers_connection_accepted	1
result_projection	row-0477:helper:verify_outbound_local_stream_lifecycle_cases:require_equal_int	1
result_projection	row-0478:helper:verify_outbound_local_stream_lifecycle_cases:require_outbound_headers_connection_accepted	1
result_projection	row-0479:helper:verify_outbound_local_stream_lifecycle_cases:require_outbound_headers_connection_failure	1
result_projection	row-0480:helper:verify_outbound_local_stream_lifecycle_cases:require_outbound_headers_connection_state_preserved	1
result_projection	row-0481:helper:verify_outbound_local_stream_lifecycle_cases:require_outbound_headers_connection_accepted	1
result_projection	row-0482:helper:verify_outbound_local_stream_lifecycle_cases:require_outbound_headers_connection_failure	1
result_projection	row-0483:helper:verify_outbound_local_stream_lifecycle_cases:require_outbound_headers_connection_state_preserved	1
result_projection	row-0484:helper:verify_outbound_local_stream_role_and_domain_cases:require_outbound_headers_connection_failure	1
result_projection	row-0485:helper:verify_outbound_local_stream_role_and_domain_cases:require_outbound_headers_connection_failure	1
result_projection	row-0486:helper:verify_outbound_local_stream_role_and_domain_cases:require_outbound_headers_connection_failure	1
result_projection	row-0487:helper:verify_outbound_local_stream_role_and_domain_cases:require_outbound_headers_connection_failure	1
result_projection	row-0488:helper:verify_outbound_local_stream_role_and_domain_cases:require_outbound_headers_connection_state_preserved	1
result_projection	row-0489:helper:verify_outbound_local_stream_role_and_domain_cases:require_outbound_headers_connection_accepted	1
result_projection	row-0490:helper:verify_outbound_local_stream_validation_cases:require_outbound_headers_connection_failure	1
result_projection	row-0491:helper:verify_outbound_local_stream_validation_cases:require_outbound_headers_connection_state_preserved	1
result_projection	row-0492:helper:verify_outbound_local_stream_validation_cases:require_outbound_headers_connection_failure	1
result_projection	row-0493:helper:verify_outbound_local_stream_validation_cases:require_outbound_headers_connection_state_preserved	1
result_projection	row-0494:helper:verify_outbound_local_stream_validation_cases:require_outbound_headers_connection_failure	1
result_projection	row-0495:helper:verify_outbound_local_stream_validation_cases:require_outbound_headers_connection_state_preserved	1
result_projection	row-0496:helper:verify_outbound_local_stream_validation_cases:require_outbound_headers_connection_accepted	1
result_projection	row-0497:helper:verify_outbound_local_stream_validation_cases:require_outbound_headers_connection_accepted	1
result_projection	row-0498:helper:verify_outbound_local_stream_validation_cases:require_equal_int	1
result_projection	row-0499:helper:verify_outbound_local_stream_hpack_cases:require_outbound_headers_connection_transition	1
result_projection	row-0500:helper:verify_outbound_local_stream_hpack_cases:require_outbound_headers_connection_accepted	1
result_projection	row-0501:helper:verify_outbound_local_stream_hpack_cases:require_outbound_headers_connection_transition	1
result_projection	row-0502:helper:verify_outbound_local_stream_hpack_cases:require_outbound_headers_connection_failure	1
result_projection	row-0503:helper:verify_outbound_local_stream_hpack_cases:require_outbound_headers_connection_state_preserved	1
result_projection	row-0504:helper:verify_outbound_local_stream_hpack_cases:require_outbound_headers_connection_accepted	1
result_projection	row-0505:helper:verify_outbound_headers_max_header_list_size_cases:require_outbound_headers_connection_transition	1
result_projection	row-0506:helper:verify_outbound_headers_max_header_list_size_cases:require_outbound_headers_connection_accepted	1
result_projection	row-0507:helper:verify_outbound_headers_max_header_list_size_cases:require_outbound_headers_connection_transition	1
result_projection	row-0508:helper:verify_outbound_headers_max_header_list_size_cases:require_outbound_headers_connection_failure	1
result_projection	row-0509:helper:verify_outbound_headers_max_header_list_size_cases:require_outbound_headers_connection_state_preserved	1
result_projection	row-0510:helper:verify_outbound_headers_max_header_list_size_cases:require_outbound_headers_connection_transition	1
result_projection	row-0511:helper:verify_outbound_headers_max_header_list_size_cases:require_outbound_headers_connection_accepted	1
result_projection	row-0512:helper:print_outbound_headers_cases:require_outbound_headers_from_list	1
result_projection	row-0513:helper:print_outbound_headers_cases:require_outbound_headers_from_list	1
result_projection	row-0514:helper:print_outbound_headers_cases:require_outbound_headers_from_list	1
result_projection	row-0515:helper:print_outbound_headers_cases:require_outbound_headers_from_list	1
result_projection	row-0516:helper:print_outbound_headers_cases:require_outbound_headers_from_list	1
result_projection	row-0517:helper:print_outbound_headers_cases:require_outbound_headers_from_list	1
result_projection	row-0518:helper:print_outbound_headers_cases:require_outbound_hpack_encode_transition	1
result_projection	row-0519:helper:print_outbound_headers_cases:require_outbound_hpack_encode_transition	1
result_projection	row-0520:helper:print_outbound_headers_cases:require_outbound_hpack_encode_transition	1
result_projection	row-0521:helper:print_outbound_headers_cases:require_outbound_hpack_encode_transition	1
result_projection	row-0522:helper:print_outbound_headers_cases:require_outbound_hpack_encode_transition	1
result_projection	row-0523:helper:print_outbound_headers_cases:require_outbound_headers_from_list	1
result_projection	row-0524:helper:print_outbound_headers_cases:require_outbound_headers_from_list	1
result_projection	row-0525:helper:print_outbound_headers_cases:require_outbound_headers_from_list	1
result_projection	row-0526:helper:print_outbound_headers_cases:require_outbound_headers_from_list	1
result_projection	row-0527:helper:print_outbound_headers_cases:require_outbound_headers_from_list	1
result_projection	row-0528:helper:print_outbound_headers_cases:require_outbound_headers_from_list	1
result_projection	row-0529:helper:print_outbound_push_promise_cases:require_outbound_push_promise_from_list	1
result_projection	row-0530:helper:print_outbound_push_promise_cases:require_outbound_push_promise_from_list	1
result_projection	row-0531:helper:print_outbound_push_promise_cases:require_outbound_push_promise_from_list	1
result_projection	row-0532:helper:print_outbound_push_promise_cases:require_outbound_push_promise_hpack_transition	1
result_projection	row-0533:helper:print_outbound_push_promise_cases:require_outbound_push_promise_hpack_transition	1
result_projection	row-0534:helper:verify_outbound_push_promise_ordering_cases:require_outbound_push_promise_accepted	1
result_projection	row-0535:helper:verify_outbound_push_promise_ordering_cases:require_client_push_equal_int	1
result_projection	row-0536:helper:verify_outbound_push_promise_ordering_cases:require_client_push_equal_string	1
result_projection	row-0537:helper:verify_outbound_push_promise_ordering_cases:require_outbound_push_promise_accepted	1
result_projection	row-0538:helper:verify_outbound_push_promise_ordering_cases:require_outbound_push_promise_failure	1
result_projection	row-0539:helper:verify_outbound_push_promise_ordering_cases:require_outbound_push_promise_state_preserved	1
result_projection	row-0540:helper:verify_outbound_push_promise_ordering_cases:require_outbound_push_promise_failure	1
result_projection	row-0541:helper:verify_outbound_push_promise_ordering_cases:require_outbound_push_promise_state_preserved	1
result_projection	row-0542:helper:verify_outbound_push_promise_ordering_cases:require_outbound_push_promise_failure	1
result_projection	row-0543:helper:verify_outbound_push_promise_ordering_cases:require_outbound_push_promise_state_preserved	1
result_projection	row-0544:helper:verify_outbound_push_promise_ordering_cases:require_outbound_push_promise_failure	1
result_projection	row-0545:helper:verify_outbound_push_promise_ordering_cases:require_outbound_push_promise_state_preserved	1
result_projection	row-0546:helper:verify_outbound_push_promise_ordering_cases:require_outbound_push_promise_failure	1
result_projection	row-0547:helper:verify_outbound_push_promise_ordering_cases:require_outbound_push_promise_failure	1
result_projection	row-0548:helper:verify_outbound_push_promise_ordering_cases:require_outbound_push_promise_state_preserved	1
result_projection	row-0549:helper:verify_outbound_push_promise_ordering_cases:require_outbound_push_promise_failure	1
result_projection	row-0550:helper:verify_outbound_push_promise_ordering_cases:require_outbound_push_promise_state_preserved	1
result_projection	row-0551:helper:verify_outbound_push_promise_ordering_cases:require_outbound_push_promise_failure	1
result_projection	row-0552:helper:verify_outbound_push_promise_ordering_cases:require_outbound_push_promise_state_preserved	1
result_projection	row-0553:helper:verify_outbound_push_promise_ordering_cases:require_outbound_push_promise_accepted	1
result_projection	row-0554:helper:verify_outbound_push_promise_ordering_cases:require_outbound_push_promise_hpack_connection_transition	1
result_projection	row-0555:helper:verify_outbound_push_promise_ordering_cases:require_outbound_push_promise_accepted	1
result_projection	row-0556:helper:verify_outbound_push_promise_ordering_cases:require_outbound_push_promise_hpack_connection_transition	1
result_projection	row-0557:helper:verify_outbound_push_promise_ordering_cases:require_outbound_push_promise_failure	1
result_projection	row-0558:helper:verify_outbound_push_promise_ordering_cases:require_outbound_push_promise_state_preserved	1
result_projection	row-0559:helper:verify_outbound_push_promise_ordering_cases:require_outbound_push_promise_accepted	1
result_projection	row-0560:helper:verify_outbound_push_promise_max_header_list_size_cases:require_outbound_push_promise_hpack_connection_transition	1
result_projection	row-0561:helper:verify_outbound_push_promise_max_header_list_size_cases:require_outbound_push_promise_accepted	1
result_projection	row-0562:helper:verify_outbound_push_promise_max_header_list_size_cases:require_outbound_push_promise_hpack_connection_transition	1
result_projection	row-0563:helper:verify_outbound_push_promise_max_header_list_size_cases:require_outbound_push_promise_failure	1
result_projection	row-0564:helper:verify_outbound_push_promise_max_header_list_size_cases:require_outbound_push_promise_state_preserved	1
result_projection	row-0565:helper:verify_outbound_push_promise_max_header_list_size_cases:require_outbound_push_promise_hpack_connection_transition	1
result_projection	row-0566:helper:verify_outbound_push_promise_max_header_list_size_cases:require_outbound_push_promise_accepted	1
result_projection	row-0567:helper:print_stream_id_domain_cases:require_failure_with_id	1
result_projection	row-0568:helper:print_stream_id_domain_cases:require_request_header_failure_fact	1
result_projection	row-0569:helper:print_stream_id_domain_cases:require_peer_stream_failure_preserves_connection_state	1
result_projection	row-0570:helper:print_stream_id_domain_cases:require_request_header_failure_fact	1
result_projection	row-0571:helper:print_stream_id_domain_cases:require_peer_stream_failure_preserves_connection_state	1
result_projection	row-0572:helper:print_stream_id_domain_cases:require_frame_decoded	1
result_projection	row-0573:helper:print_stream_id_domain_cases:require_equal_int	1
result_projection	row-0574:helper:print_stream_id_domain_cases:require_closed_peer_stream_reuse_failure	1
result_projection	row-0575:helper:print_stream_id_domain_cases:require_peer_stream_failure_preserves_connection_state	1
result_projection	row-0576:helper:print_stream_id_domain_cases:require_failure_with_id	1
result_projection	row-0577:helper:print_stream_id_domain_cases:require_failure_with_id	1
result_projection	row-0578:helper:print_stream_id_domain_cases:require_peer_stream_failure_preserves_connection_state	1
result_projection	row-0579:helper:print_client_push_promise_cases:require_frame_decoded	1
result_projection	row-0580:helper:print_client_push_promise_cases:require_header_block_bytes	1
result_projection	row-0581:helper:print_client_push_promise_cases:require_equal_int	1
result_projection	row-0582:helper:print_client_push_promise_cases:require_equal_int	1
result_projection	row-0583:helper:print_client_push_promise_cases:require_frame_decoded	1
result_projection	row-0584:helper:print_client_push_promise_cases:require_header_block_bytes	1
result_projection	row-0585:helper:print_client_push_promise_cases:require_equal_int	1
result_projection	row-0586:helper:print_client_push_promise_cases:require_frame_decoded	1
result_projection	row-0587:helper:print_client_push_promise_cases:require_header_block_bytes	1
result_projection	row-0588:helper:print_client_push_promise_cases:require_failure_with_id	1
result_projection	row-0589:helper:print_client_push_promise_cases:require_client_push_ordering_rejection_preserves_state	1
result_projection	row-0590:helper:print_client_push_promise_cases:require_failure_with_id	1
result_projection	row-0591:helper:print_client_push_promise_cases:require_client_push_ordering_rejection_preserves_state	1
result_projection	row-0592:helper:print_client_push_promise_cases:require_failure_with_id	1
result_projection	row-0593:helper:print_client_push_promise_cases:require_client_push_ordering_rejection_preserves_state	1
result_projection	row-0594:helper:print_client_push_promise_cases:require_client_push_equal_string	1
result_projection	row-0595:helper:print_client_push_promise_cases:require_client_push_equal_int	1
result_projection	row-0596:helper:print_client_push_promise_cases:require_client_push_equal_int	1
result_projection	row-0597:helper:print_client_push_promise_cases:require_failure_with_id	1
result_projection	row-0598:helper:print_client_push_promise_cases:require_client_push_ordering_rejection_preserves_state	1
result_projection	row-0599:helper:print_client_push_promise_cases:require_failure_with_id	1
result_projection	row-0600:helper:print_client_push_promise_cases:require_client_push_ordering_rejection_preserves_state	1
result_projection	row-0601:helper:print_client_push_promise_cases:require_failure_with_id	1
result_projection	row-0602:helper:print_client_push_promise_cases:require_failure_with_id	1
result_projection	row-0603:helper:print_client_push_promise_cases:require_request_header_failure_fact	1
result_projection	row-0604:helper:print_client_push_promise_cases:require_request_header_failure_fact	1
result_projection	row-0605:helper:print_client_push_promise_cases:require_client_push_ordering_rejection_preserves_state	1
result_projection	row-0606:helper:print_hpack_header_block_case_with_header:require_hpack_transition_header	1
result_projection	row-0607:helper:print_hpack_general_string_literal_cases:require_hpack_transition_header	1
result_projection	row-0608:helper:print_hpack_general_string_literal_cases:require_hpack_transition_header	1
result_projection	row-0609:helper:print_request_header_validation_cases:require_peer_stream_failure_preserves_connection_state	1
result_projection	row-0610:helper:print_request_header_validation_cases:require_peer_stream_failure_preserves_connection_state	1
result_projection	row-0611:helper:print_request_header_validation_cases:require_peer_stream_failure_preserves_connection_state	1
result_projection	row-0612:helper:print_request_header_validation_cases:require_peer_stream_failure_preserves_connection_state	1
result_projection	row-0613:helper:print_request_header_validation_cases:require_production_request_content_length_validation	1
result_projection	row-0614:helper:print_header_list_size_cases:require_frame_decoded	1
result_projection	row-0615:helper:print_header_list_size_cases:require_frame_decoded	1
result_projection	row-0616:helper:print_header_list_size_cases:require_hpack_transition_header	1
result_projection	row-0617:helper:print_header_list_size_cases:require_hpack_static_request_scheme_validation	1
result_projection	row-0618:helper:print_header_list_size_cases:require_hpack_static_request_authority_validation	1
result_projection	row-0619:helper:print_hpack_failure_cases:require_hpack_transition_header	1
result_projection	row-0620:helper:print_hpack_failure_cases:require_hpack_transition_header	1
result_projection	row-0621:helper:print_hpack_failure_cases:require_hpack_transition_header	1
result_projection	row-0622:helper:print_goaway_receive_cases:require_failure_with_id	1
result_projection	row-0623:helper:print_goaway_receive_cases:require_peer_stream_failure_preserves_connection_state	1
result_projection	row-0624:helper:print_goaway_receive_cases:require_failure_with_id	1
result_projection	row-0625:helper:print_goaway_receive_cases:require_peer_stream_failure_preserves_connection_state	1
result_projection	row-0626:helper:print_peer_stream_id_monotonicity_cases:require_frame_decoded	1
result_projection	row-0627:helper:verify_initial_peer_settings_cases:require_frame_decoded	1
result_projection	row-0628:helper:verify_initial_peer_settings_cases:require_equal_string	1
result_projection	row-0629:helper:verify_initial_peer_settings_cases:require_equal_int	1
result_projection	row-0630:helper:verify_initial_peer_settings_cases:require_frame_decoded	1
result_projection	row-0631:helper:verify_initial_peer_settings_cases:require_equal_string	1
result_projection	row-0632:helper:verify_initial_peer_settings_cases:require_failure_with_id	1
result_projection	row-0633:helper:verify_initial_peer_settings_cases:require_equal_string	1
result_projection	row-0634:helper:verify_initial_peer_settings_cases:require_client_push_ordering_rejection_preserves_state	1
result_projection	row-0635:helper:verify_initial_peer_settings_cases:require_equal_int	1
result_projection	row-0636:helper:verify_initial_peer_settings_cases:require_failure_with_id	1
result_projection	row-0637:helper:verify_initial_peer_settings_cases:require_equal_string	1
result_projection	row-0638:helper:verify_initial_peer_settings_cases:require_client_push_ordering_rejection_preserves_state	1
result_projection	row-0639:helper:verify_initial_peer_settings_cases:require_failure_with_id	1
result_projection	row-0640:helper:verify_initial_peer_settings_cases:require_client_push_ordering_rejection_preserves_state	1
result_projection	row-0641:helper:verify_initial_peer_settings_cases:require_equal_string	1
result_projection	row-0642:helper:verify_initial_peer_settings_cases:require_equal_string	1
result_projection	row-0643:helper:verify_initial_peer_settings_cases:require_equal_int	1
result_projection	row-0644:helper:verify_initial_peer_settings_cases:require_frame_decoded	1
result_projection	row-0645:helper:verify_initial_peer_settings_cases:require_equal_string	1
result_projection	row-0646:helper:verify_initial_peer_settings_cases:require_failure_with_id	1
result_projection	row-0647:helper:verify_initial_peer_settings_cases:require_client_push_ordering_rejection_preserves_state	1
result_projection	row-0648:helper:verify_initial_peer_settings_cases:require_equal_int	1
result_projection	row-0649:helper:main:require_informational_response_coverage	1
result_projection	row-0650:helper:main:require_head_response_coverage	1
result_projection	row-0651:helper:main:require_no_content_response_coverage	1
result_projection	row-0652:helper:main:require_extended_connect_negotiation_cases	1
result_projection	row-0653:stdout:preface-valid:result	1
result_projection	row-0654:stdout:preface-unknown:result	1
result_projection	row-0655:stdout:output_chunk_list:preface-unknown	1
result_projection	row-0656:stdout:output_chunk:preface-unknown	1
result_projection	row-0657:stdout:preface-partial:result	1
result_projection	row-0658:stdout:preface-closed:id	1
result_projection	row-0659:stdout:preface-mismatch:id	1
result_projection	row-0660:stdout:valid:result	1
result_projection	row-0661:stdout:incomplete:result	1
result_projection	row-0662:stdout:closed:id	1
result_projection	row-0663:stdout:headers:result	1
result_projection	row-0664:stdout:continuation-more:result	1
result_projection	row-0665:stdout:continuation-extra:result	1
result_projection	row-0666:stdout:continuation-done:result	1
result_projection	row-0667:stdout:output_chunk_list:http2-continuation-header-block	1
result_projection	row-0668:stdout:output_chunk:http2-continuation-header-block	1
result_projection	row-0669:stdout:continuation-done:hpack	1
result_projection	row-0670:stdout:headers-done:result	1
result_projection	row-0671:stdout:output_chunk_list:http2-headers-header-block	1
result_projection	row-0672:stdout:output_chunk:http2-headers-header-block	1
result_projection	row-0673:stdout:headers-done:hpack	1
result_projection	row-0674:stdout:headers-priority:result	1
result_projection	row-0675:stdout:output_chunk_list:http2-headers-priority-header-block	1
result_projection	row-0676:stdout:output_chunk:http2-headers-priority-header-block	1
result_projection	row-0677:stdout:headers-priority:hpack	1
result_projection	row-0678:stdout:headers-priority:priority_state	1
result_projection	row-0679:stdout:headers-priority-continuation-start:result	1
result_projection	row-0680:stdout:headers-priority-continuation-done:result	1
result_projection	row-0681:stdout:output_chunk_list:http2-headers-priority-continuation-header-block	1
result_projection	row-0682:stdout:output_chunk:http2-headers-priority-continuation-header-block	1
result_projection	row-0683:stdout:headers-priority-continuation-done:hpack	1
result_projection	row-0684:stdout:headers-priority-continuation:priority_state	1
result_projection	row-0685:stdout:headers-priority-end-stream:result	1
result_projection	row-0686:stdout:output_chunk_list:http2-headers-priority-end-stream-header-block	1
result_projection	row-0687:stdout:output_chunk:http2-headers-priority-end-stream-header-block	1
result_projection	row-0688:stdout:headers-priority-end-stream:hpack	1
result_projection	row-0689:stdout:headers-priority-end-stream:closed_by_peer_stream	1
result_projection	row-0690:stdout:headers-priority-self-dependency:id	1
result_projection	row-0691:stdout:headers-priority-short:id	1
result_projection	row-0692:stdout:headers-end-stream:closed_by_peer_stream	1
result_projection	row-0693:stdout:headers-end-stream-then-data:id	1
result_projection	row-0694:stdout:headers-end-stream-then-window-update:id	1
result_projection	row-0695:stdout:headers-end-stream-continuation-start:result	1
result_projection	row-0696:stdout:headers-end-stream-continuation-done:result	1
result_projection	row-0697:stdout:output_chunk_list:http2-headers-end-stream-continuation-header-block	1
result_projection	row-0698:stdout:output_chunk:http2-headers-end-stream-continuation-header-block	1
result_projection	row-0699:stdout:headers-end-stream-continuation-done:hpack	1
result_projection	row-0700:stdout:headers-end-stream-continuation:closed_by_peer_stream	1
result_projection	row-0701:stdout:headers-end-stream-continuation-then-data:id	1
result_projection	row-0702:stdout:headers-end-stream-continuation-then-window-update:id	1
result_projection	row-0703:stdout:trailers-initial-request:result	1
result_projection	row-0704:stdout:trailers-initial-request:open_stream	1
result_projection	row-0705:stdout:trailers-accepted:result	1
result_projection	row-0706:stdout:output_chunk_list:http2-trailers-accepted	1
result_projection	row-0707:stdout:output_chunk:http2-trailers-accepted	1
result_projection	row-0708:stdout:trailers-accepted:hpack	1
result_projection	row-0709:stdout:trailers-accepted:closed_by_peer_stream	1
result_projection	row-0710:stdout:trailers-raw-name-accepted:result	1
result_projection	row-0711:stdout:output_chunk_list:http2-trailers-raw-name-accepted	1
result_projection	row-0712:stdout:output_chunk:http2-trailers-raw-name-accepted	1
result_projection	row-0713:stdout:trailers-raw-name-accepted:hpack	1
result_projection	row-0714:stdout:trailers-raw-name-accepted:closed_by_peer_stream	1
result_projection	row-0715:stdout:trailers-raw-name-indexed-accepted:result	1
result_projection	row-0716:stdout:output_chunk_list:http2-trailers-raw-name-indexed-accepted	1
result_projection	row-0717:stdout:output_chunk:http2-trailers-raw-name-indexed-accepted	1
result_projection	row-0718:stdout:trailers-raw-name-indexed-accepted:hpack	1
result_projection	row-0719:stdout:trailers-raw-name-indexed-accepted:closed_by_peer_stream	1
result_projection	row-0720:stdout:trailers-then-data:id	1
result_projection	row-0721:stdout:trailers-missing-end-stream:id	1
result_projection	row-0722:stdout:trailers-continuation-start:result	1
result_projection	row-0723:stdout:trailers-continuation-done:result	1
result_projection	row-0724:stdout:output_chunk_list:http2-trailers-continuation	1
result_projection	row-0725:stdout:output_chunk:http2-trailers-continuation	1
result_projection	row-0726:stdout:trailers-continuation-done:hpack	1
result_projection	row-0727:stdout:trailers-continuation:closed_by_peer_stream	1
result_projection	row-0728:stdout:trailers-pseudo-header:id	1
result_projection	row-0729:stdout:trailers-uppercase-ordinary:id	1
result_projection	row-0730:stdout:trailers-raw-name-uppercase:id	1
result_projection	row-0731:stdout:trailers-bad-token-ordinary:id	1
result_projection	row-0732:stdout:trailers-raw-name-bad-token:id	1
result_projection	row-0733:stdout:trailers-connection-specific:id	1
result_projection	row-0734:stdout:trailers-bad-te:id	1
result_projection	row-0735:stdout:continuation:id	1
result_projection	row-0736:stdout:continuation-stream:id	1
result_projection	row-0737:stdout:continuation-closed:id	1
result_projection	row-0738:stdout:unknown-extension:result	1
result_projection	row-0739:stdout:output_chunk_list:unknown-extension	1
result_projection	row-0740:stdout:output_chunk:unknown-extension	1
result_projection	row-0741:stdout:unknown-continuation:id	1
result_projection	row-0742:stdout:frame-size-at-limit:result	1
result_projection	row-0743:stdout:frame-size:id	1
result_projection	row-0744:stdout:frame-size-config:id	1
result_projection	row-0745:stdout:frame-size-local-settings:id	1
result_projection	row-0746:stdout:peer-settings:result	1
result_projection	row-0747:stdout:peer-settings:peer_max_frame_size	1
result_projection	row-0748:stdout:settings-ack:result	1
result_projection	row-0749:stdout:settings-ack:peer_max_frame_size	1
result_projection	row-0750:stdout:settings-partial-item:id	1
result_projection	row-0751:stdout:settings-partial-item:peer_max_frame_size	1
result_projection	row-0752:stdout:settings-trailing-item:id	1
result_projection	row-0753:stdout:settings-trailing-item:peer_max_frame_size	1
result_projection	row-0754:stdout:local-settings-sent:outbound-settings	1
result_projection	row-0755:stdout:output_chunk_list:http2-local-settings	1
result_projection	row-0756:stdout:output_chunk:http2-local-settings	1
result_projection	row-0757:stdout:local-settings-sent:local_settings	1
result_projection	row-0758:stdout:local-settings-ack:result	1
result_projection	row-0759:stdout:local-settings-ack:local_settings	1
result_projection	row-0760:stdout:local-settings-queue-first-sent:outbound-settings	1
result_projection	row-0761:stdout:output_chunk_list:http2-local-settings-queue-first	1
result_projection	row-0762:stdout:output_chunk:http2-local-settings-queue-first	1
result_projection	row-0763:stdout:local-settings-queue-first-sent:local_settings	1
result_projection	row-0764:stdout:local-settings-queue-second-sent:outbound-settings	1
result_projection	row-0765:stdout:output_chunk_list:http2-local-settings-queue-second	1
result_projection	row-0766:stdout:output_chunk:http2-local-settings-queue-second	1
result_projection	row-0767:stdout:local-settings-queue-second-sent:local_settings	1
result_projection	row-0768:stdout:local-settings-queue-second-sent:local_settings	1
result_projection	row-0769:stdout:local-settings-queue-first-ack:result	1
result_projection	row-0770:stdout:local-settings-queue-first-ack:local_settings	1
result_projection	row-0771:stdout:local-settings-queue-second-ack:result	1
result_projection	row-0772:stdout:local-settings-queue-second-ack:local_settings	1
result_projection	row-0773:stdout:settings-ack-unexpected:id	1
result_projection	row-0774:stdout:settings-ack-unexpected:local_settings	1
result_projection	row-0775:stdout:local-settings-batch-sent:outbound-settings	1
result_projection	row-0776:stdout:output_chunk_list:http2-local-settings-batch	1
result_projection	row-0777:stdout:output_chunk:http2-local-settings-batch	1
result_projection	row-0778:stdout:local-settings-batch-sent:local_settings	1
result_projection	row-0779:stdout:local-settings-batch-sent:local_settings	1
result_projection	row-0780:stdout:local-settings-batch-ack:result	1
result_projection	row-0781:stdout:local-settings-batch-ack:local_settings	1
result_projection	row-0782:stdout:local-settings-batch-range:outbound-settings	1
result_projection	row-0783:stdout:output_chunk_list:http2-local-settings-batch-range	1
result_projection	row-0784:stdout:local-settings-batch-range:id	1
result_projection	row-0785:stdout:local-settings-ordered-batch-sent:outbound-settings	1
result_projection	row-0786:stdout:output_chunk_list:http2-local-settings-ordered-batch	1
result_projection	row-0787:stdout:output_chunk:http2-local-settings-ordered-batch	1
result_projection	row-0788:stdout:local-settings-ordered-batch-sent:local_settings	1
result_projection	row-0789:stdout:local-settings-ordered-batch-later-sent:outbound-settings	1
result_projection	row-0790:stdout:output_chunk_list:http2-local-settings-ordered-batch-later	1
result_projection	row-0791:stdout:output_chunk:http2-local-settings-ordered-batch-later	1
result_projection	row-0792:stdout:local-settings-ordered-batch-later-sent:local_settings	1
result_projection	row-0793:stdout:local-settings-ordered-batch-ack:result	1
result_projection	row-0794:stdout:local-settings-ordered-batch-ack:local_settings	1
result_projection	row-0795:stdout:local-settings-ordered-batch-later-ack:result	1
result_projection	row-0796:stdout:local-settings-ordered-batch-later-ack:local_settings	1
result_projection	row-0797:stdout:local-settings-large-batch-range:outbound-settings	1
result_projection	row-0798:stdout:output_chunk_list:http2-local-settings-large-batch-range	1
result_projection	row-0799:stdout:local-settings-large-batch-range:id	1
result_projection	row-0800:stdout:local-settings-header-table-size-batch-range:outbound-settings	1
result_projection	row-0801:stdout:output_chunk_list:http2-local-settings-header-table-size-batch-range	1
result_projection	row-0802:stdout:local-settings-header-table-size-batch-range:id	1
result_projection	row-0803:stdout:local-settings-max-concurrent-streams-batch-range:outbound-settings	1
result_projection	row-0804:stdout:output_chunk_list:http2-local-settings-max-concurrent-streams-batch-range	1
result_projection	row-0805:stdout:local-settings-max-concurrent-streams-batch-range:id	1
result_projection	row-0806:stdout:local-settings-max-header-list-size-batch-range:outbound-settings	1
result_projection	row-0807:stdout:output_chunk_list:http2-local-settings-max-header-list-size-batch-range	1
result_projection	row-0808:stdout:local-settings-max-header-list-size-batch-range:id	1
result_projection	row-0809:stdout:local-header-table-size-settings-sent:outbound-settings	1
result_projection	row-0810:stdout:output_chunk_list:http2-local-header-table-size-settings	1
result_projection	row-0811:stdout:output_chunk:http2-local-header-table-size-settings	1
result_projection	row-0812:stdout:local-header-table-size-settings-sent:local_settings	1
result_projection	row-0813:stdout:local-header-table-size-settings-ack:result	1
result_projection	row-0814:stdout:local-header-table-size-settings-ack:local_settings	1
result_projection	row-0815:stdout:local-header-table-size-settings-range:outbound-settings	1
result_projection	row-0816:stdout:output_chunk_list:http2-local-header-table-size-settings-range	1
result_projection	row-0817:stdout:local-header-table-size-settings-range:id	1
result_projection	row-0818:stdout:peer-settings-connection:result	1
result_projection	row-0819:stdout:peer-settings-connection:peer_settings_ack	1
result_projection	row-0820:stdout:peer-settings-connection:peer_max_frame_size	1
result_projection	row-0821:stdout:peer-settings-ack-send:outbound-settings-ack	1
result_projection	row-0822:stdout:output_chunk_list:http2-peer-settings-ack	1
result_projection	row-0823:stdout:output_chunk:http2-peer-settings-ack	1
result_projection	row-0824:stdout:peer-settings-ack-send:peer_max_frame_size	1
result_projection	row-0825:stdout:peer-settings-ack-cleared:outbound-settings-ack	1
result_projection	row-0826:stdout:output_chunk_list:http2-peer-settings-ack-cleared	1
result_projection	row-0827:stdout:peer-settings-ack-coalesce:result	1
result_projection	row-0828:stdout:peer-settings-ack-coalesce:peer_settings_ack	1
result_projection	row-0829:stdout:peer-settings-ack-coalesced-send:outbound-settings-ack	1
result_projection	row-0830:stdout:output_chunk_list:http2-peer-settings-ack-coalesced	1
result_projection	row-0831:stdout:output_chunk:http2-peer-settings-ack-coalesced	1
result_projection	row-0832:stdout:local-settings-max-frame-size-range:outbound-settings	1
result_projection	row-0833:stdout:output_chunk_list:http2-local-settings-max-frame-size-range	1
result_projection	row-0834:stdout:local-settings-max-frame-size-range:id	1
result_projection	row-0835:stdout:local-settings-batch-max-frame-size-range:outbound-settings	1
result_projection	row-0836:stdout:output_chunk_list:http2-local-settings-batch-max-frame-size-range	1
result_projection	row-0837:stdout:local-settings-batch-max-frame-size-range:id	1
result_projection	row-0838:stdout:local-initial-window-size-settings-sent:outbound-settings	1
result_projection	row-0839:stdout:output_chunk_list:http2-local-initial-window-size-settings	1
result_projection	row-0840:stdout:output_chunk:http2-local-initial-window-size-settings	1
result_projection	row-0841:stdout:local-initial-window-size-settings-sent:local_settings	1
result_projection	row-0842:stdout:local-initial-window-size-settings-ack:result	1
result_projection	row-0843:stdout:local-initial-window-size-settings-ack:local_settings	1
result_projection	row-0844:stdout:local-initial-window-size-settings-range:outbound-settings	1
result_projection	row-0845:stdout:output_chunk_list:http2-local-initial-window-size-settings-range	1
result_projection	row-0846:stdout:local-initial-window-size-settings-range:id	1
result_projection	row-0847:stdout:local-max-concurrent-streams-settings-sent:outbound-settings	1
result_projection	row-0848:stdout:output_chunk_list:http2-local-max-concurrent-streams-settings	1
result_projection	row-0849:stdout:output_chunk:http2-local-max-concurrent-streams-settings	1
result_projection	row-0850:stdout:local-max-concurrent-streams-settings-sent:local_settings	1
result_projection	row-0851:stdout:local-max-concurrent-streams-settings-ack:result	1
result_projection	row-0852:stdout:local-max-concurrent-streams-settings-ack:local_settings	1
result_projection	row-0853:stdout:local-max-concurrent-streams-settings-range:outbound-settings	1
result_projection	row-0854:stdout:output_chunk_list:http2-local-max-concurrent-streams-settings-range	1
result_projection	row-0855:stdout:local-max-concurrent-streams-settings-range:id	1
result_projection	row-0856:stdout:local-enable-push-settings-sent:outbound-settings	1
result_projection	row-0857:stdout:output_chunk_list:http2-local-enable-push-settings	1
result_projection	row-0858:stdout:output_chunk:http2-local-enable-push-settings	1
result_projection	row-0859:stdout:local-enable-push-settings-sent:local_settings	1
result_projection	row-0860:stdout:local-enable-push-settings-ack:result	1
result_projection	row-0861:stdout:local-enable-push-settings-ack:local_settings	1
result_projection	row-0862:stdout:local-enable-push-settings-range:outbound-settings	1
result_projection	row-0863:stdout:output_chunk_list:http2-local-enable-push-settings-range	1
result_projection	row-0864:stdout:local-enable-push-settings-range:id	1
result_projection	row-0865:stdout:local-header-list-size-settings-sent:outbound-settings	1
result_projection	row-0866:stdout:output_chunk_list:http2-local-header-list-size-settings	1
result_projection	row-0867:stdout:output_chunk:http2-local-header-list-size-settings	1
result_projection	row-0868:stdout:local-header-list-size-settings-sent:local_settings	1
result_projection	row-0869:stdout:local-header-list-size-settings-ack:result	1
result_projection	row-0870:stdout:local-header-list-size-settings-ack:local_settings	1
result_projection	row-0871:stdout:local-header-list-size-settings-range:outbound-settings	1
result_projection	row-0872:stdout:output_chunk_list:http2-local-header-list-size-settings-range	1
result_projection	row-0873:stdout:local-header-list-size-settings-range:id	1
result_projection	row-0874:stdout:settings-unknown-only:result	1
result_projection	row-0875:stdout:settings-unknown-only:peer_max_frame_size	1
result_projection	row-0876:stdout:settings-unknown-then-known:result	1
result_projection	row-0877:stdout:settings-unknown-then-known:peer_max_frame_size	1
result_projection	row-0878:stdout:settings-duplicate-max-frame-size:result	1
result_projection	row-0879:stdout:settings-duplicate-max-frame-size:peer_max_frame_size	1
result_projection	row-0880:stdout:settings-unknown-then-range:id	1
result_projection	row-0881:stdout:settings-unknown-then-range:peer_max_frame_size	1
result_projection	row-0882:stdout:peer-enable-push:result	1
result_projection	row-0883:stdout:peer-enable-push:peer_max_frame_size	1
result_projection	row-0884:stdout:server-settings-enable-push-accepted:result	1
result_projection	row-0885:stdout:server-settings-enable-push-accepted:peer_max_frame_size	1
result_projection	row-0886:stdout:client-settings-enable-push-rejected:id	1
result_projection	row-0887:stdout:client-settings-enable-push-rejected:peer_max_frame_size	1
result_projection	row-0888:stdout:enable-push-settings-ack:result	1
result_projection	row-0889:stdout:enable-push-settings-ack:peer_max_frame_size	1
result_projection	row-0890:stdout:peer-max-concurrent-streams:result	1
result_projection	row-0891:stdout:peer-max-concurrent-streams:peer_max_frame_size	1
result_projection	row-0892:stdout:max-concurrent-streams-settings-ack:result	1
result_projection	row-0893:stdout:max-concurrent-streams-settings-ack:peer_max_frame_size	1
result_projection	row-0894:stdout:peer-header-table-size:result	1
result_projection	row-0895:stdout:peer-header-table-size:peer_max_frame_size	1
result_projection	row-0896:stdout:header-table-size-settings-ack:result	1
result_projection	row-0897:stdout:header-table-size-settings-ack:peer_max_frame_size	1
result_projection	row-0898:stdout:peer-header-table-size-lower:result	1
result_projection	row-0899:stdout:peer-header-table-size-lower:peer_max_frame_size	1
result_projection	row-0900:stdout:peer-header-table-size-lower-seed:outbound-hpack-encode	1
result_projection	row-0901:stdout:peer-header-table-size-lower-update:outbound-hpack-encode	1
result_projection	row-0902:stdout:peer-header-table-size-lower-update-headers:outbound-headers	1
result_projection	row-0903:stdout:output_chunk_list:http2-peer-header-table-size-lower-update-headers	1
result_projection	row-0904:stdout:output_chunk:http2-peer-header-table-size-lower-update-headers	1
result_projection	row-0905:stdout:peer-header-table-size-lower-update-state:outbound-hpack-encode-state	1
result_projection	row-0906:stdout:peer-header-table-size-lower-after-update:outbound-hpack-encode	1
result_projection	row-0907:stdout:peer-header-table-size-lower-after-update-headers:outbound-headers	1
result_projection	row-0908:stdout:output_chunk_list:http2-peer-header-table-size-lower-after-update-headers	1
result_projection	row-0909:stdout:output_chunk:http2-peer-header-table-size-lower-after-update-headers	1
result_projection	row-0910:stdout:peer-header-table-size-lower-after-update-state:outbound-hpack-encode-state	1
result_projection	row-0911:stdout:peer-header-table-size-lower-inbound-receive-limit:result	1
result_projection	row-0912:stdout:output_chunk_list:http2-peer-header-table-size-lower-inbound-receive-limit	1
result_projection	row-0913:stdout:output_chunk:http2-peer-header-table-size-lower-inbound-receive-limit	1
result_projection	row-0914:stdout:peer-header-table-size-lower-inbound-receive-limit:hpack	1
result_projection	row-0915:stdout:peer-header-table-size-lower-inbound-receive-limit:hpack_state	1
result_projection	row-0916:stdout:peer-header-table-size-higher:result	1
result_projection	row-0917:stdout:peer-header-table-size-higher:peer_max_frame_size	1
result_projection	row-0918:stdout:peer-header-table-size-higher-update:outbound-hpack-encode	1
result_projection	row-0919:stdout:peer-header-table-size-higher-update-headers:outbound-headers	1
result_projection	row-0920:stdout:output_chunk_list:http2-peer-header-table-size-higher-update-headers	1
result_projection	row-0921:stdout:output_chunk:http2-peer-header-table-size-higher-update-headers	1
result_projection	row-0922:stdout:peer-header-table-size-higher-update-state:outbound-hpack-encode-state	1
result_projection	row-0923:stdout:peer-header-table-size-higher-literal:outbound-hpack-encode	1
result_projection	row-0924:stdout:peer-header-table-size-higher-literal-headers:outbound-headers	1
result_projection	row-0925:stdout:output_chunk_list:http2-peer-header-table-size-higher-literal-headers	1
result_projection	row-0926:stdout:output_chunk:http2-peer-header-table-size-higher-literal-headers	1
result_projection	row-0927:stdout:peer-header-table-size-higher-literal-state:outbound-hpack-encode-state	1
result_projection	row-0928:stdout:peer-header-table-size-higher-dynamic:outbound-hpack-encode	1
result_projection	row-0929:stdout:peer-header-table-size-higher-dynamic-headers:outbound-headers	1
result_projection	row-0930:stdout:output_chunk_list:http2-peer-header-table-size-higher-dynamic-headers	1
result_projection	row-0931:stdout:output_chunk:http2-peer-header-table-size-higher-dynamic-headers	1
result_projection	row-0932:stdout:peer-header-table-size-higher-dynamic-state:outbound-hpack-encode-state	1
result_projection	row-0933:stdout:peer-max-header-list-size:result	1
result_projection	row-0934:stdout:peer-max-header-list-size:peer_max_frame_size	1
result_projection	row-0935:stdout:max-header-list-size-settings-ack:result	1
result_projection	row-0936:stdout:max-header-list-size-settings-ack:peer_max_frame_size	1
result_projection	row-0937:stdout:header-list-accepted:result	1
result_projection	row-0938:stdout:output_chunk_list:http2-header-list-accepted	1
result_projection	row-0939:stdout:output_chunk:http2-header-list-accepted	1
result_projection	row-0940:stdout:header-list-accepted:hpack	1
result_projection	row-0941:stdout:request-headers-valid:result	1
result_projection	row-0942:stdout:output_chunk_list:http2-request-headers-valid	1
result_projection	row-0943:stdout:output_chunk:http2-request-headers-valid	1
result_projection	row-0944:stdout:request-headers-valid:hpack	1
result_projection	row-0945:stdout:request-headers-ordinary-valid:result	1
result_projection	row-0946:stdout:output_chunk_list:http2-request-headers-ordinary-valid	1
result_projection	row-0947:stdout:output_chunk:http2-request-headers-ordinary-valid	1
result_projection	row-0948:stdout:request-headers-ordinary-valid:hpack	1
result_projection	row-0949:stdout:request-headers-connect-valid:result	1
result_projection	row-0950:stdout:output_chunk_list:http2-request-headers-connect-valid	1
result_projection	row-0951:stdout:output_chunk:http2-request-headers-connect-valid	1
result_projection	row-0952:stdout:request-headers-connect-valid:hpack	1
result_projection	row-0953:stdout:request-headers-connect-continuation-start:result	1
result_projection	row-0954:stdout:request-headers-connect-continuation-done:result	1
result_projection	row-0955:stdout:output_chunk_list:http2-request-headers-connect-continuation	1
result_projection	row-0956:stdout:output_chunk:http2-request-headers-connect-continuation	1
result_projection	row-0957:stdout:request-headers-connect-continuation-done:hpack	1
result_projection	row-0958:stdout:request-headers-connect-missing-authority:id	1
result_projection	row-0959:stdout:request-headers-connect-empty-authority:id	1
result_projection	row-0960:stdout:request-headers-connect-scheme:id	1
result_projection	row-0961:stdout:request-headers-connect-path-start:result	1
result_projection	row-0962:stdout:request-headers-connect-path:id	1
result_projection	row-0963:stdout:request-headers-scheme-http:result	1
result_projection	row-0964:stdout:output_chunk_list:http2-request-headers-scheme-http	1
result_projection	row-0965:stdout:output_chunk:http2-request-headers-scheme-http	1
result_projection	row-0966:stdout:request-headers-scheme-http:hpack	1
result_projection	row-0967:stdout:request-headers-scheme-https-start:result	1
result_projection	row-0968:stdout:request-headers-scheme-https:result	1
result_projection	row-0969:stdout:output_chunk_list:http2-request-headers-scheme-https	1
result_projection	row-0970:stdout:output_chunk:http2-request-headers-scheme-https	1
result_projection	row-0971:stdout:request-headers-scheme-https:hpack	1
result_projection	row-0972:stdout:request-headers-scheme-unsupported:id	1
result_projection	row-0973:stdout:request-headers-empty-method:id	1
result_projection	row-0974:stdout:request-headers-empty-path:id	1
result_projection	row-0975:stdout:request-headers-invalid-authority:id	1
result_projection	row-0976:stdout:request-headers-missing-start:result	1
result_projection	row-0977:stdout:request-headers-missing-method:id	1
result_projection	row-0978:stdout:request-headers-status:id	1
result_projection	row-0979:stdout:request-headers-duplicate-method:id	1
result_projection	row-0980:stdout:request-headers-method-after-regular:id	1
result_projection	row-0981:stdout:request-headers-uppercase-ordinary:id	1
result_projection	row-0982:stdout:request-headers-bad-token-ordinary:id	1
result_projection	row-0983:stdout:request-headers-connection-specific-connection:id	1
result_projection	row-0984:stdout:request-headers-connection-specific-keep-alive:id	1
result_projection	row-0985:stdout:request-headers-connection-specific-proxy-connection:id	1
result_projection	row-0986:stdout:request-headers-connection-specific-transfer-encoding:id	1
result_projection	row-0987:stdout:request-headers-connection-specific-upgrade:id	1
result_projection	row-0988:stdout:request-headers-te-trailers:result	1
result_projection	row-0989:stdout:output_chunk_list:http2-request-headers-te-trailers	1
result_projection	row-0990:stdout:output_chunk:http2-request-headers-te-trailers	1
result_projection	row-0991:stdout:request-headers-te-trailers:hpack	1
result_projection	row-0992:stdout:request-headers-bad-te:id	1
result_projection	row-0993:stdout:request-headers-content-length:result	1
result_projection	row-0994:stdout:output_chunk_list:http2-request-headers-content-length	1
result_projection	row-0995:stdout:output_chunk:http2-request-headers-content-length	1
result_projection	row-0996:stdout:request-headers-content-length:hpack	1
result_projection	row-0997:stdout:request-content-length-data-first:result	1
result_projection	row-0998:stdout:request-content-length-data-first:content_length_expected	1
result_projection	row-0999:stdout:request-content-length-data-exact:result	1
result_projection	row-1000:stdout:request-content-length-data-exact:content_length_expected	1
result_projection	row-1001:stdout:request-headers-content-length-repeated:result	1
result_projection	row-1002:stdout:output_chunk_list:http2-request-headers-content-length-repeated	1
result_projection	row-1003:stdout:output_chunk:http2-request-headers-content-length-repeated	1
result_projection	row-1004:stdout:request-headers-content-length-repeated:hpack	1
result_projection	row-1005:stdout:request-headers-content-length-mismatch:id	1
result_projection	row-1006:stdout:request-headers-content-length-empty:id	1
result_projection	row-1007:stdout:request-headers-content-length-non-decimal:id	1
result_projection	row-1008:stdout:request-headers-content-length-sign:id	1
result_projection	row-1009:stdout:request-headers-content-length-whitespace:id	1
result_projection	row-1010:stdout:request-headers-content-length-negative:id	1
result_projection	row-1011:stdout:response-headers-valid:result	1
result_projection	row-1012:stdout:output_chunk_list:http2-response-headers-valid	1
result_projection	row-1013:stdout:output_chunk:http2-response-headers-valid	1
result_projection	row-1014:stdout:response-headers-valid:hpack	1
result_projection	row-1015:stdout:response-headers-ordinary-valid:result	1
result_projection	row-1016:stdout:output_chunk_list:http2-response-headers-ordinary-valid	1
result_projection	row-1017:stdout:output_chunk:http2-response-headers-ordinary-valid	1
result_projection	row-1018:stdout:response-headers-ordinary-valid:hpack	1
result_projection	row-1019:stdout:response-headers-ordinary-continuation-start:result	1
result_projection	row-1020:stdout:response-headers-ordinary-continuation-done:result	1
result_projection	row-1021:stdout:output_chunk_list:http2-response-headers-ordinary-continuation	1
result_projection	row-1022:stdout:output_chunk:http2-response-headers-ordinary-continuation	1
result_projection	row-1023:stdout:response-headers-ordinary-continuation-done:hpack	1
result_projection	row-1024:stdout:response-headers-missing-start:result	1
result_projection	row-1025:stdout:response-headers-missing-status:id	1
result_projection	row-1026:stdout:response-headers-duplicate-status:id	1
result_projection	row-1027:stdout:response-headers-method:id	1
result_projection	row-1028:stdout:response-headers-status-after-regular:id	1
result_projection	row-1029:stdout:response-headers-authority:id	1
result_projection	row-1030:stdout:response-headers-uppercase-ordinary:id	1
result_projection	row-1031:stdout:response-headers-bad-token-ordinary:id	1
result_projection	row-1032:stdout:response-headers-te-trailers-start:result	1
result_projection	row-1033:stdout:response-headers-te-trailers-done:result	1
result_projection	row-1034:stdout:output_chunk_list:http2-response-headers-te-trailers	1
result_projection	row-1035:stdout:output_chunk:http2-response-headers-te-trailers	1
result_projection	row-1036:stdout:response-headers-te-trailers-done:hpack	1
result_projection	row-1037:stdout:response-headers-bad-te:id	1
result_projection	row-1038:stdout:response-headers-content-length:result	1
result_projection	row-1039:stdout:output_chunk_list:http2-response-headers-content-length	1
result_projection	row-1040:stdout:output_chunk:http2-response-headers-content-length	1
result_projection	row-1041:stdout:response-headers-content-length:hpack	1
result_projection	row-1042:stdout:response-headers-content-length-repeated:result	1
result_projection	row-1043:stdout:output_chunk_list:http2-response-headers-content-length-repeated	1
result_projection	row-1044:stdout:output_chunk:http2-response-headers-content-length-repeated	1
result_projection	row-1045:stdout:response-headers-content-length-repeated:hpack	1
result_projection	row-1046:stdout:response-headers-content-length-mismatch:id	1
result_projection	row-1047:stdout:response-headers-content-length-empty:id	1
result_projection	row-1048:stdout:response-headers-content-length-non-decimal:id	1
result_projection	row-1049:stdout:response-headers-content-length-sign:id	1
result_projection	row-1050:stdout:response-headers-content-length-whitespace:id	1
result_projection	row-1051:stdout:response-headers-content-length-negative:id	1
result_projection	row-1052:stdout:response-headers-status-empty:id	1
result_projection	row-1053:stdout:response-headers-status-short:id	1
result_projection	row-1054:stdout:response-headers-status-long:id	1
result_projection	row-1055:stdout:response-headers-status-non-decimal:id	1
result_projection	row-1056:stdout:response-headers-status-continuation-start:result	1
result_projection	row-1057:stdout:response-headers-status-continuation-done:id	1
result_projection	row-1058:stdout:response-trailers-initial-response:result	1
result_projection	row-1059:stdout:response-trailers-initial-response:open_stream	1
result_projection	row-1060:stdout:response-trailers-accepted:result	1
result_projection	row-1061:stdout:output_chunk_list:http2-response-trailers-accepted	1
result_projection	row-1062:stdout:output_chunk:http2-response-trailers-accepted	1
result_projection	row-1063:stdout:response-trailers-accepted:hpack	1
result_projection	row-1064:stdout:response-trailers-accepted:closed_by_peer_stream	1
result_projection	row-1065:stdout:response-trailers-then-data:id	1
result_projection	row-1066:stdout:response-trailers-missing-end-stream:id	1
result_projection	row-1067:stdout:response-trailers-continuation-start:result	1
result_projection	row-1068:stdout:response-trailers-continuation-done:result	1
result_projection	row-1069:stdout:output_chunk_list:http2-response-trailers-continuation	1
result_projection	row-1070:stdout:output_chunk:http2-response-trailers-continuation	1
result_projection	row-1071:stdout:response-trailers-continuation-done:hpack	1
result_projection	row-1072:stdout:response-trailers-continuation:closed_by_peer_stream	1
result_projection	row-1073:stdout:response-trailers-pseudo-header:id	1
result_projection	row-1074:stdout:response-trailers-uppercase-ordinary:id	1
result_projection	row-1075:stdout:response-trailers-bad-token-ordinary:id	1
result_projection	row-1076:stdout:response-trailers-connection-specific:id	1
result_projection	row-1077:stdout:response-trailers-bad-te:id	1
result_projection	row-1078:stdout:hpack-static-indexed-method:result	1
result_projection	row-1079:stdout:output_chunk_list:http2-hpack-static-indexed-method	1
result_projection	row-1080:stdout:output_chunk:http2-hpack-static-indexed-method	1
result_projection	row-1081:stdout:hpack-static-indexed-method:hpack	1
result_projection	row-1082:stdout:hpack-static-indexed-method-path:result	1
result_projection	row-1083:stdout:output_chunk_list:http2-hpack-static-indexed-method-path	1
result_projection	row-1084:stdout:output_chunk:http2-hpack-static-indexed-method-path	1
result_projection	row-1085:stdout:hpack-static-indexed-method-path:hpack	1
result_projection	row-1086:stdout:hpack-static-indexed-method-post:result	1
result_projection	row-1087:stdout:output_chunk_list:http2-hpack-static-indexed-method-post	1
result_projection	row-1088:stdout:output_chunk:http2-hpack-static-indexed-method-post	1
result_projection	row-1089:stdout:hpack-static-indexed-method-post:hpack	1
result_projection	row-1090:stdout:hpack-static-indexed-path:result	1
result_projection	row-1091:stdout:output_chunk_list:http2-hpack-static-indexed-path	1
result_projection	row-1092:stdout:output_chunk:http2-hpack-static-indexed-path	1
result_projection	row-1093:stdout:hpack-static-indexed-path:hpack	1
result_projection	row-1094:stdout:hpack-literal-path-target:result	1
result_projection	row-1095:stdout:output_chunk_list:http2-hpack-literal-path-target	1
result_projection	row-1096:stdout:output_chunk:http2-hpack-literal-path-target	1
result_projection	row-1097:stdout:hpack-literal-path-target:hpack	1
result_projection	row-1098:stdout:hpack-literal-never-indexed-path-target:result	1
result_projection	row-1099:stdout:output_chunk_list:http2-hpack-literal-never-indexed-path-target	1
result_projection	row-1100:stdout:output_chunk:http2-hpack-literal-never-indexed-path-target	1
result_projection	row-1101:stdout:hpack-literal-never-indexed-path-target:hpack	1
result_projection	row-1102:stdout:hpack-literal-never-indexed-path-continuation-start:result	1
result_projection	row-1103:stdout:hpack-literal-never-indexed-path-continuation-done:result	1
result_projection	row-1104:stdout:output_chunk_list:http2-hpack-literal-never-indexed-path-continuation	1
result_projection	row-1105:stdout:output_chunk:http2-hpack-literal-never-indexed-path-continuation	1
result_projection	row-1106:stdout:hpack-literal-never-indexed-path-continuation-done:hpack	1
result_projection	row-1107:stdout:hpack-literal-authority-raw:result	1
result_projection	row-1108:stdout:output_chunk_list:http2-hpack-literal-authority-raw	1
result_projection	row-1109:stdout:output_chunk:http2-hpack-literal-authority-raw	1
result_projection	row-1110:stdout:hpack-literal-authority-raw:hpack	1
result_projection	row-1111:stdout:hpack-literal-status-raw:result	1
result_projection	row-1112:stdout:output_chunk_list:http2-hpack-literal-status-raw	1
result_projection	row-1113:stdout:output_chunk:http2-hpack-literal-status-raw	1
result_projection	row-1114:stdout:hpack-literal-status-raw:hpack	1
result_projection	row-1115:stdout:hpack-literal-static-name-server-raw:result	1
result_projection	row-1116:stdout:output_chunk_list:http2-hpack-literal-static-name-server-raw	1
result_projection	row-1117:stdout:output_chunk:http2-hpack-literal-static-name-server-raw	1
result_projection	row-1118:stdout:hpack-literal-static-name-server-raw:hpack	1
result_projection	row-1119:stdout:hpack-literal-indexed-static-name-content-type:result	1
result_projection	row-1120:stdout:output_chunk_list:http2-hpack-literal-indexed-static-name-content-type	1
result_projection	row-1121:stdout:output_chunk:http2-hpack-literal-indexed-static-name-content-type	1
result_projection	row-1122:stdout:hpack-literal-indexed-static-name-content-type:hpack	1
result_projection	row-1123:stdout:hpack-dynamic-indexed-static-name-content-type:result	1
result_projection	row-1124:stdout:output_chunk_list:http2-hpack-dynamic-indexed-static-name-content-type	1
result_projection	row-1125:stdout:output_chunk:http2-hpack-dynamic-indexed-static-name-content-type	1
result_projection	row-1126:stdout:hpack-dynamic-indexed-static-name-content-type:hpack	1
result_projection	row-1127:stdout:hpack-literal-never-indexed-static-name-user-agent-start:result	1
result_projection	row-1128:stdout:hpack-literal-never-indexed-static-name-user-agent-done:result	1
result_projection	row-1129:stdout:output_chunk_list:http2-hpack-literal-never-indexed-static-name-user-agent	1
result_projection	row-1130:stdout:output_chunk:http2-hpack-literal-never-indexed-static-name-user-agent	1
result_projection	row-1131:stdout:hpack-literal-never-indexed-static-name-user-agent-done:hpack	1
result_projection	row-1132:stdout:hpack-literal-authority-raw-continuation-start:result	1
result_projection	row-1133:stdout:hpack-literal-authority-raw-continuation-done:result	1
result_projection	row-1134:stdout:output_chunk_list:http2-hpack-literal-authority-raw-continuation	1
result_projection	row-1135:stdout:output_chunk:http2-hpack-literal-authority-raw-continuation	1
result_projection	row-1136:stdout:hpack-literal-authority-raw-continuation-done:hpack	1
result_projection	row-1137:stdout:hpack-literal-method-put:result	1
result_projection	row-1138:stdout:output_chunk_list:http2-hpack-literal-method-put	1
result_projection	row-1139:stdout:output_chunk:http2-hpack-literal-method-put	1
result_projection	row-1140:stdout:hpack-literal-method-put:hpack	1
result_projection	row-1141:stdout:output_chunk_list:hpack-huffman-payload-test	1
result_projection	row-1142:stdout:output_chunk:hpack-huffman-payload-test	1
result_projection	row-1143:stdout:output_chunk_list:hpack-huffman-payload-bytes-00-ff	1
result_projection	row-1144:stdout:output_chunk:hpack-huffman-payload-bytes-00-ff	1
result_projection	row-1145:stdout:hpack-huffman-payload-unsupported-string:outbound-hpack-encode	1
result_projection	row-1146:stdout:hpack-literal-method-put-huffman:result	1
result_projection	row-1147:stdout:output_chunk_list:http2-hpack-literal-method-put-huffman	1
result_projection	row-1148:stdout:output_chunk:http2-hpack-literal-method-put-huffman	1
result_projection	row-1149:stdout:hpack-literal-method-put-huffman:hpack	1
result_projection	row-1150:stdout:hpack-literal-status-200-huffman:result	1
result_projection	row-1151:stdout:output_chunk_list:http2-hpack-literal-status-200-huffman	1
result_projection	row-1152:stdout:output_chunk:http2-hpack-literal-status-200-huffman	1
result_projection	row-1153:stdout:hpack-literal-status-200-huffman:hpack	1
result_projection	row-1154:stdout:hpack-literal-path-linefeed-huffman:result	1
result_projection	row-1155:stdout:output_chunk_list:http2-hpack-literal-path-linefeed-huffman	1
result_projection	row-1156:stdout:output_chunk:http2-hpack-literal-path-linefeed-huffman	1
result_projection	row-1157:stdout:hpack-literal-path-linefeed-huffman:hpack	1
result_projection	row-1158:stdout:hpack-literal-path-nul-huffman:result	1
result_projection	row-1159:stdout:output_chunk_list:http2-hpack-literal-path-nul-huffman	1
result_projection	row-1160:stdout:output_chunk:http2-hpack-literal-path-nul-huffman	1
result_projection	row-1161:stdout:hpack-literal-path-nul-huffman:hpack	1
result_projection	row-1162:stdout:hpack-literal-path-ff-huffman:result	1
result_projection	row-1163:stdout:output_chunk_list:http2-hpack-literal-path-ff-huffman	1
result_projection	row-1164:stdout:output_chunk:http2-hpack-literal-path-ff-huffman	1
result_projection	row-1165:stdout:hpack-literal-path-ff-huffman:hpack	1
result_projection	row-1166:stdout:hpack-literal-path-bytes-huffman:result	1
result_projection	row-1167:stdout:output_chunk_list:http2-hpack-literal-path-bytes-huffman	1
result_projection	row-1168:stdout:output_chunk:http2-hpack-literal-path-bytes-huffman	1
result_projection	row-1169:stdout:hpack-literal-path-bytes-huffman:hpack	1
result_projection	row-1170:stdout:hpack-literal-path-two-nul-huffman:result	1
result_projection	row-1171:stdout:output_chunk_list:http2-hpack-literal-path-two-nul-huffman	1
result_projection	row-1172:stdout:output_chunk:http2-hpack-literal-path-two-nul-huffman	1
result_projection	row-1173:stdout:hpack-literal-path-two-nul-huffman:hpack	1
result_projection	row-1174:stdout:hpack-literal-path-bytes-huffman-continuation-start:result	1
result_projection	row-1175:stdout:hpack-literal-path-bytes-huffman-continuation-done:result	1
result_projection	row-1176:stdout:output_chunk_list:http2-hpack-literal-path-bytes-huffman-continuation	1
result_projection	row-1177:stdout:output_chunk:http2-hpack-literal-path-bytes-huffman-continuation	1
result_projection	row-1178:stdout:hpack-literal-path-bytes-huffman-continuation-done:hpack	1
result_projection	row-1179:stdout:hpack-literal-status-200-huffman-continuation-start:result	1
result_projection	row-1180:stdout:hpack-literal-status-200-huffman-continuation-done:result	1
result_projection	row-1181:stdout:output_chunk_list:http2-hpack-literal-status-200-huffman-continuation	1
result_projection	row-1182:stdout:output_chunk:http2-hpack-literal-status-200-huffman-continuation	1
result_projection	row-1183:stdout:hpack-literal-status-200-huffman-continuation-done:hpack	1
result_projection	row-1184:stdout:hpack-literal-indexed-authority:result	1
result_projection	row-1185:stdout:output_chunk_list:http2-hpack-literal-indexed-authority	1
result_projection	row-1186:stdout:output_chunk:http2-hpack-literal-indexed-authority	1
result_projection	row-1187:stdout:hpack-literal-indexed-authority:hpack	1
result_projection	row-1188:stdout:hpack-literal-indexed-method-put-huffman:result	1
result_projection	row-1189:stdout:output_chunk_list:http2-hpack-literal-indexed-method-put-huffman	1
result_projection	row-1190:stdout:output_chunk:http2-hpack-literal-indexed-method-put-huffman	1
result_projection	row-1191:stdout:hpack-literal-indexed-method-put-huffman:hpack	1
result_projection	row-1192:stdout:hpack-literal-indexed-scheme-https-huffman:result	1
result_projection	row-1193:stdout:output_chunk_list:http2-hpack-literal-indexed-scheme-https-huffman	1
result_projection	row-1194:stdout:output_chunk:http2-hpack-literal-indexed-scheme-https-huffman	1
result_projection	row-1195:stdout:hpack-literal-indexed-scheme-https-huffman:hpack	1
result_projection	row-1196:stdout:hpack-literal-indexed-status:result	1
result_projection	row-1197:stdout:output_chunk_list:http2-hpack-literal-indexed-status	1
result_projection	row-1198:stdout:output_chunk:http2-hpack-literal-indexed-status	1
result_projection	row-1199:stdout:hpack-literal-indexed-status:hpack	1
result_projection	row-1200:stdout:output_chunk_list:http2-hpack-literal-authority-raw-long-length	1
result_projection	row-1201:stdout:output_chunk:http2-hpack-literal-authority-raw-long-length	1
result_projection	row-1202:stdout:hpack-literal-authority-raw-long-length:hpack	1
result_projection	row-1203:stdout:output_chunk_list:http2-hpack-literal-path-huffman-long-length	1
result_projection	row-1204:stdout:output_chunk:http2-hpack-literal-path-huffman-long-length	1
result_projection	row-1205:stdout:hpack-literal-path-huffman-long-length:hpack	1
result_projection	row-1206:stdout:output_chunk_list:http2-hpack-literal-indexed-authority-raw-long-length	1
result_projection	row-1207:stdout:output_chunk:http2-hpack-literal-indexed-authority-raw-long-length	1
result_projection	row-1208:stdout:hpack-literal-indexed-authority-raw-long-length:hpack	1
result_projection	row-1209:stdout:output_chunk_list:http2-hpack-literal-indexed-path-huffman-long-length	1
result_projection	row-1210:stdout:output_chunk:http2-hpack-literal-indexed-path-huffman-long-length	1
result_projection	row-1211:stdout:hpack-literal-indexed-path-huffman-long-length:hpack	1
result_projection	row-1212:stdout:hpack-literal-authority-raw-long-length-headers:id	1
result_projection	row-1213:stdout:output_chunk_list:http2-hpack-literal-indexed-authority-raw-extra-long-length	1
result_projection	row-1214:stdout:output_chunk:http2-hpack-literal-indexed-authority-raw-extra-long-length	1
result_projection	row-1215:stdout:hpack-literal-indexed-authority-raw-extra-long-length:hpack	1
result_projection	row-1216:stdout:hpack-literal-authority-raw-extra-long-length-continuation-start:result	1
result_projection	row-1217:stdout:hpack-literal-authority-raw-extra-long-length-continuation-done:id	1
result_projection	row-1218:stdout:hpack-literal-path-huffman-long-length-continuation-start:result	1
result_projection	row-1219:stdout:hpack-literal-path-huffman-long-length-continuation-done:id	1
result_projection	row-1220:stdout:hpack-literal-malformed-continuation-length:id	1
result_projection	row-1221:stdout:hpack-literal-authority-example:result	1
result_projection	row-1222:stdout:output_chunk_list:http2-hpack-literal-authority-example	1
result_projection	row-1223:stdout:output_chunk:http2-hpack-literal-authority-example	1
result_projection	row-1224:stdout:hpack-literal-authority-example:hpack	1
result_projection	row-1225:stdout:hpack-literal-authority-www-example-huffman:result	1
result_projection	row-1226:stdout:output_chunk_list:http2-hpack-literal-authority-www-example-huffman	1
result_projection	row-1227:stdout:output_chunk:http2-hpack-literal-authority-www-example-huffman	1
result_projection	row-1228:stdout:hpack-literal-authority-www-example-huffman:hpack	1
result_projection	row-1229:stdout:hpack-stateful-literal-indexed-path-target:result	1
result_projection	row-1230:stdout:output_chunk_list:http2-hpack-stateful-literal-indexed-path-target	1
result_projection	row-1231:stdout:output_chunk:http2-hpack-stateful-literal-indexed-path-target	1
result_projection	row-1232:stdout:hpack-stateful-literal-indexed-path-target:hpack	1
result_projection	row-1233:stdout:hpack-stateful-dynamic-indexed-path-target:result	1
result_projection	row-1234:stdout:output_chunk_list:http2-hpack-stateful-dynamic-indexed-path-target	1
result_projection	row-1235:stdout:output_chunk:http2-hpack-stateful-dynamic-indexed-path-target	1
result_projection	row-1236:stdout:hpack-stateful-dynamic-indexed-path-target:hpack	1
result_projection	row-1237:stdout:hpack-stateful-literal-indexed-dynamic-name-path-again:result	1
result_projection	row-1238:stdout:output_chunk_list:http2-hpack-stateful-literal-indexed-dynamic-name-path-again	1
result_projection	row-1239:stdout:output_chunk:http2-hpack-stateful-literal-indexed-dynamic-name-path-again	1
result_projection	row-1240:stdout:hpack-stateful-literal-indexed-dynamic-name-path-again:hpack	1
result_projection	row-1241:stdout:hpack-stateful-dynamic-name-newest-path-again:result	1
result_projection	row-1242:stdout:output_chunk_list:http2-hpack-stateful-dynamic-name-newest-path-again	1
result_projection	row-1243:stdout:output_chunk:http2-hpack-stateful-dynamic-name-newest-path-again	1
result_projection	row-1244:stdout:hpack-stateful-dynamic-name-newest-path-again:hpack	1
result_projection	row-1245:stdout:hpack-stateful-dynamic-name-older-path-target:result	1
result_projection	row-1246:stdout:output_chunk_list:http2-hpack-stateful-dynamic-name-older-path-target	1
result_projection	row-1247:stdout:output_chunk:http2-hpack-stateful-dynamic-name-older-path-target	1
result_projection	row-1248:stdout:hpack-stateful-dynamic-name-older-path-target:hpack	1
result_projection	row-1249:stdout:hpack-stateful-literal-indexed-dynamic-name-empty:result	1
result_projection	row-1250:stdout:hpack-stateful-literal-indexed-method-put:result	1
result_projection	row-1251:stdout:output_chunk_list:http2-hpack-stateful-literal-indexed-method-put	1
result_projection	row-1252:stdout:output_chunk:http2-hpack-stateful-literal-indexed-method-put	1
result_projection	row-1253:stdout:hpack-stateful-literal-indexed-method-put:hpack	1
result_projection	row-1254:stdout:hpack-stateful-dynamic-indexed-method-put:result	1
result_projection	row-1255:stdout:output_chunk_list:http2-hpack-stateful-dynamic-indexed-method-put	1
result_projection	row-1256:stdout:output_chunk:http2-hpack-stateful-dynamic-indexed-method-put	1
result_projection	row-1257:stdout:hpack-stateful-dynamic-indexed-method-put:hpack	1
result_projection	row-1258:stdout:hpack-stateful-dynamic-indexed-older-path:result	1
result_projection	row-1259:stdout:output_chunk_list:http2-hpack-stateful-dynamic-indexed-older-path	1
result_projection	row-1260:stdout:output_chunk:http2-hpack-stateful-dynamic-indexed-older-path	1
result_projection	row-1261:stdout:hpack-stateful-dynamic-indexed-older-path:hpack	1
result_projection	row-1262:stdout:hpack-stateful-without-indexing-dynamic-name-second-path-no:result	1
result_projection	row-1263:stdout:output_chunk_list:http2-hpack-stateful-without-indexing-dynamic-name-second-path-no	1
result_projection	row-1264:stdout:output_chunk:http2-hpack-stateful-without-indexing-dynamic-name-second-path-no	1
result_projection	row-1265:stdout:hpack-stateful-without-indexing-dynamic-name-second-path-no:hpack	1
result_projection	row-1266:stdout:hpack-stateful-without-indexing-dynamic-name-second-newest:result	1
result_projection	row-1267:stdout:hpack-stateful-without-indexing-dynamic-name-second-newest:hpack	1
result_projection	row-1268:stdout:hpack-stateful-without-indexing-dynamic-name-second-older:result	1
result_projection	row-1269:stdout:hpack-stateful-without-indexing-dynamic-name-second-older:hpack	1
result_projection	row-1270:stdout:hpack-stateful-never-indexed-dynamic-name-second-path-secret:result	1
result_projection	row-1271:stdout:output_chunk_list:http2-hpack-stateful-never-indexed-dynamic-name-second-path-secret	1
result_projection	row-1272:stdout:output_chunk:http2-hpack-stateful-never-indexed-dynamic-name-second-path-secret	1
result_projection	row-1273:stdout:hpack-stateful-never-indexed-dynamic-name-second-path-secret:hpack	1
result_projection	row-1274:stdout:hpack-stateful-never-indexed-dynamic-name-second-newest:result	1
result_projection	row-1275:stdout:hpack-stateful-never-indexed-dynamic-name-second-newest:hpack	1
result_projection	row-1276:stdout:hpack-stateful-never-indexed-dynamic-name-second-older:result	1
result_projection	row-1277:stdout:hpack-stateful-never-indexed-dynamic-name-second-older:hpack	1
result_projection	row-1278:stdout:hpack-stateful-literal-indexed-scheme-https-retained:result	1
result_projection	row-1279:stdout:output_chunk_list:http2-hpack-stateful-literal-indexed-scheme-https-retained	1
result_projection	row-1280:stdout:output_chunk:http2-hpack-stateful-literal-indexed-scheme-https-retained	1
result_projection	row-1281:stdout:hpack-stateful-literal-indexed-scheme-https-retained:hpack	1
result_projection	row-1282:stdout:hpack-stateful-three-entry-newest-scheme:result	1
result_projection	row-1283:stdout:hpack-stateful-three-entry-newest-scheme:hpack	1
result_projection	row-1284:stdout:hpack-stateful-three-entry-second-method:result	1
result_projection	row-1285:stdout:hpack-stateful-three-entry-second-method:hpack	1
result_projection	row-1286:stdout:hpack-stateful-three-entry-third-path:result	1
result_projection	row-1287:stdout:hpack-stateful-three-entry-third-path:hpack	1
result_projection	row-1288:stdout:hpack-stateful-dynamic-name-second-method:result	1
result_projection	row-1289:stdout:output_chunk_list:http2-hpack-stateful-dynamic-name-second-method	1
result_projection	row-1290:stdout:output_chunk:http2-hpack-stateful-dynamic-name-second-method	1
result_projection	row-1291:stdout:hpack-stateful-dynamic-name-second-method:hpack	1
result_projection	row-1292:stdout:hpack-stateful-dynamic-name-second-newest:result	1
result_projection	row-1293:stdout:hpack-stateful-dynamic-name-second-newest:hpack	1
result_projection	row-1294:stdout:hpack-stateful-dynamic-name-third-path:result	1
result_projection	row-1295:stdout:output_chunk_list:http2-hpack-stateful-dynamic-name-third-path	1
result_projection	row-1296:stdout:output_chunk:http2-hpack-stateful-dynamic-name-third-path	1
result_projection	row-1297:stdout:hpack-stateful-dynamic-name-third-path:hpack	1
result_projection	row-1298:stdout:hpack-stateful-dynamic-name-third-newest:result	1
result_projection	row-1299:stdout:hpack-stateful-dynamic-name-third-newest:hpack	1
result_projection	row-1300:stdout:hpack-continuation-dynamic-name-second-start:result	1
result_projection	row-1301:stdout:hpack-continuation-dynamic-name-second-done:result	1
result_projection	row-1302:stdout:output_chunk_list:http2-hpack-continuation-dynamic-name-second	1
result_projection	row-1303:stdout:output_chunk:http2-hpack-continuation-dynamic-name-second	1
result_projection	row-1304:stdout:hpack-continuation-dynamic-name-second-done:hpack	1
result_projection	row-1305:stdout:hpack-after-continuation-dynamic-name-second:result	1
result_projection	row-1306:stdout:hpack-after-continuation-dynamic-name-second:hpack	1
result_projection	row-1307:stdout:hpack-stateful-three-entry-table-size-eviction:result	1
result_projection	row-1308:stdout:output_chunk_list:http2-hpack-stateful-three-entry-table-size-eviction	1
result_projection	row-1309:stdout:output_chunk:http2-hpack-stateful-three-entry-table-size-eviction	1
result_projection	row-1310:stdout:hpack-stateful-three-entry-table-size-eviction:hpack	1
result_projection	row-1311:stdout:hpack-stateful-three-entry-table-size-eviction:hpack_state	1
result_projection	row-1312:stdout:hpack-stateful-three-entry-newest-after-eviction:result	1
result_projection	row-1313:stdout:hpack-stateful-three-entry-newest-after-eviction:hpack	1
result_projection	row-1314:stdout:hpack-stateful-three-entry-second-after-eviction:result	1
result_projection	row-1315:stdout:hpack-stateful-three-entry-second-after-eviction:hpack	1
result_projection	row-1316:stdout:hpack-stateful-three-entry-third-after-eviction:id	1
result_projection	row-1317:stdout:hpack-stateful-insertion-evicts-older-path:result	1
result_projection	row-1318:stdout:output_chunk_list:http2-hpack-stateful-insertion-evicts-older-path	1
result_projection	row-1319:stdout:output_chunk:http2-hpack-stateful-insertion-evicts-older-path	1
result_projection	row-1320:stdout:hpack-stateful-insertion-evicts-older-path:hpack	1
result_projection	row-1321:stdout:hpack-stateful-insertion-eviction-newest-path:result	1
result_projection	row-1322:stdout:hpack-stateful-insertion-eviction-newest-path:hpack	1
result_projection	row-1323:stdout:hpack-stateful-insertion-eviction-second-missing:id	1
result_projection	row-1324:stdout:hpack-stateful-table-size-eviction:result	1
result_projection	row-1325:stdout:output_chunk_list:http2-hpack-stateful-table-size-eviction	1
result_projection	row-1326:stdout:output_chunk:http2-hpack-stateful-table-size-eviction	1
result_projection	row-1327:stdout:hpack-stateful-table-size-eviction:hpack	1
result_projection	row-1328:stdout:hpack-stateful-table-size-eviction:hpack_state	1
result_projection	row-1329:stdout:hpack-stateful-after-table-size-eviction:id	1
result_projection	row-1330:stdout:hpack-stateful-table-size-partial-eviction:result	1
result_projection	row-1331:stdout:output_chunk_list:http2-hpack-stateful-table-size-partial-eviction	1
result_projection	row-1332:stdout:output_chunk:http2-hpack-stateful-table-size-partial-eviction	1
result_projection	row-1333:stdout:hpack-stateful-table-size-partial-eviction:hpack	1
result_projection	row-1334:stdout:hpack-stateful-table-size-partial-eviction:hpack_state	1
result_projection	row-1335:stdout:hpack-stateful-after-partial-eviction:result	1
result_projection	row-1336:stdout:hpack-stateful-after-partial-eviction:hpack	1
result_projection	row-1337:stdout:hpack-stateful-older-after-partial-eviction:id	1
result_projection	row-1338:stdout:hpack-stateful-dynamic-entry-size-authority:result	1
result_projection	row-1339:stdout:output_chunk_list:http2-hpack-stateful-dynamic-entry-size-authority	1
result_projection	row-1340:stdout:output_chunk:http2-hpack-stateful-dynamic-entry-size-authority	1
result_projection	row-1341:stdout:hpack-stateful-dynamic-entry-size-authority:hpack	1
result_projection	row-1342:stdout:hpack-stateful-dynamic-entry-size-authority-eviction:result	1
result_projection	row-1343:stdout:output_chunk_list:http2-hpack-stateful-dynamic-entry-size-authority-eviction	1
result_projection	row-1344:stdout:output_chunk:http2-hpack-stateful-dynamic-entry-size-authority-eviction	1
result_projection	row-1345:stdout:hpack-stateful-dynamic-entry-size-authority-eviction:hpack	1
result_projection	row-1346:stdout:hpack-stateful-dynamic-entry-size-authority-eviction:hpack_state	1
result_projection	row-1347:stdout:hpack-stateful-dynamic-entry-size-authority-after-eviction:id	1
result_projection	row-1348:stdout:hpack-continuation-replacement-start:hpack_state	1
result_projection	row-1349:stdout:hpack-continuation-replacement-start:result	1
result_projection	row-1350:stdout:hpack-continuation-replacement-done:result	1
result_projection	row-1351:stdout:output_chunk_list:http2-hpack-continuation-replacement	1
result_projection	row-1352:stdout:output_chunk:http2-hpack-continuation-replacement	1
result_projection	row-1353:stdout:hpack-continuation-replacement-done:hpack	1
result_projection	row-1354:stdout:hpack-continuation-replacement-done:hpack_state	1
result_projection	row-1355:stdout:hpack-after-continuation-replacement:result	1
result_projection	row-1356:stdout:hpack-after-continuation-replacement:hpack	1
result_projection	row-1357:stdout:hpack-continuation-older-path:result	1
result_projection	row-1358:stdout:output_chunk_list:http2-hpack-continuation-older-path	1
result_projection	row-1359:stdout:output_chunk:http2-hpack-continuation-older-path	1
result_projection	row-1360:stdout:hpack-continuation-older-path:hpack	1
result_projection	row-1361:stdout:hpack-continuation-dynamic-name-start:result	1
result_projection	row-1362:stdout:hpack-continuation-dynamic-name-done:result	1
result_projection	row-1363:stdout:output_chunk_list:http2-hpack-continuation-dynamic-name	1
result_projection	row-1364:stdout:output_chunk:http2-hpack-continuation-dynamic-name	1
result_projection	row-1365:stdout:hpack-continuation-dynamic-name-done:hpack	1
result_projection	row-1366:stdout:hpack-after-continuation-dynamic-name:result	1
result_projection	row-1367:stdout:hpack-after-continuation-dynamic-name:hpack	1
result_projection	row-1368:stdout:hpack-continuation-third-entry-start:result	1
result_projection	row-1369:stdout:hpack-continuation-third-entry-done:result	1
result_projection	row-1370:stdout:output_chunk_list:http2-hpack-continuation-third-entry	1
result_projection	row-1371:stdout:output_chunk:http2-hpack-continuation-third-entry	1
result_projection	row-1372:stdout:hpack-continuation-third-entry-done:hpack	1
result_projection	row-1373:stdout:hpack-continuation-third-path:result	1
result_projection	row-1374:stdout:output_chunk_list:http2-hpack-continuation-third-path	1
result_projection	row-1375:stdout:output_chunk:http2-hpack-continuation-third-path	1
result_projection	row-1376:stdout:hpack-continuation-third-path:hpack	1
result_projection	row-1377:stdout:hpack-continuation-partial-eviction-start:result	1
result_projection	row-1378:stdout:hpack-continuation-partial-eviction-done:result	1
result_projection	row-1379:stdout:output_chunk_list:http2-hpack-continuation-partial-eviction	1
result_projection	row-1380:stdout:output_chunk:http2-hpack-continuation-partial-eviction	1
result_projection	row-1381:stdout:hpack-continuation-partial-eviction-done:hpack	1
result_projection	row-1382:stdout:hpack-continuation-partial-eviction:hpack_state	1
result_projection	row-1383:stdout:hpack-continuation-after-partial-eviction:result	1
result_projection	row-1384:stdout:hpack-continuation-after-partial-eviction:hpack	1
result_projection	row-1385:stdout:hpack-continuation-older-after-partial-eviction:id	1
result_projection	row-1386:stdout:hpack-stateful-dynamic-name-wide-retained-older-path:result	1
result_projection	row-1387:stdout:hpack-stateful-dynamic-name-wide-retained-older-path:hpack	1
result_projection	row-1388:stdout:hpack-stateful-dynamic-indexed-wide-continuation-retained-older-path:result	1
result_projection	row-1389:stdout:output_chunk_list:http2-hpack-stateful-dynamic-indexed-wide-continuation-retained-older-path	1
result_projection	row-1390:stdout:output_chunk:http2-hpack-stateful-dynamic-indexed-wide-continuation-retained-older-path	1
result_projection	row-1391:stdout:hpack-stateful-dynamic-indexed-wide-continuation-retained-older-path:hpack	1
result_projection	row-1392:stdout:hpack-stateful-dynamic-indexed-multi-continuation-retained-older-path:result	1
result_projection	row-1393:stdout:output_chunk_list:http2-hpack-stateful-dynamic-indexed-multi-continuation-retained-older-path	1
result_projection	row-1394:stdout:output_chunk:http2-hpack-stateful-dynamic-indexed-multi-continuation-retained-older-path	1
result_projection	row-1395:stdout:hpack-stateful-dynamic-indexed-multi-continuation-retained-older-path:hpack	1
result_projection	row-1396:stdout:hpack-stateful-dynamic-indexed-multi-continuation-out-of-range:id	1
result_projection	row-1397:stdout:hpack-stateful-dynamic-name-wide-indexed:result	1
result_projection	row-1398:stdout:output_chunk_list:http2-hpack-stateful-dynamic-name-wide-indexed	1
result_projection	row-1399:stdout:output_chunk:http2-hpack-stateful-dynamic-name-wide-indexed	1
result_projection	row-1400:stdout:hpack-stateful-dynamic-name-wide-indexed:hpack	1
result_projection	row-1401:stdout:hpack-stateful-dynamic-name-wide-newest:result	1
result_projection	row-1402:stdout:hpack-stateful-dynamic-name-wide-newest:hpack	1
result_projection	row-1403:stdout:hpack-stateful-dynamic-name-wide-without-indexing:result	1
result_projection	row-1404:stdout:output_chunk_list:http2-hpack-stateful-dynamic-name-wide-without-indexing	1
result_projection	row-1405:stdout:output_chunk:http2-hpack-stateful-dynamic-name-wide-without-indexing	1
result_projection	row-1406:stdout:hpack-stateful-dynamic-name-wide-without-indexing:hpack	1
result_projection	row-1407:stdout:hpack-stateful-dynamic-name-wide-without-indexing-retained:result	1
result_projection	row-1408:stdout:hpack-stateful-dynamic-name-wide-without-indexing-retained:hpack	1
result_projection	row-1409:stdout:hpack-stateful-dynamic-name-wide-never-indexed:result	1
result_projection	row-1410:stdout:output_chunk_list:http2-hpack-stateful-dynamic-name-wide-never-indexed	1
result_projection	row-1411:stdout:output_chunk:http2-hpack-stateful-dynamic-name-wide-never-indexed	1
result_projection	row-1412:stdout:hpack-stateful-dynamic-name-wide-never-indexed:hpack	1
result_projection	row-1413:stdout:hpack-stateful-dynamic-name-wide-never-indexed-retained:result	1
result_projection	row-1414:stdout:hpack-stateful-dynamic-name-wide-never-indexed-retained:hpack	1
result_projection	row-1415:stdout:hpack-continuation-dynamic-name-wide-start:result	1
result_projection	row-1416:stdout:hpack-continuation-dynamic-name-wide-done:result	1
result_projection	row-1417:stdout:output_chunk_list:http2-hpack-continuation-dynamic-name-wide	1
result_projection	row-1418:stdout:output_chunk:http2-hpack-continuation-dynamic-name-wide	1
result_projection	row-1419:stdout:hpack-continuation-dynamic-name-wide-done:hpack	1
result_projection	row-1420:stdout:hpack-after-continuation-dynamic-name-wide:result	1
result_projection	row-1421:stdout:hpack-after-continuation-dynamic-name-wide:hpack	1
result_projection	row-1422:stdout:hpack-continuation-dynamic-name-wide-without-indexing-start:result	1
result_projection	row-1423:stdout:hpack-continuation-dynamic-name-wide-without-indexing-done:result	1
result_projection	row-1424:stdout:output_chunk_list:http2-hpack-continuation-dynamic-name-wide-without-indexing	1
result_projection	row-1425:stdout:output_chunk:http2-hpack-continuation-dynamic-name-wide-without-indexing	1
result_projection	row-1426:stdout:hpack-continuation-dynamic-name-wide-without-indexing-done:hpack	1
result_projection	row-1427:stdout:hpack-after-continuation-dynamic-name-wide-without-indexing:result	1
result_projection	row-1428:stdout:hpack-after-continuation-dynamic-name-wide-without-indexing:hpack	1
result_projection	row-1429:stdout:hpack-continuation-dynamic-name-wide-never-indexed-start:result	1
result_projection	row-1430:stdout:hpack-continuation-dynamic-name-wide-never-indexed-done:result	1
result_projection	row-1431:stdout:output_chunk_list:http2-hpack-continuation-dynamic-name-wide-never-indexed	1
result_projection	row-1432:stdout:output_chunk:http2-hpack-continuation-dynamic-name-wide-never-indexed	1
result_projection	row-1433:stdout:hpack-continuation-dynamic-name-wide-never-indexed-done:hpack	1
result_projection	row-1434:stdout:hpack-after-continuation-dynamic-name-wide-never-indexed:result	1
result_projection	row-1435:stdout:hpack-after-continuation-dynamic-name-wide-never-indexed:hpack	1
result_projection	row-1436:stdout:output_chunk_list:http2-hpack-literal-indexed-path-target	1
result_projection	row-1437:stdout:output_chunk:http2-hpack-literal-indexed-path-target	1
result_projection	row-1438:stdout:hpack-literal-indexed-path-target:hpack	1
result_projection	row-1439:stdout:output_chunk_list:http2-hpack-dynamic-indexed-path-target	1
result_projection	row-1440:stdout:output_chunk:http2-hpack-dynamic-indexed-path-target	1
result_projection	row-1441:stdout:hpack-dynamic-indexed-path-target:hpack	1
result_projection	row-1442:stdout:output_chunk_list:http2-hpack-literal-indexed-method-put	1
result_projection	row-1443:stdout:output_chunk:http2-hpack-literal-indexed-method-put	1
result_projection	row-1444:stdout:hpack-literal-indexed-method-put:hpack	1
result_projection	row-1445:stdout:hpack-dynamic-indexed-method-put:hpack	1
result_projection	row-1446:stdout:output_chunk_list:http2-hpack-dynamic-indexed-older-path	1
result_projection	row-1447:stdout:output_chunk:http2-hpack-dynamic-indexed-older-path	1
result_projection	row-1448:stdout:hpack-dynamic-indexed-older-path:hpack	1
result_projection	row-1449:stdout:output_chunk_list:http2-hpack-dynamic-table-size-eviction	1
result_projection	row-1450:stdout:output_chunk:http2-hpack-dynamic-table-size-eviction	1
result_projection	row-1451:stdout:hpack-dynamic-table-size-eviction:hpack	1
result_projection	row-1452:stdout:hpack-dynamic-indexed-after-size-eviction:hpack	1
result_projection	row-1453:stdout:hpack-dynamic-indexed-missing:hpack	1
result_projection	row-1454:stdout:hpack-stateful-dynamic-indexed-missing-http2:id	1
result_projection	row-1455:stdout:hpack-stateful-dynamic-indexed-missing-http2:hpack_state	1
result_projection	row-1456:stdout:hpack-stateful-after-missing-literal-indexed-path-target:result	1
result_projection	row-1457:stdout:output_chunk_list:http2-hpack-stateful-after-missing-literal-indexed-path-target	1
result_projection	row-1458:stdout:output_chunk:http2-hpack-stateful-after-missing-literal-indexed-path-target	1
result_projection	row-1459:stdout:hpack-stateful-after-missing-literal-indexed-path-target:hpack	1
result_projection	row-1460:stdout:hpack-stateful-after-missing-literal-indexed-path-target:hpack_state	1
result_projection	row-1461:stdout:hpack-stateful-after-missing-dynamic-indexed-path-target:result	1
result_projection	row-1462:stdout:output_chunk_list:http2-hpack-stateful-after-missing-dynamic-indexed-path-target	1
result_projection	row-1463:stdout:output_chunk:http2-hpack-stateful-after-missing-dynamic-indexed-path-target	1
result_projection	row-1464:stdout:hpack-stateful-after-missing-dynamic-indexed-path-target:hpack	1
result_projection	row-1465:stdout:hpack-stateful-dynamic-name-huffman-indexed-path-test:result	1
result_projection	row-1466:stdout:output_chunk_list:http2-hpack-stateful-dynamic-name-huffman-indexed-path-test	1
result_projection	row-1467:stdout:output_chunk:http2-hpack-stateful-dynamic-name-huffman-indexed-path-test	1
result_projection	row-1468:stdout:hpack-stateful-dynamic-name-huffman-indexed-path-test:hpack	1
result_projection	row-1469:stdout:hpack-stateful-dynamic-name-huffman-indexed-path-test-reuse:result	1
result_projection	row-1470:stdout:output_chunk_list:http2-hpack-stateful-dynamic-name-huffman-indexed-path-test-reuse	1
result_projection	row-1471:stdout:output_chunk:http2-hpack-stateful-dynamic-name-huffman-indexed-path-test-reuse	1
result_projection	row-1472:stdout:hpack-stateful-dynamic-name-huffman-indexed-path-test-reuse:hpack	1
result_projection	row-1473:stdout:hpack-stateful-dynamic-name-huffman-continuation-start:result	1
result_projection	row-1474:stdout:hpack-stateful-dynamic-name-huffman-continuation-done:result	1
result_projection	row-1475:stdout:output_chunk_list:http2-hpack-stateful-dynamic-name-huffman-continuation	1
result_projection	row-1476:stdout:output_chunk:http2-hpack-stateful-dynamic-name-huffman-continuation	1
result_projection	row-1477:stdout:hpack-stateful-dynamic-name-huffman-continuation-done:hpack	1
result_projection	row-1478:stdout:hpack-stateful-dynamic-name-huffman-continuation-reuse:result	1
result_projection	row-1479:stdout:output_chunk_list:http2-hpack-stateful-dynamic-name-huffman-continuation-reuse	1
result_projection	row-1480:stdout:output_chunk:http2-hpack-stateful-dynamic-name-huffman-continuation-reuse	1
result_projection	row-1481:stdout:hpack-stateful-dynamic-name-huffman-continuation-reuse:hpack	1
result_projection	row-1482:stdout:hpack-stateful-literal-indexed-ordinary-x-trace:result	1
result_projection	row-1483:stdout:output_chunk_list:http2-hpack-stateful-literal-indexed-ordinary-x-trace	1
result_projection	row-1484:stdout:output_chunk:http2-hpack-stateful-literal-indexed-ordinary-x-trace	1
result_projection	row-1485:stdout:hpack-stateful-literal-indexed-ordinary-x-trace:hpack	1
result_projection	row-1486:stdout:hpack-stateful-dynamic-indexed-ordinary-x-trace:result	1
result_projection	row-1487:stdout:output_chunk_list:http2-hpack-stateful-dynamic-indexed-ordinary-x-trace	1
result_projection	row-1488:stdout:output_chunk:http2-hpack-stateful-dynamic-indexed-ordinary-x-trace	1
result_projection	row-1489:stdout:hpack-stateful-dynamic-indexed-ordinary-x-trace:hpack	1
result_projection	row-1490:stdout:hpack-stateful-literal-indexed-ordinary-x-huff-huffman:result	1
result_projection	row-1491:stdout:output_chunk_list:http2-hpack-stateful-literal-indexed-ordinary-x-huff-huffman	1
result_projection	row-1492:stdout:output_chunk:http2-hpack-stateful-literal-indexed-ordinary-x-huff-huffman	1
result_projection	row-1493:stdout:hpack-stateful-literal-indexed-ordinary-x-huff-huffman:hpack	1
result_projection	row-1494:stdout:hpack-stateful-dynamic-indexed-ordinary-x-huff-huffman:result	1
result_projection	row-1495:stdout:output_chunk_list:http2-hpack-stateful-dynamic-indexed-ordinary-x-huff-huffman	1
result_projection	row-1496:stdout:output_chunk:http2-hpack-stateful-dynamic-indexed-ordinary-x-huff-huffman	1
result_projection	row-1497:stdout:hpack-stateful-dynamic-indexed-ordinary-x-huff-huffman:hpack	1
result_projection	row-1498:stdout:hpack-raw-name-huffman-padding:id	1
result_projection	row-1499:stdout:hpack-stateful-literal-indexed-ordinary-continuation-start:result	1
result_projection	row-1500:stdout:hpack-stateful-literal-indexed-ordinary-continuation-done:result	1
result_projection	row-1501:stdout:output_chunk_list:http2-hpack-stateful-literal-indexed-ordinary-continuation	1
result_projection	row-1502:stdout:output_chunk:http2-hpack-stateful-literal-indexed-ordinary-continuation	1
result_projection	row-1503:stdout:hpack-stateful-literal-indexed-ordinary-continuation-done:hpack	1
result_projection	row-1504:stdout:hpack-stateful-dynamic-indexed-ordinary-continuation:result	1
result_projection	row-1505:stdout:output_chunk_list:http2-hpack-stateful-dynamic-indexed-ordinary-continuation	1
result_projection	row-1506:stdout:output_chunk:http2-hpack-stateful-dynamic-indexed-ordinary-continuation	1
result_projection	row-1507:stdout:hpack-stateful-dynamic-indexed-ordinary-continuation:hpack	1
result_projection	row-1508:stdout:hpack-stateful-literal-indexed-ordinary-x-huff-continuation-start:result	1
result_projection	row-1509:stdout:hpack-stateful-literal-indexed-ordinary-x-huff-continuation-done:result	1
result_projection	row-1510:stdout:output_chunk_list:http2-hpack-stateful-literal-indexed-ordinary-x-huff-continuation	1
result_projection	row-1511:stdout:output_chunk:http2-hpack-stateful-literal-indexed-ordinary-x-huff-continuation	1
result_projection	row-1512:stdout:hpack-stateful-literal-indexed-ordinary-x-huff-continuation-done:hpack	1
result_projection	row-1513:stdout:hpack-stateful-dynamic-indexed-ordinary-x-huff-continuation:result	1
result_projection	row-1514:stdout:output_chunk_list:http2-hpack-stateful-dynamic-indexed-ordinary-x-huff-continuation	1
result_projection	row-1515:stdout:output_chunk:http2-hpack-stateful-dynamic-indexed-ordinary-x-huff-continuation	1
result_projection	row-1516:stdout:hpack-stateful-dynamic-indexed-ordinary-x-huff-continuation:hpack	1
result_projection	row-1517:stdout:hpack-raw-name-never-indexed-ordinary-x-never:result	1
result_projection	row-1518:stdout:output_chunk_list:http2-hpack-raw-name-never-indexed-ordinary-x-never	1
result_projection	row-1519:stdout:output_chunk:http2-hpack-raw-name-never-indexed-ordinary-x-never	1
result_projection	row-1520:stdout:hpack-raw-name-never-indexed-ordinary-x-never:hpack	1
result_projection	row-1521:stdout:hpack-raw-name-never-indexed-no-dynamic-entry:id	1
result_projection	row-1522:stdout:hpack-stateful-ordinary-table-size-eviction:result	1
result_projection	row-1523:stdout:output_chunk_list:http2-hpack-stateful-ordinary-table-size-eviction	1
result_projection	row-1524:stdout:output_chunk:http2-hpack-stateful-ordinary-table-size-eviction	1
result_projection	row-1525:stdout:hpack-stateful-ordinary-table-size-eviction:hpack	1
result_projection	row-1526:stdout:hpack-stateful-ordinary-table-size-eviction:hpack_state	1
result_projection	row-1527:stdout:hpack-stateful-ordinary-after-table-size-eviction:id	1
result_projection	row-1528:stdout:hpack-stateful-dynamic-name-continuation-missing:id	1
result_projection	row-1529:stdout:hpack-stateful-dynamic-name-continuation-out-of-range:id	1
result_projection	row-1530:stdout:hpack-stateful-dynamic-name-continuation-malformed:id	1
result_projection	row-1531:stdout:hpack-continuation-dynamic-name-failure-start:result	1
result_projection	row-1532:stdout:hpack-continuation-dynamic-name-failure-done:id	1
result_projection	row-1533:stdout:hpack-table-size-update:result	1
result_projection	row-1534:stdout:output_chunk_list:http2-hpack-table-size-update	1
result_projection	row-1535:stdout:output_chunk:http2-hpack-table-size-update	1
result_projection	row-1536:stdout:hpack-table-size-update:hpack	1
result_projection	row-1537:stdout:hpack-table-size-update:hpack_state	1
result_projection	row-1538:stdout:hpack-after-table-size-update:result	1
result_projection	row-1539:stdout:output_chunk_list:http2-hpack-after-table-size-update	1
result_projection	row-1540:stdout:output_chunk:http2-hpack-after-table-size-update	1
result_projection	row-1541:stdout:hpack-after-table-size-update:hpack	1
result_projection	row-1542:stdout:hpack-after-table-size-update:hpack_state	1
result_projection	row-1543:stdout:hpack-table-size-after-header:id	1
result_projection	row-1544:stdout:hpack-table-size-continuation-start:result	1
result_projection	row-1545:stdout:hpack-table-size-continuation-done:result	1
result_projection	row-1546:stdout:output_chunk_list:http2-hpack-table-size-continuation	1
result_projection	row-1547:stdout:output_chunk:http2-hpack-table-size-continuation	1
result_projection	row-1548:stdout:hpack-table-size-continuation-done:hpack	1
result_projection	row-1549:stdout:hpack-table-size-continuation-done:hpack_state	1
result_projection	row-1550:stdout:hpack-after-table-size-continuation:result	1
result_projection	row-1551:stdout:hpack-after-table-size-continuation:hpack	1
result_projection	row-1552:stdout:hpack-after-table-size-continuation:hpack_state	1
result_projection	row-1553:stdout:hpack-table-size-after-header-continuation-start:result	1
result_projection	row-1554:stdout:hpack-table-size-after-header-continuation-done:id	1
result_projection	row-1555:stdout:hpack-table-size-update-31:result	1
result_projection	row-1556:stdout:output_chunk_list:http2-hpack-table-size-update-31	1
result_projection	row-1557:stdout:output_chunk:http2-hpack-table-size-update-31	1
result_projection	row-1558:stdout:hpack-table-size-update-31:hpack	1
result_projection	row-1559:stdout:hpack-table-size-update-31:hpack_state	1
result_projection	row-1560:stdout:hpack-after-table-size-update-31:result	1
result_projection	row-1561:stdout:hpack-after-table-size-update-31:hpack	1
result_projection	row-1562:stdout:hpack-after-table-size-update-31:hpack_state	1
result_projection	row-1563:stdout:hpack-table-size-continuation-31-start:result	1
result_projection	row-1564:stdout:hpack-table-size-continuation-31-done:result	1
result_projection	row-1565:stdout:output_chunk_list:http2-hpack-table-size-continuation-31	1
result_projection	row-1566:stdout:output_chunk:http2-hpack-table-size-continuation-31	1
result_projection	row-1567:stdout:hpack-table-size-continuation-31-done:hpack	1
result_projection	row-1568:stdout:hpack-table-size-continuation-31-done:hpack_state	1
result_projection	row-1569:stdout:hpack-after-table-size-continuation-31:result	1
result_projection	row-1570:stdout:hpack-after-table-size-continuation-31:hpack	1
result_projection	row-1571:stdout:hpack-after-table-size-continuation-31:hpack_state	1
result_projection	row-1572:stdout:hpack-table-size-update-32:result	1
result_projection	row-1573:stdout:output_chunk_list:http2-hpack-table-size-update-32	1
result_projection	row-1574:stdout:output_chunk:http2-hpack-table-size-update-32	1
result_projection	row-1575:stdout:hpack-table-size-update-32:hpack	1
result_projection	row-1576:stdout:hpack-table-size-update-32:hpack_state	1
result_projection	row-1577:stdout:hpack-after-table-size-update-32:result	1
result_projection	row-1578:stdout:hpack-after-table-size-update-32:hpack	1
result_projection	row-1579:stdout:hpack-after-table-size-update-32:hpack_state	1
result_projection	row-1580:stdout:hpack-table-size-continuation-32-start:result	1
result_projection	row-1581:stdout:hpack-table-size-continuation-32-done:result	1
result_projection	row-1582:stdout:output_chunk_list:http2-hpack-table-size-continuation-32	1
result_projection	row-1583:stdout:output_chunk:http2-hpack-table-size-continuation-32	1
result_projection	row-1584:stdout:hpack-table-size-continuation-32-done:hpack	1
result_projection	row-1585:stdout:hpack-table-size-continuation-32-done:hpack_state	1
result_projection	row-1586:stdout:hpack-after-table-size-continuation-32:result	1
result_projection	row-1587:stdout:hpack-after-table-size-continuation-32:hpack	1
result_projection	row-1588:stdout:hpack-after-table-size-continuation-32:hpack_state	1
result_projection	row-1589:stdout:hpack-table-size-update-160:result	1
result_projection	row-1590:stdout:output_chunk_list:http2-hpack-table-size-update-160	1
result_projection	row-1591:stdout:output_chunk:http2-hpack-table-size-update-160	1
result_projection	row-1592:stdout:hpack-table-size-update-160:hpack	1
result_projection	row-1593:stdout:hpack-table-size-update-160:hpack_state	1
result_projection	row-1594:stdout:hpack-after-table-size-update-160:result	1
result_projection	row-1595:stdout:hpack-after-table-size-update-160:hpack	1
result_projection	row-1596:stdout:hpack-after-table-size-update-160:hpack_state	1
result_projection	row-1597:stdout:hpack-table-size-continuation-160-start:result	1
result_projection	row-1598:stdout:hpack-table-size-continuation-160-done:result	1
result_projection	row-1599:stdout:output_chunk_list:http2-hpack-table-size-continuation-160	1
result_projection	row-1600:stdout:output_chunk:http2-hpack-table-size-continuation-160	1
result_projection	row-1601:stdout:hpack-table-size-continuation-160-done:hpack	1
result_projection	row-1602:stdout:hpack-table-size-continuation-160-done:hpack_state	1
result_projection	row-1603:stdout:hpack-after-table-size-continuation-160:result	1
result_projection	row-1604:stdout:hpack-after-table-size-continuation-160:hpack	1
result_projection	row-1605:stdout:hpack-after-table-size-continuation-160:hpack_state	1
result_projection	row-1606:stdout:hpack-table-size-update-general:result	1
result_projection	row-1607:stdout:output_chunk_list:http2-hpack-table-size-update-general	1
result_projection	row-1608:stdout:output_chunk:http2-hpack-table-size-update-general	1
result_projection	row-1609:stdout:hpack-table-size-update-general:hpack	1
result_projection	row-1610:stdout:hpack-table-size-update-general:hpack_state	1
result_projection	row-1611:stdout:hpack-table-size-continuation-general-start:result	1
result_projection	row-1612:stdout:hpack-table-size-continuation-general-done:result	1
result_projection	row-1613:stdout:output_chunk_list:http2-hpack-table-size-continuation-general	1
result_projection	row-1614:stdout:output_chunk:http2-hpack-table-size-continuation-general	1
result_projection	row-1615:stdout:hpack-table-size-continuation-general-done:hpack	1
result_projection	row-1616:stdout:hpack-table-size-continuation-general-done:hpack_state	1
result_projection	row-1617:stdout:hpack-table-size-update-general-wide:id	1
result_projection	row-1618:stdout:hpack-table-size-continuation-general-wide-start:result	1
result_projection	row-1619:stdout:hpack-table-size-continuation-general-wide-done:id	1
result_projection	row-1620:stdout:hpack-table-size-update-malformed:id	1
result_projection	row-1621:stdout:hpack-table-size-continuation-malformed-start:result	1
result_projection	row-1622:stdout:hpack-table-size-continuation-malformed:id	1
result_projection	row-1623:stdout:hpack-table-size-update-trailing-bytes:id	1
result_projection	row-1624:stdout:hpack-table-size-continuation-trailing-bytes-start:result	1
result_projection	row-1625:stdout:hpack-table-size-continuation-trailing-bytes:id	1
result_projection	row-1626:stdout:hpack-table-size-update-initial-size:id	1
result_projection	row-1627:stdout:hpack-table-size-continuation-initial-size-start:result	1
result_projection	row-1628:stdout:hpack-table-size-continuation-initial-size-done:id	1
result_projection	row-1629:stdout:hpack-static-indexed-scheme-http:result	1
result_projection	row-1630:stdout:output_chunk_list:http2-hpack-static-indexed-scheme-http	1
result_projection	row-1631:stdout:output_chunk:http2-hpack-static-indexed-scheme-http	1
result_projection	row-1632:stdout:hpack-static-indexed-scheme-http:hpack	1
result_projection	row-1633:stdout:hpack-static-indexed-scheme-https:result	1
result_projection	row-1634:stdout:output_chunk_list:http2-hpack-static-indexed-scheme-https	1
result_projection	row-1635:stdout:output_chunk:http2-hpack-static-indexed-scheme-https	1
result_projection	row-1636:stdout:hpack-static-indexed-scheme-https:hpack	1
result_projection	row-1637:stdout:hpack-static-indexed-status-200:result	1
result_projection	row-1638:stdout:output_chunk_list:http2-hpack-static-indexed-status-200	1
result_projection	row-1639:stdout:output_chunk:http2-hpack-static-indexed-status-200	1
result_projection	row-1640:stdout:hpack-static-indexed-status-200:hpack	1
result_projection	row-1641:stdout:hpack-static-indexed-status-404:result	1
result_projection	row-1642:stdout:output_chunk_list:http2-hpack-static-indexed-status-404	1
result_projection	row-1643:stdout:output_chunk:http2-hpack-static-indexed-status-404	1
result_projection	row-1644:stdout:hpack-static-indexed-status-404:hpack	1
result_projection	row-1645:stdout:hpack-static-request-headers:result	1
result_projection	row-1646:stdout:output_chunk_list:http2-hpack-static-request-headers	1
result_projection	row-1647:stdout:output_chunk:http2-hpack-static-request-headers	1
result_projection	row-1648:stdout:hpack-static-request-headers:hpack_static	1
result_projection	row-1649:stdout:hpack-static-request-continuation-start:result	1
result_projection	row-1650:stdout:hpack-static-request-continuation-done:result	1
result_projection	row-1651:stdout:output_chunk_list:http2-hpack-static-request-continuation	1
result_projection	row-1652:stdout:output_chunk:http2-hpack-static-request-continuation	1
result_projection	row-1653:stdout:hpack-static-request-continuation-done:hpack_static	1
result_projection	row-1654:stdout:hpack-static-request-scheme-https:result	1
result_projection	row-1655:stdout:output_chunk_list:http2-hpack-static-request-scheme-https	1
result_projection	row-1656:stdout:output_chunk:http2-hpack-static-request-scheme-https	1
result_projection	row-1657:stdout:hpack-static-request-scheme-https:hpack_static	1
result_projection	row-1658:stdout:hpack-static-request-scheme-https-huffman:result	1
result_projection	row-1659:stdout:output_chunk_list:http2-hpack-static-request-scheme-https-huffman	1
result_projection	row-1660:stdout:output_chunk:http2-hpack-static-request-scheme-https-huffman	1
result_projection	row-1661:stdout:hpack-static-request-scheme-https-huffman:hpack_static	1
result_projection	row-1662:stdout:hpack-static-request-scheme-https-huffman-continuation-start:result	1
result_projection	row-1663:stdout:hpack-static-request-scheme-https-huffman-continuation-done:result	1
result_projection	row-1664:stdout:output_chunk_list:http2-hpack-static-request-scheme-https-huffman-continuation	1
result_projection	row-1665:stdout:output_chunk:http2-hpack-static-request-scheme-https-huffman-continuation	1
result_projection	row-1666:stdout:hpack-static-request-scheme-https-huffman-continuation-done:hpack_static	1
result_projection	row-1667:stdout:hpack-static-response-headers:result	1
result_projection	row-1668:stdout:output_chunk_list:http2-hpack-static-response-headers	1
result_projection	row-1669:stdout:output_chunk:http2-hpack-static-response-headers	1
result_projection	row-1670:stdout:hpack-static-response-headers:hpack_static	1
result_projection	row-1671:stdout:hpack-static-response-cache-control:result	1
result_projection	row-1672:stdout:output_chunk_list:http2-hpack-static-response-cache-control	1
result_projection	row-1673:stdout:output_chunk:http2-hpack-static-response-cache-control	1
result_projection	row-1674:stdout:hpack-static-response-cache-control:hpack_static	1
result_projection	row-1675:stdout:hpack-static-response-content-type:result	1
result_projection	row-1676:stdout:output_chunk_list:http2-hpack-static-response-content-type	1
result_projection	row-1677:stdout:output_chunk:http2-hpack-static-response-content-type	1
result_projection	row-1678:stdout:hpack-static-response-content-type:hpack_static	1
result_projection	row-1679:stdout:hpack-static-response-cache-control-continuation-start:result	1
result_projection	row-1680:stdout:hpack-static-response-cache-control-continuation-done:result	1
result_projection	row-1681:stdout:output_chunk_list:http2-hpack-static-response-cache-control-continuation	1
result_projection	row-1682:stdout:output_chunk:http2-hpack-static-response-cache-control-continuation	1
result_projection	row-1683:stdout:hpack-static-response-cache-control-continuation-done:hpack_static	1
result_projection	row-1684:stdout:hpack-static-response-content-type-continuation-start:result	1
result_projection	row-1685:stdout:hpack-static-response-content-type-continuation-done:result	1
result_projection	row-1686:stdout:output_chunk_list:http2-hpack-static-response-content-type-continuation	1
result_projection	row-1687:stdout:output_chunk:http2-hpack-static-response-content-type-continuation	1
result_projection	row-1688:stdout:hpack-static-response-content-type-continuation-done:hpack_static	1
result_projection	row-1689:stdout:hpack-static-literal-response-headers:result	1
result_projection	row-1690:stdout:output_chunk_list:http2-hpack-static-literal-response-headers	1
result_projection	row-1691:stdout:output_chunk:http2-hpack-static-literal-response-headers	1
result_projection	row-1692:stdout:hpack-static-literal-response-headers:hpack_static	1
result_projection	row-1693:stdout:hpack-static-response-status-empty:id	1
result_projection	row-1694:stdout:hpack-static-response-status-short:id	1
result_projection	row-1695:stdout:hpack-static-response-status-long:id	1
result_projection	row-1696:stdout:hpack-static-response-status-non-decimal:id	1
result_projection	row-1697:stdout:hpack-static-response-status-continuation-start:result	1
result_projection	row-1698:stdout:hpack-static-response-status-continuation-done:id	1
result_projection	row-1699:stdout:hpack-static-response-content-length:result	1
result_projection	row-1700:stdout:output_chunk_list:http2-hpack-static-response-content-length	1
result_projection	row-1701:stdout:output_chunk:http2-hpack-static-response-content-length	1
result_projection	row-1702:stdout:hpack-static-response-content-length:hpack_static	1
result_projection	row-1703:stdout:hpack-static-response-content-length:content_length_expected	1
result_projection	row-1704:stdout:hpack-static-response-content-length-indexed:result	1
result_projection	row-1705:stdout:output_chunk_list:http2-hpack-static-response-content-length-indexed	1
result_projection	row-1706:stdout:output_chunk:http2-hpack-static-response-content-length-indexed	1
result_projection	row-1707:stdout:hpack-static-response-content-length-indexed:hpack_static	1
result_projection	row-1708:stdout:hpack-static-response-content-length-indexed:content_length_expected	1
result_projection	row-1709:stdout:hpack-static-response-content-length-never-indexed:result	1
result_projection	row-1710:stdout:output_chunk_list:http2-hpack-static-response-content-length-never-indexed	1
result_projection	row-1711:stdout:output_chunk:http2-hpack-static-response-content-length-never-indexed	1
result_projection	row-1712:stdout:hpack-static-response-content-length-never-indexed:hpack_static	1
result_projection	row-1713:stdout:hpack-static-response-content-length-never-indexed:content_length_expected	1
result_projection	row-1714:stdout:hpack-static-response-content-length-data:result	1
result_projection	row-1715:stdout:hpack-static-response-content-length-data:content_length_expected	1
result_projection	row-1716:stdout:hpack-static-response-content-length-invalid:id	1
result_projection	row-1717:stdout:hpack-static-response-content-length-indexed-invalid:id	1
result_projection	row-1718:stdout:hpack-static-response-content-length-never-indexed-invalid:id	1
result_projection	row-1719:stdout:hpack-static-request-content-length:result	1
result_projection	row-1720:stdout:output_chunk_list:http2-hpack-static-request-content-length	1
result_projection	row-1721:stdout:output_chunk:http2-hpack-static-request-content-length	1
result_projection	row-1722:stdout:hpack-static-request-content-length:hpack_static	1
result_projection	row-1723:stdout:hpack-static-request-content-length:content_length_expected	1
result_projection	row-1724:stdout:hpack-static-request-content-length-decimal:result	1
result_projection	row-1725:stdout:output_chunk_list:http2-hpack-static-request-content-length-decimal	1
result_projection	row-1726:stdout:output_chunk:http2-hpack-static-request-content-length-decimal	1
result_projection	row-1727:stdout:hpack-static-request-content-length-decimal:hpack_static	1
result_projection	row-1728:stdout:hpack-static-request-content-length-decimal:content_length_expected	1
result_projection	row-1729:stdout:hpack-static-request-content-length-indexed:result	1
result_projection	row-1730:stdout:output_chunk_list:http2-hpack-static-request-content-length-indexed	1
result_projection	row-1731:stdout:output_chunk:http2-hpack-static-request-content-length-indexed	1
result_projection	row-1732:stdout:hpack-static-request-content-length-indexed:hpack_static	1
result_projection	row-1733:stdout:hpack-static-request-content-length-indexed:content_length_expected	1
result_projection	row-1734:stdout:hpack-static-request-content-length-never-indexed:result	1
result_projection	row-1735:stdout:output_chunk_list:http2-hpack-static-request-content-length-never-indexed	1
result_projection	row-1736:stdout:output_chunk:http2-hpack-static-request-content-length-never-indexed	1
result_projection	row-1737:stdout:hpack-static-request-content-length-never-indexed:hpack_static	1
result_projection	row-1738:stdout:hpack-static-request-content-length-never-indexed:content_length_expected	1
result_projection	row-1739:stdout:hpack-static-request-content-length-decimal-data:result	1
result_projection	row-1740:stdout:hpack-static-request-content-length-decimal-data:content_length_expected	1
result_projection	row-1741:stdout:hpack-static-request-content-length-invalid:id	1
result_projection	row-1742:stdout:hpack-static-request-content-length-indexed-invalid:id	1
result_projection	row-1743:stdout:hpack-static-request-content-length-never-indexed-invalid:id	1
result_projection	row-1744:stdout:hpack-static-unsupported-index:id	1
result_projection	row-1745:stdout:hpack-static-literal-non-visible:id	1
result_projection	row-1746:stdout:header-list-start:result	1
result_projection	row-1747:stdout:header-list-size:id	1
result_projection	row-1748:stdout:header-list-size:peer_max_frame_size	1
result_projection	row-1749:stdout:hpack-fixture:id	1
result_projection	row-1750:stdout:hpack-literal-huffman:result	1
result_projection	row-1751:stdout:output_chunk_list:http2-hpack-literal-huffman	1
result_projection	row-1752:stdout:output_chunk:http2-hpack-literal-huffman	1
result_projection	row-1753:stdout:hpack-literal-huffman:hpack	1
result_projection	row-1754:stdout:hpack-literal-test-huffman:result	1
result_projection	row-1755:stdout:output_chunk_list:http2-hpack-literal-test-huffman	1
result_projection	row-1756:stdout:output_chunk:http2-hpack-literal-test-huffman	1
result_projection	row-1757:stdout:hpack-literal-test-huffman:hpack	1
result_projection	row-1758:stdout:hpack-static-literal-test-huffman:hpack_static	1
result_projection	row-1759:stdout:hpack-static-literal-test-huffman-continuation-start:result	1
result_projection	row-1760:stdout:hpack-static-literal-test-huffman-continuation-done:result	1
result_projection	row-1761:stdout:output_chunk_list:http2-hpack-static-literal-test-huffman-continuation	1
result_projection	row-1762:stdout:output_chunk:http2-hpack-static-literal-test-huffman-continuation	1
result_projection	row-1763:stdout:hpack-static-literal-test-huffman-continuation-done:hpack_static	1
result_projection	row-1764:stdout:hpack-literal-huffman-malformed:id	1
result_projection	row-1765:stdout:hpack-literal-huffman-malformed-continuation-start:result	1
result_projection	row-1766:stdout:hpack-literal-huffman-malformed-continuation-done:id	1
result_projection	row-1767:stdout:hpack-literal-length-malformed:id	1
result_projection	row-1768:stdout:hpack-literal-length-malformed-continuation-start:result	1
result_projection	row-1769:stdout:hpack-literal-length-malformed-continuation-done:id	1
result_projection	row-1770:stdout:hpack-literal-scheme-https-huffman:result	1
result_projection	row-1771:stdout:output_chunk_list:http2-hpack-literal-scheme-https-huffman	1
result_projection	row-1772:stdout:output_chunk:http2-hpack-literal-scheme-https-huffman	1
result_projection	row-1773:stdout:hpack-literal-scheme-https-huffman:hpack	1
result_projection	row-1774:stdout:hpack-literal-scheme-huffman-padding:id	1
result_projection	row-1775:stdout:hpack-literal-status-huffman-padding:id	1
result_projection	row-1776:stdout:hpack-literal-huffman-eos-continuation-start:result	1
result_projection	row-1777:stdout:hpack-literal-huffman-eos-continuation-done:id	1
result_projection	row-1778:stdout:hpack-literal-authority-malformed:id	1
result_projection	row-1779:stdout:hpack-literal-non-visible:id	1
result_projection	row-1780:stdout:hpack-literal-status-malformed:id	1
result_projection	row-1781:stdout:hpack-literal-status-non-visible:id	1
result_projection	row-1782:stdout:hpack-literal-status-malformed-continuation-start:result	1
result_projection	row-1783:stdout:hpack-literal-status-malformed-continuation-done:id	1
result_projection	row-1784:stdout:settings-ack-length:id	1
result_projection	row-1785:stdout:settings-ack-stream:id	1
result_projection	row-1786:stdout:settings-range:id	1
result_projection	row-1787:stdout:settings-range:peer_max_frame_size	1
result_projection	row-1788:stdout:settings-range-high:id	1
result_projection	row-1789:stdout:settings-range-high:peer_max_frame_size	1
result_projection	row-1790:stdout:frame-size-peer-advertised:id	1
result_projection	row-1791:stdout:frame-size-peer-advertised:peer_max_frame_size	1
result_projection	row-1792:stdout:peer-initial-window:result	1
result_projection	row-1793:stdout:peer-initial-window:peer_max_frame_size	1
result_projection	row-1794:stdout:settings-initial-window-high:id	1
result_projection	row-1795:stdout:settings-initial-window-high:peer_max_frame_size	1
result_projection	row-1796:stdout:settings-enable-push-high:id	1
result_projection	row-1797:stdout:settings-enable-push-high:peer_max_frame_size	1
result_projection	row-1798:stdout:settings-duplicate-initial-window:result	1
result_projection	row-1799:stdout:settings-duplicate-initial-window:peer_max_frame_size	1
result_projection	row-1800:stdout:settings-duplicate-initial-window-credit:connection_window	1
result_projection	row-1801:stdout:settings-duplicate-initial-window-invalid:id	1
result_projection	row-1802:stdout:settings-duplicate-initial-window-invalid:peer_max_frame_size	1
result_projection	row-1803:stdout:settings-duplicate-initial-window-invalid-credit:outbound-send-credit	1
result_projection	row-1804:stdout:settings-initial-window-exact-maximum:outbound-send-credit	1
result_projection	row-1805:stdout:settings-initial-window-one-step-overflow:outbound-send-credit	1
result_projection	row-1806:stdout:settings-initial-window-one-step-overflow:id	1
result_projection	row-1807:stdout:settings-initial-window-multi-stream-overflow:outbound-send-credit	1
result_projection	row-1808:stdout:settings-initial-window-multi-stream-overflow:id	1
result_projection	row-1809:stdout:settings-initial-window-multi-stream-preserved:connection_window	1
result_projection	row-1810:stdout:peer-initial-window-data:result	1
result_projection	row-1811:stdout:peer-initial-window-data:peer_max_frame_size	1
result_projection	row-1812:stdout:peer-initial-window-data:open_stream	1
result_projection	row-1813:stdout:outbound-peer-limits:result	1
result_projection	row-1814:stdout:outbound-peer-limits:peer_max_frame_size	1
result_projection	row-1815:stdout:output_chunk_list:http2-settings-ack	1
result_projection	row-1816:stdout:output_chunk:http2-settings-ack	1
result_projection	row-1817:stdout:outbound-settings-ack-intent-state:peer_max_frame_size	1
result_projection	row-1818:stdout:outbound-data-accepted:outbound-data	1
result_projection	row-1819:stdout:output_chunk_list:http2-data	1
result_projection	row-1820:stdout:output_chunk:http2-data	1
result_projection	row-1821:stdout:outbound-content-length-headers:outbound-headers	1
result_projection	row-1822:stdout:outbound-content-length-data-first:outbound-data	1
result_projection	row-1823:stdout:output_chunk_list:http2-content-length-data-first	1
result_projection	row-1824:stdout:output_chunk:http2-content-length-data-first	1
result_projection	row-1825:stdout:outbound-content-length-data-exact:outbound-data	1
result_projection	row-1826:stdout:output_chunk_list:http2-content-length-data-exact	1
result_projection	row-1827:stdout:output_chunk:http2-content-length-data-exact	1
result_projection	row-1828:stdout:outbound-response-content-length-headers:outbound-headers	1
result_projection	row-1829:stdout:outbound-content-length-padded:outbound-data	1
result_projection	row-1830:stdout:output_chunk_list:http2-content-length-padded	1
result_projection	row-1831:stdout:output_chunk:http2-content-length-padded	1
result_projection	row-1832:stdout:outbound-content-length-over:outbound-data	1
result_projection	row-1833:stdout:output_chunk_list:http2-content-length-over	1
result_projection	row-1834:stdout:outbound-content-length-over:id	1
result_projection	row-1835:stdout:outbound-content-length-early-end-stream:outbound-data	1
result_projection	row-1836:stdout:output_chunk_list:http2-content-length-early-end-stream	1
result_projection	row-1837:stdout:outbound-content-length-early-end-stream:id	1
result_projection	row-1838:stdout:outbound-data-connection-boundary:outbound-data	1
result_projection	row-1839:stdout:output_chunk_list:http2-data-connection-boundary	1
result_projection	row-1840:stdout:output_chunk:http2-data-connection-boundary	1
result_projection	row-1841:stdout:outbound-data-stream-boundary:outbound-data	1
result_projection	row-1842:stdout:output_chunk_list:http2-data-stream-boundary	1
result_projection	row-1843:stdout:output_chunk:http2-data-stream-boundary	1
result_projection	row-1844:stdout:outbound-data-frame-size:outbound-data	1
result_projection	row-1845:stdout:output_chunk_list:http2-data-split	1
result_projection	row-1846:stdout:output_chunk:http2-data-split	1
result_projection	row-1847:stdout:outbound-padded-data-accepted:outbound-data	1
result_projection	row-1848:stdout:output_chunk_list:http2-data-padded	1
result_projection	row-1849:stdout:output_chunk:http2-data-padded	1
result_projection	row-1850:stdout:outbound-padded-data-split:outbound-data	1
result_projection	row-1851:stdout:output_chunk_list:http2-data-padded-split	1
result_projection	row-1852:stdout:output_chunk:http2-data-padded-split	1
result_projection	row-1853:stdout:outbound-padded-data-connection-window:outbound-data	1
result_projection	row-1854:stdout:output_chunk_list:http2-data-padded-connection-window	1
result_projection	row-1855:stdout:outbound-padded-data-frame-size:outbound-data	1
result_projection	row-1856:stdout:output_chunk_list:http2-data-padded-frame-size	1
result_projection	row-1857:stdout:outbound-data-split-end-stream:outbound-data	1
result_projection	row-1858:stdout:output_chunk_list:http2-data-split-end-stream	1
result_projection	row-1859:stdout:output_chunk:http2-data-split-end-stream	1
result_projection	row-1860:stdout:outbound-data-connection-window:outbound-data	1
result_projection	row-1861:stdout:outbound-data-connection-zero:outbound-data	1
result_projection	row-1862:stdout:output_chunk_list:http2-data-connection-zero	1
result_projection	row-1863:stdout:outbound-data-stream-window:outbound-data	1
result_projection	row-1864:stdout:outbound-data-stream-zero:outbound-data	1
result_projection	row-1865:stdout:output_chunk_list:http2-data-stream-zero	1
result_projection	row-1866:stdout:outbound-data-connection-refill-before:outbound-data	1
result_projection	row-1867:stdout:output_chunk_list:http2-data-connection-refill-before	1
result_projection	row-1868:stdout:peer-window-update-connection-send-credit:result	1
result_projection	row-1869:stdout:peer-window-update-connection-send-credit:outbound-send-credit	1
result_projection	row-1870:stdout:outbound-data-connection-refill-after:outbound-data	1
result_projection	row-1871:stdout:output_chunk_list:http2-data-connection-refill-after	1
result_projection	row-1872:stdout:output_chunk:http2-data-connection-refill-after	1
result_projection	row-1873:stdout:outbound-data-stream-refill-before:outbound-data	1
result_projection	row-1874:stdout:output_chunk_list:http2-data-stream-refill-before	1
result_projection	row-1875:stdout:peer-window-update-stream-send-credit:result	1
result_projection	row-1876:stdout:peer-window-update-stream-send-credit:outbound-send-credit	1
result_projection	row-1877:stdout:outbound-data-stream-refill-after:outbound-data	1
result_projection	row-1878:stdout:output_chunk_list:http2-data-stream-refill-after	1
result_projection	row-1879:stdout:output_chunk:http2-data-stream-refill-after	1
result_projection	row-1880:stdout:outbound-window-update-does-not-refill-data:outbound-window-update	1
result_projection	row-1881:stdout:outbound-data-after-local-window-update-no-refill:outbound-data	1
result_projection	row-1882:stdout:output_chunk_list:http2-data-after-local-window-update-no-refill	1
result_projection	row-1883:stdout:outbound-initial-window-reduce:result	1
result_projection	row-1884:stdout:outbound-initial-window-reduce:peer_max_frame_size	1
result_projection	row-1885:stdout:outbound-initial-window-reduce-send-credit:outbound-send-credit	1
result_projection	row-1886:stdout:outbound-data-after-initial-window-reduce:outbound-data	1
result_projection	row-1887:stdout:output_chunk_list:http2-data-after-initial-window-reduce	1
result_projection	row-1888:stdout:outbound-initial-window-restore:result	1
result_projection	row-1889:stdout:outbound-initial-window-restore-send-credit:outbound-send-credit	1
result_projection	row-1890:stdout:outbound-data-after-initial-window-restore:outbound-data	1
result_projection	row-1891:stdout:output_chunk_list:http2-data-after-initial-window-restore	1
result_projection	row-1892:stdout:output_chunk:http2-data-after-initial-window-restore	1
result_projection	row-1893:stdout:outbound-initial-window-increase:result	1
result_projection	row-1894:stdout:outbound-initial-window-increase:peer_max_frame_size	1
result_projection	row-1895:stdout:outbound-initial-window-increase-send-credit:outbound-send-credit	1
result_projection	row-1896:stdout:outbound-initial-window-absent-send-credit:outbound-send-credit	1
result_projection	row-1897:stdout:outbound-data-after-initial-window-absent:outbound-data	1
result_projection	row-1898:stdout:outbound-initial-window-closed-send-credit:outbound-send-credit	1
result_projection	row-1899:stdout:outbound-data-after-initial-window-closed:outbound-data	1
result_projection	row-1900:stdout:outbound-initial-window-reset-send-credit:outbound-send-credit	1
result_projection	row-1901:stdout:outbound-data-after-initial-window-reset:outbound-data	1
result_projection	row-1902:stdout:peer-closed-data-end-stream:closed_by_peer_stream	1
result_projection	row-1903:stdout:peer-closed-outbound-data:outbound-data	1
result_projection	row-1904:stdout:output_chunk_list:http2-peer-closed-data	1
result_projection	row-1905:stdout:output_chunk:http2-peer-closed-data	1
result_projection	row-1906:stdout:peer-closed-outbound-end-stream:outbound-data	1
result_projection	row-1907:stdout:output_chunk_list:http2-peer-closed-data-end-stream	1
result_projection	row-1908:stdout:output_chunk:http2-peer-closed-data-end-stream	1
result_projection	row-1909:stdout:peer-closed-outbound-end-stream-then-data:outbound-data	1
result_projection	row-1910:stdout:peer-closed-outbound-end-stream-then-window-update:outbound-window-update	1
result_projection	row-1911:stdout:outbound-data-end-stream:outbound-data	1
result_projection	row-1912:stdout:output_chunk_list:http2-data-end-stream	1
result_projection	row-1913:stdout:output_chunk:http2-data-end-stream	1
result_projection	row-1914:stdout:half-closed-local-start:half_closed_local_stream	1
result_projection	row-1915:stdout:half-closed-local-data:result	1
result_projection	row-1916:stdout:half-closed-local-data:half_closed_local_stream	1
result_projection	row-1917:stdout:half-closed-local-padded:result	1
result_projection	row-1918:stdout:output_chunk_list:http2-half-closed-local-padded-content	1
result_projection	row-1919:stdout:output_chunk:http2-half-closed-local-padded-content	1
result_projection	row-1920:stdout:half-closed-local-padded:half_closed_local_stream	1
result_projection	row-1921:stdout:half-closed-local-padding-invalid:id	1
result_projection	row-1922:stdout:half-closed-local-stream-window:id	1
result_projection	row-1923:stdout:half-closed-local-connection-window:id	1
result_projection	row-1924:stdout:half-closed-local-data-end-stream:result	1
result_projection	row-1925:stdout:half-closed-local-data-end-stream:closed_by_peer_stream	1
result_projection	row-1926:stdout:outbound-padded-data-end-stream:outbound-data	1
result_projection	row-1927:stdout:output_chunk_list:http2-data-padded-end-stream	1
result_projection	row-1928:stdout:output_chunk:http2-data-padded-end-stream	1
result_projection	row-1929:stdout:outbound-padded-data-end-stream-then-data:outbound-data	1
result_projection	row-1930:stdout:outbound-data-end-stream-then-data:outbound-data	1
result_projection	row-1931:stdout:outbound-data-end-stream-then-headers:outbound-headers	1
result_projection	row-1932:stdout:outbound-data-end-stream-then-window-update:outbound-window-update	1
result_projection	row-1933:stdout:outbound-data-after-goaway-allowed:outbound-data	1
result_projection	row-1934:stdout:output_chunk_list:http2-data-after-goaway-allowed	1
result_projection	row-1935:stdout:output_chunk:http2-data-after-goaway-allowed	1
result_projection	row-1936:stdout:outbound-data-after-goaway-late:outbound-data	1
result_projection	row-1937:stdout:output_chunk_list:http2-data-after-goaway-late	1
result_projection	row-1938:stdout:outbound-data-after-goaway-late:id	1
result_projection	row-1939:stdout:outbound-data-after-local-goaway-allowed:outbound-data	1
result_projection	row-1940:stdout:output_chunk_list:http2-data-after-local-goaway-allowed	1
result_projection	row-1941:stdout:output_chunk:http2-data-after-local-goaway-allowed	1
result_projection	row-1942:stdout:outbound-data-after-local-goaway-late:outbound-data	1
result_projection	row-1943:stdout:output_chunk_list:http2-data-after-local-goaway-late	1
result_projection	row-1944:stdout:outbound-data-after-local-goaway-late:id	1
result_projection	row-1945:stdout:outbound-data-id-encode-error:outbound-data	1
result_projection	row-1946:stdout:outbound-window-update-connection:outbound-window-update	1
result_projection	row-1947:stdout:output_chunk_list:http2-window-update-connection	1
result_projection	row-1948:stdout:output_chunk:http2-window-update-connection	1
result_projection	row-1949:stdout:outbound-window-update-stream:outbound-window-update	1
result_projection	row-1950:stdout:output_chunk_list:http2-window-update-stream	1
result_projection	row-1951:stdout:output_chunk:http2-window-update-stream	1
result_projection	row-1952:stdout:outbound-window-update-zero:outbound-window-update	1
result_projection	row-1953:stdout:outbound-window-update-range:outbound-window-update	1
result_projection	row-1954:stdout:outbound-window-update-negative:outbound-window-update	1
result_projection	row-1955:stdout:outbound-window-update-zero-stream:outbound-window-update	1
result_projection	row-1956:stdout:outbound-window-update-connection-overflow:outbound-window-update	1
result_projection	row-1957:stdout:outbound-window-update-stream-overflow:outbound-window-update	1
result_projection	row-1958:stdout:outbound-window-update-missing:outbound-window-update	1
result_projection	row-1959:stdout:outbound-window-update-closed:outbound-window-update	1
result_projection	row-1960:stdout:outbound-window-update-reset:outbound-window-update	1
result_projection	row-1961:stdout:outbound-window-update-mismatch:outbound-window-update	1
result_projection	row-1962:stdout:outbound-window-update-encode-error:outbound-window-update	1
result_projection	row-1963:stdout:outbound-window-update-payload-encode-error:outbound-window-update	1
result_projection	row-1964:stdout:outbound-window-update-after-goaway-allowed:outbound-window-update	1
result_projection	row-1965:stdout:output_chunk_list:http2-window-update-after-goaway-allowed	1
result_projection	row-1966:stdout:output_chunk:http2-window-update-after-goaway-allowed	1
result_projection	row-1967:stdout:outbound-window-update-after-goaway-late:outbound-window-update	1
result_projection	row-1968:stdout:output_chunk_list:http2-window-update-after-goaway-late	1
result_projection	row-1969:stdout:output_chunk:http2-window-update-after-goaway-late	1
result_projection	row-1970:stdout:outbound-window-update-after-goaway-late:id	1
result_projection	row-1971:stdout:outbound-window-update-connection-after-goaway:outbound-window-update	1
result_projection	row-1972:stdout:output_chunk_list:http2-window-update-connection-after-goaway	1
result_projection	row-1973:stdout:output_chunk:http2-window-update-connection-after-goaway	1
result_projection	row-1974:stdout:outbound-window-update-after-local-goaway-allowed:outbound-window-update	1
result_projection	row-1975:stdout:output_chunk_list:http2-window-update-after-local-goaway-allowed	1
result_projection	row-1976:stdout:output_chunk:http2-window-update-after-local-goaway-allowed	1
result_projection	row-1977:stdout:outbound-window-update-after-local-goaway-late:outbound-window-update	1
result_projection	row-1978:stdout:output_chunk_list:http2-window-update-after-local-goaway-late	1
result_projection	row-1979:stdout:output_chunk:http2-window-update-after-local-goaway-late	1
result_projection	row-1980:stdout:outbound-window-update-after-local-goaway-late:id	1
result_projection	row-1981:stdout:outbound-rst-stream-accepted:outbound-rst-stream	1
result_projection	row-1982:stdout:output_chunk_list:http2-rst-stream	1
result_projection	row-1983:stdout:output_chunk:http2-rst-stream	1
result_projection	row-1984:stdout:outbound-rst-stream-then-window-update:outbound-window-update	1
result_projection	row-1985:stdout:outbound-rst-stream-zero:outbound-rst-stream	1
result_projection	row-1986:stdout:outbound-rst-stream-missing:outbound-rst-stream	1
result_projection	row-1987:stdout:outbound-rst-stream-closed:outbound-rst-stream	1
result_projection	row-1988:stdout:outbound-rst-stream-reset:outbound-rst-stream	1
result_projection	row-1989:stdout:outbound-rst-stream-mismatch:outbound-rst-stream	1
result_projection	row-1990:stdout:outbound-rst-stream-id-encode-error:outbound-rst-stream	1
result_projection	row-1991:stdout:outbound-rst-stream-error-code-encode-error:outbound-rst-stream	1
result_projection	row-1992:stdout:outbound-priority-accepted:outbound-priority	1
result_projection	row-1993:stdout:output_chunk_list:http2-priority	1
result_projection	row-1994:stdout:output_chunk:http2-priority	1
result_projection	row-1995:stdout:outbound-priority-replacement-values:outbound-priority	1
result_projection	row-1996:stdout:output_chunk_list:http2-priority-replacement-values	1
result_projection	row-1997:stdout:output_chunk:http2-priority-replacement-values	1
result_projection	row-1998:stdout:outbound-priority-after-goaway-allowed:outbound-priority	1
result_projection	row-1999:stdout:output_chunk_list:http2-priority-after-goaway-allowed	1
result_projection	row-2000:stdout:output_chunk:http2-priority-after-goaway-allowed	1
result_projection	row-2001:stdout:outbound-priority-after-goaway-late:outbound-priority	1
result_projection	row-2002:stdout:output_chunk_list:http2-priority-after-goaway-late	1
result_projection	row-2003:stdout:outbound-priority-after-goaway-late:id	1
result_projection	row-2004:stdout:outbound-priority-after-local-goaway-allowed:outbound-priority	1
result_projection	row-2005:stdout:output_chunk_list:http2-priority-after-local-goaway-allowed	1
result_projection	row-2006:stdout:output_chunk:http2-priority-after-local-goaway-allowed	1
result_projection	row-2007:stdout:outbound-priority-after-local-goaway-late:outbound-priority	1
result_projection	row-2008:stdout:output_chunk_list:http2-priority-after-local-goaway-late	1
result_projection	row-2009:stdout:outbound-priority-after-local-goaway-late:id	1
result_projection	row-2010:stdout:outbound-priority-after-goaway-self-dependency:outbound-priority	1
result_projection	row-2011:stdout:outbound-priority-zero:outbound-priority	1
result_projection	row-2012:stdout:outbound-priority-missing:outbound-priority	1
result_projection	row-2013:stdout:outbound-priority-closed:outbound-priority	1
result_projection	row-2014:stdout:outbound-priority-reset:outbound-priority	1
result_projection	row-2015:stdout:outbound-priority-mismatch:outbound-priority	1
result_projection	row-2016:stdout:outbound-priority-self-dependency:outbound-priority	1
result_projection	row-2017:stdout:outbound-priority-id-encode-error:outbound-priority	1
result_projection	row-2018:stdout:outbound-priority-dependency-encode-error:outbound-priority	1
result_projection	row-2019:stdout:outbound-headers-accepted:outbound-headers	1
result_projection	row-2020:stdout:output_chunk_list:http2-headers	1
result_projection	row-2021:stdout:output_chunk:http2-headers	1
result_projection	row-2022:stdout:outbound-headers-hpack-static-indexed:outbound-headers	1
result_projection	row-2023:stdout:output_chunk_list:http2-headers-hpack-static-indexed	1
result_projection	row-2024:stdout:output_chunk:http2-headers-hpack-static-indexed	1
result_projection	row-2025:stdout:outbound-headers-hpack-static-indexed-method-get-encode:outbound-hpack-encode	1
result_projection	row-2026:stdout:outbound-headers-hpack-static-indexed-path-root:outbound-headers	1
result_projection	row-2027:stdout:output_chunk_list:http2-headers-hpack-static-indexed-path-root	1
result_projection	row-2028:stdout:output_chunk:http2-headers-hpack-static-indexed-path-root	1
result_projection	row-2029:stdout:outbound-headers-hpack-static-indexed-path-root-encode:outbound-hpack-encode	1
result_projection	row-2030:stdout:outbound-headers-hpack-static-indexed-scheme-https:outbound-headers	1
result_projection	row-2031:stdout:output_chunk_list:http2-headers-hpack-static-indexed-scheme-https	1
result_projection	row-2032:stdout:output_chunk:http2-headers-hpack-static-indexed-scheme-https	1
result_projection	row-2033:stdout:outbound-headers-hpack-static-indexed-scheme-https-encode:outbound-hpack-encode	1
result_projection	row-2034:stdout:outbound-headers-hpack-static-indexed-status-200:outbound-headers	1
result_projection	row-2035:stdout:output_chunk_list:http2-headers-hpack-static-indexed-status-200	1
result_projection	row-2036:stdout:output_chunk:http2-headers-hpack-static-indexed-status-200	1
result_projection	row-2037:stdout:outbound-headers-hpack-static-indexed-status-200-encode:outbound-hpack-encode	1
result_projection	row-2038:stdout:outbound-headers-hpack-static-indexed-accept-encoding:outbound-headers	1
result_projection	row-2039:stdout:output_chunk_list:http2-headers-hpack-static-indexed-accept-encoding	1
result_projection	row-2040:stdout:output_chunk:http2-headers-hpack-static-indexed-accept-encoding	1
result_projection	row-2041:stdout:outbound-headers-hpack-static-indexed-accept-encoding-encode:outbound-hpack-encode	1
result_projection	row-2042:stdout:outbound-headers-hpack-static-indexed-method-post:outbound-headers	1
result_projection	row-2043:stdout:output_chunk_list:http2-headers-hpack-static-indexed-method-post	1
result_projection	row-2044:stdout:output_chunk:http2-headers-hpack-static-indexed-method-post	1
result_projection	row-2045:stdout:outbound-headers-hpack-static-indexed-method-post-encode:outbound-hpack-encode	1
result_projection	row-2046:stdout:outbound-headers-hpack-static-indexed-status-404:outbound-headers	1
result_projection	row-2047:stdout:output_chunk_list:http2-headers-hpack-static-indexed-status-404	1
result_projection	row-2048:stdout:output_chunk:http2-headers-hpack-static-indexed-status-404	1
result_projection	row-2049:stdout:outbound-headers-hpack-static-indexed-status-404-encode:outbound-hpack-encode	1
result_projection	row-2050:stdout:outbound-headers-hpack-static-indexed-content-type:outbound-headers	1
result_projection	row-2051:stdout:output_chunk_list:http2-headers-hpack-static-indexed-content-type	1
result_projection	row-2052:stdout:output_chunk:http2-headers-hpack-static-indexed-content-type	1
result_projection	row-2053:stdout:outbound-headers-hpack-static-indexed-content-type-encode:outbound-hpack-encode	1
result_projection	row-2054:stdout:outbound-headers-hpack-literal-continuation:outbound-headers	1
result_projection	row-2055:stdout:output_chunk_list:http2-headers-hpack-literal-continuation	1
result_projection	row-2056:stdout:output_chunk:http2-headers-hpack-literal-continuation	1
result_projection	row-2057:stdout:outbound-headers-hpack-visible-ascii-literal:outbound-headers	1
result_projection	row-2058:stdout:output_chunk_list:http2-headers-hpack-visible-ascii-literal	1
result_projection	row-2059:stdout:output_chunk:http2-headers-hpack-visible-ascii-literal	1
result_projection	row-2060:stdout:outbound-headers-hpack-stateful-initial:outbound-hpack-encode-state	1
result_projection	row-2061:stdout:outbound-headers-hpack-stateful-literal-indexed-ordinary-x-trace:outbound-hpack-encode	1
result_projection	row-2062:stdout:outbound-headers-hpack-stateful-literal-indexed-ordinary:outbound-headers	1
result_projection	row-2063:stdout:output_chunk_list:http2-headers-hpack-stateful-literal-indexed-ordinary	1
result_projection	row-2064:stdout:output_chunk:http2-headers-hpack-stateful-literal-indexed-ordinary	1
result_projection	row-2065:stdout:outbound-headers-hpack-stateful-dynamic-indexed-ordinary-x-trace:outbound-hpack-encode	1
result_projection	row-2066:stdout:outbound-headers-hpack-stateful-after-ordinary-dynamic:outbound-hpack-encode-state	1
result_projection	row-2067:stdout:outbound-headers-hpack-stateful-dynamic-indexed-ordinary:outbound-headers	1
result_projection	row-2068:stdout:output_chunk_list:http2-headers-hpack-stateful-dynamic-indexed-ordinary	1
result_projection	row-2069:stdout:output_chunk:http2-headers-hpack-stateful-dynamic-indexed-ordinary	1
result_projection	row-2070:stdout:outbound-headers-hpack-stateful-literal-indexed-path-target:outbound-hpack-encode	1
result_projection	row-2071:stdout:outbound-headers-hpack-stateful-literal-continuation:outbound-headers	1
result_projection	row-2072:stdout:output_chunk_list:http2-headers-hpack-stateful-literal-continuation	1
result_projection	row-2073:stdout:output_chunk:http2-headers-hpack-stateful-literal-continuation	1
result_projection	row-2074:stdout:outbound-headers-hpack-stateful-dynamic-indexed-path-target:outbound-hpack-encode	1
result_projection	row-2075:stdout:outbound-headers-hpack-stateful-after-dynamic:outbound-hpack-encode-state	1
result_projection	row-2076:stdout:outbound-headers-hpack-stateful-dynamic-indexed:outbound-headers	1
result_projection	row-2077:stdout:output_chunk_list:http2-headers-hpack-stateful-dynamic-indexed	1
result_projection	row-2078:stdout:output_chunk:http2-headers-hpack-stateful-dynamic-indexed	1
result_projection	row-2079:stdout:outbound-headers-hpack-stateful-dynamic-name-never-indexed-path-secret:outbound-hpack-encode	1
result_projection	row-2080:stdout:outbound-headers-hpack-stateful-dynamic-name-never-indexed:outbound-headers	1
result_projection	row-2081:stdout:output_chunk_list:http2-headers-hpack-stateful-dynamic-name-never-indexed	1
result_projection	row-2082:stdout:output_chunk:http2-headers-hpack-stateful-dynamic-name-never-indexed	1
result_projection	row-2083:stdout:outbound-headers-hpack-stateful-dynamic-name-never-indexed-retains-path-target:outbound-hpack-encode	1
result_projection	row-2084:stdout:outbound-headers-hpack-stateful-after-dynamic-name-never-indexed:outbound-hpack-encode-state	1
result_projection	row-2085:stdout:outbound-headers-hpack-stateful-dynamic-name-never-indexed-retained:outbound-headers	1
result_projection	row-2086:stdout:output_chunk_list:http2-headers-hpack-stateful-dynamic-name-never-indexed-retained	1
result_projection	row-2087:stdout:output_chunk:http2-headers-hpack-stateful-dynamic-name-never-indexed-retained	1
result_projection	row-2088:stdout:outbound-headers-hpack-stateful-dynamic-name-indexed-path-again:outbound-hpack-encode	1
result_projection	row-2089:stdout:outbound-headers-hpack-stateful-dynamic-name-indexed:outbound-headers	1
result_projection	row-2090:stdout:output_chunk_list:http2-headers-hpack-stateful-dynamic-name-indexed	1
result_projection	row-2091:stdout:output_chunk:http2-headers-hpack-stateful-dynamic-name-indexed	1
result_projection	row-2092:stdout:outbound-headers-hpack-stateful-dynamic-name-newest-path-again:outbound-hpack-encode	1
result_projection	row-2093:stdout:outbound-headers-hpack-stateful-dynamic-name-newest:outbound-headers	1
result_projection	row-2094:stdout:output_chunk_list:http2-headers-hpack-stateful-dynamic-name-newest	1
result_projection	row-2095:stdout:output_chunk:http2-headers-hpack-stateful-dynamic-name-newest	1
result_projection	row-2096:stdout:outbound-headers-hpack-stateful-dynamic-name-older-path-target:outbound-hpack-encode	1
result_projection	row-2097:stdout:outbound-headers-hpack-stateful-after-dynamic-name-indexed:outbound-hpack-encode-state	1
result_projection	row-2098:stdout:outbound-headers-hpack-stateful-dynamic-name-older:outbound-headers	1
result_projection	row-2099:stdout:output_chunk_list:http2-headers-hpack-stateful-dynamic-name-older	1
result_projection	row-2100:stdout:output_chunk:http2-headers-hpack-stateful-dynamic-name-older	1
result_projection	row-2101:stdout:outbound-headers-hpack-huffman-name-indexed-test-ok:outbound-hpack-encode	1
result_projection	row-2102:stdout:outbound-headers-hpack-huffman-name-indexed-state:outbound-hpack-encode-state	1
result_projection	row-2103:stdout:outbound-headers-hpack-huffman-name-indexed:outbound-headers	1
result_projection	row-2104:stdout:output_chunk_list:http2-headers-hpack-huffman-name-indexed	1
result_projection	row-2105:stdout:output_chunk:http2-headers-hpack-huffman-name-indexed	1
result_projection	row-2106:stdout:outbound-headers-hpack-huffman-name-indexed-reuses-test-ok:outbound-hpack-encode	1
result_projection	row-2107:stdout:outbound-headers-hpack-huffman-name-indexed-reuse-state:outbound-hpack-encode-state	1
result_projection	row-2108:stdout:outbound-headers-hpack-huffman-name-indexed-reuse:outbound-headers	1
result_projection	row-2109:stdout:output_chunk_list:http2-headers-hpack-huffman-name-indexed-reuse	1
result_projection	row-2110:stdout:output_chunk:http2-headers-hpack-huffman-name-indexed-reuse	1
result_projection	row-2111:stdout:outbound-headers-hpack-dynamic-name-huffman-without-indexing-path-test:outbound-hpack-encode	1
result_projection	row-2112:stdout:outbound-headers-hpack-dynamic-name-huffman-without-indexing:outbound-headers	1
result_projection	row-2113:stdout:output_chunk_list:http2-headers-hpack-dynamic-name-huffman-without-indexing	1
result_projection	row-2114:stdout:output_chunk:http2-headers-hpack-dynamic-name-huffman-without-indexing	1
result_projection	row-2115:stdout:outbound-headers-hpack-dynamic-name-huffman-without-indexing-retains-path-target:outbound-hpack-encode	1
result_projection	row-2116:stdout:outbound-headers-hpack-dynamic-name-huffman-never-indexed-path-test:outbound-hpack-encode	1
result_projection	row-2117:stdout:outbound-headers-hpack-dynamic-name-huffman-never-indexed:outbound-headers	1
result_projection	row-2118:stdout:output_chunk_list:http2-headers-hpack-dynamic-name-huffman-never-indexed	1
result_projection	row-2119:stdout:output_chunk:http2-headers-hpack-dynamic-name-huffman-never-indexed	1
result_projection	row-2120:stdout:outbound-headers-hpack-dynamic-name-huffman-never-indexed-retains-path-target:outbound-hpack-encode	1
result_projection	row-2121:stdout:outbound-headers-hpack-dynamic-name-huffman-indexed-path-test:outbound-hpack-encode	1
result_projection	row-2122:stdout:outbound-headers-hpack-dynamic-name-huffman-indexed:outbound-headers	1
result_projection	row-2123:stdout:output_chunk_list:http2-headers-hpack-dynamic-name-huffman-indexed	1
result_projection	row-2124:stdout:output_chunk:http2-headers-hpack-dynamic-name-huffman-indexed	1
result_projection	row-2125:stdout:outbound-headers-hpack-dynamic-name-huffman-indexed-reuses-path-test:outbound-hpack-encode	1
result_projection	row-2126:stdout:outbound-headers-hpack-dynamic-name-huffman-indexed-reuse:outbound-headers	1
result_projection	row-2127:stdout:output_chunk_list:http2-headers-hpack-dynamic-name-huffman-indexed-reuse	1
result_projection	row-2128:stdout:output_chunk:http2-headers-hpack-dynamic-name-huffman-indexed-reuse	1
result_projection	row-2129:stdout:outbound-headers-hpack-dynamic-name-huffman-indexed-reuse-state:outbound-hpack-encode-state	1
result_projection	row-2130:stdout:outbound-headers-hpack-dynamic-name-huffman-missing:outbound-hpack-encode	1
result_projection	row-2131:stdout:outbound-headers-hpack-dynamic-name-huffman-unsupported:outbound-hpack-encode	1
result_projection	row-2132:stdout:outbound-headers-hpack-selected-seed:outbound-hpack-encode	1
result_projection	row-2133:stdout:outbound-headers-hpack-selected-seed-state:outbound-hpack-encode-state	1
result_projection	row-2134:stdout:outbound-headers-hpack-selected-seed:outbound-headers	1
result_projection	row-2135:stdout:output_chunk_list:http2-headers-hpack-selected-seed	1
result_projection	row-2136:stdout:output_chunk:http2-headers-hpack-selected-seed	1
result_projection	row-2137:stdout:outbound-headers-hpack-selected-carried:outbound-hpack-encode	1
result_projection	row-2138:stdout:outbound-headers-hpack-selected-carried-state:outbound-hpack-encode-state	1
result_projection	row-2139:stdout:outbound-headers-hpack-selected-carried:outbound-headers	1
result_projection	row-2140:stdout:output_chunk_list:http2-headers-hpack-selected-carried	1
result_projection	row-2141:stdout:output_chunk:http2-headers-hpack-selected-carried	1
result_projection	row-2142:stdout:outbound-headers-hpack-stateful-literal-never-indexed-x-never:outbound-hpack-encode	1
result_projection	row-2143:stdout:outbound-headers-hpack-stateful-literal-never-indexed:outbound-headers	1
result_projection	row-2144:stdout:output_chunk_list:http2-headers-hpack-stateful-literal-never-indexed	1
result_projection	row-2145:stdout:output_chunk:http2-headers-hpack-stateful-literal-never-indexed	1
result_projection	row-2146:stdout:outbound-headers-hpack-stateful-never-indexed-dynamic-missing:outbound-hpack-encode	1
result_projection	row-2147:stdout:outbound-headers-hpack-stateful-never-indexed-retains-path-target:outbound-hpack-encode	1
result_projection	row-2148:stdout:outbound-headers-hpack-stateful-after-never-indexed-retained:outbound-hpack-encode-state	1
result_projection	row-2149:stdout:outbound-headers-hpack-stateful-retained-after-never-indexed:outbound-headers	1
result_projection	row-2150:stdout:output_chunk_list:http2-headers-hpack-stateful-retained-after-never-indexed	1
result_projection	row-2151:stdout:output_chunk:http2-headers-hpack-stateful-retained-after-never-indexed	1
result_projection	row-2152:stdout:outbound-headers-hpack-table-size-update:outbound-hpack-encode	1
result_projection	row-2153:stdout:outbound-headers-hpack-table-size-update:outbound-headers	1
result_projection	row-2154:stdout:output_chunk_list:http2-headers-hpack-table-size-update	1
result_projection	row-2155:stdout:output_chunk:http2-headers-hpack-table-size-update	1
result_projection	row-2156:stdout:outbound-headers-hpack-table-size-update-state:outbound-hpack-encode-state	1
result_projection	row-2157:stdout:outbound-headers-hpack-after-table-size-update:outbound-hpack-encode	1
result_projection	row-2158:stdout:outbound-headers-hpack-after-table-size-update:outbound-headers	1
result_projection	row-2159:stdout:output_chunk_list:http2-headers-hpack-after-table-size-update	1
result_projection	row-2160:stdout:output_chunk:http2-headers-hpack-after-table-size-update	1
result_projection	row-2161:stdout:outbound-headers-hpack-after-table-size-update-state:outbound-hpack-encode-state	1
result_projection	row-2162:stdout:outbound-headers-hpack-table-size-update-zero:outbound-hpack-encode	1
result_projection	row-2163:stdout:outbound-headers-hpack-table-size-update-zero:outbound-headers	1
result_projection	row-2164:stdout:output_chunk_list:http2-headers-hpack-table-size-update-zero	1
result_projection	row-2165:stdout:output_chunk:http2-headers-hpack-table-size-update-zero	1
result_projection	row-2166:stdout:outbound-headers-hpack-table-size-update-zero-state:outbound-hpack-encode-state	1
result_projection	row-2167:stdout:outbound-headers-hpack-after-table-size-update-zero-method-put:outbound-hpack-encode	1
result_projection	row-2168:stdout:outbound-headers-hpack-after-table-size-update-zero-method-put:outbound-headers	1
result_projection	row-2169:stdout:output_chunk_list:http2-headers-hpack-after-table-size-update-zero-method-put	1
result_projection	row-2170:stdout:output_chunk:http2-headers-hpack-after-table-size-update-zero-method-put	1
result_projection	row-2171:stdout:outbound-headers-hpack-after-table-size-update-zero-method-put-state:outbound-hpack-encode-state	1
result_projection	row-2172:stdout:outbound-headers-hpack-after-table-size-update-zero-method-put-again:outbound-hpack-encode	1
result_projection	row-2173:stdout:outbound-headers-hpack-after-table-size-update-zero-method-put-again:outbound-headers	1
result_projection	row-2174:stdout:output_chunk_list:http2-headers-hpack-after-table-size-update-zero-method-put-again	1
result_projection	row-2175:stdout:output_chunk:http2-headers-hpack-after-table-size-update-zero-method-put-again	1
result_projection	row-2176:stdout:outbound-headers-hpack-after-table-size-update-zero-method-put-again-state:outbound-hpack-encode-state	1
result_projection	row-2177:stdout:outbound-headers-hpack-after-table-size-update-method-put:outbound-hpack-encode	1
result_projection	row-2178:stdout:outbound-headers-hpack-after-table-size-update-method-put:outbound-headers	1
result_projection	row-2179:stdout:output_chunk_list:http2-headers-hpack-after-table-size-update-method-put	1
result_projection	row-2180:stdout:output_chunk:http2-headers-hpack-after-table-size-update-method-put	1
result_projection	row-2181:stdout:outbound-headers-hpack-after-table-size-update-method-put-again:outbound-hpack-encode	1
result_projection	row-2182:stdout:outbound-headers-hpack-after-table-size-update-method-put-again:outbound-headers	1
result_projection	row-2183:stdout:output_chunk_list:http2-headers-hpack-after-table-size-update-method-put-again	1
result_projection	row-2184:stdout:output_chunk:http2-headers-hpack-after-table-size-update-method-put-again	1
result_projection	row-2185:stdout:outbound-headers-hpack-after-table-size-update-method-put-again-state:outbound-hpack-encode-state	1
result_projection	row-2186:stdout:outbound-headers-hpack-table-size-update-42:outbound-hpack-encode	1
result_projection	row-2187:stdout:outbound-headers-hpack-table-size-update-42:outbound-headers	1
result_projection	row-2188:stdout:output_chunk_list:http2-headers-hpack-table-size-update-42	1
result_projection	row-2189:stdout:output_chunk:http2-headers-hpack-table-size-update-42	1
result_projection	row-2190:stdout:outbound-headers-hpack-table-size-update-42-state:outbound-hpack-encode-state	1
result_projection	row-2191:stdout:outbound-headers-hpack-after-table-size-update-42-method-put:outbound-hpack-encode	1
result_projection	row-2192:stdout:outbound-headers-hpack-after-table-size-update-42-method-put:outbound-headers	1
result_projection	row-2193:stdout:output_chunk_list:http2-headers-hpack-after-table-size-update-42-method-put	1
result_projection	row-2194:stdout:output_chunk:http2-headers-hpack-after-table-size-update-42-method-put	1
result_projection	row-2195:stdout:outbound-headers-hpack-after-table-size-update-42-method-put-again:outbound-hpack-encode	1
result_projection	row-2196:stdout:outbound-headers-hpack-after-table-size-update-42-method-put-again:outbound-headers	1
result_projection	row-2197:stdout:output_chunk_list:http2-headers-hpack-after-table-size-update-42-method-put-again	1
result_projection	row-2198:stdout:output_chunk:http2-headers-hpack-after-table-size-update-42-method-put-again	1
result_projection	row-2199:stdout:outbound-headers-hpack-after-table-size-update-42-method-put-again-state:outbound-hpack-encode-state	1
result_projection	row-2200:stdout:outbound-headers-hpack-table-size-update-160:outbound-hpack-encode	1
result_projection	row-2201:stdout:outbound-headers-hpack-table-size-update-160:outbound-headers	1
result_projection	row-2202:stdout:output_chunk_list:http2-headers-hpack-table-size-update-160	1
result_projection	row-2203:stdout:output_chunk:http2-headers-hpack-table-size-update-160	1
result_projection	row-2204:stdout:outbound-headers-hpack-table-size-update-160-state:outbound-hpack-encode-state	1
result_projection	row-2205:stdout:outbound-headers-hpack-table-size-update-over-peer-limit:outbound-hpack-table-size-update	1
result_projection	row-2206:stdout:output_chunk_list:http2-headers-hpack-table-size-update-over-peer-limit	1
result_projection	row-2207:stdout:outbound-headers-hpack-literal-huffman:outbound-headers	1
result_projection	row-2208:stdout:output_chunk_list:http2-headers-hpack-literal-huffman	1
result_projection	row-2209:stdout:output_chunk:http2-headers-hpack-literal-huffman	1
result_projection	row-2210:stdout:outbound-headers-hpack-general-huffman:outbound-headers	1
result_projection	row-2211:stdout:output_chunk_list:http2-headers-hpack-general-huffman	1
result_projection	row-2212:stdout:output_chunk:http2-headers-hpack-general-huffman	1
result_projection	row-2213:stdout:outbound-headers-hpack-linefeed-huffman:outbound-headers	1
result_projection	row-2214:stdout:output_chunk_list:http2-headers-hpack-linefeed-huffman	1
result_projection	row-2215:stdout:output_chunk:http2-headers-hpack-linefeed-huffman	1
result_projection	row-2216:stdout:outbound-headers-hpack-nul-huffman:outbound-headers	1
result_projection	row-2217:stdout:output_chunk_list:http2-headers-hpack-nul-huffman	1
result_projection	row-2218:stdout:output_chunk:http2-headers-hpack-nul-huffman	1
result_projection	row-2219:stdout:outbound-headers-hpack-ff-huffman:outbound-headers	1
result_projection	row-2220:stdout:output_chunk_list:http2-headers-hpack-ff-huffman	1
result_projection	row-2221:stdout:output_chunk:http2-headers-hpack-ff-huffman	1
result_projection	row-2222:stdout:outbound-headers-hpack-bytes-huffman:outbound-headers	1
result_projection	row-2223:stdout:output_chunk_list:http2-headers-hpack-bytes-huffman	1
result_projection	row-2224:stdout:output_chunk:http2-headers-hpack-bytes-huffman	1
result_projection	row-2225:stdout:outbound-headers-hpack-huffman-non-visible:outbound-hpack-encode	1
result_projection	row-2226:stdout:outbound-headers-hpack-invalid-name:outbound-hpack-encode	1
result_projection	row-2227:stdout:outbound-headers-hpack-indexed-invalid-name:outbound-hpack-encode	1
result_projection	row-2228:stdout:outbound-headers-hpack-unsupported:outbound-hpack-encode	1
result_projection	row-2229:stdout:outbound-headers-end-stream:outbound-headers	1
result_projection	row-2230:stdout:output_chunk_list:http2-headers-end-stream	1
result_projection	row-2231:stdout:output_chunk:http2-headers-end-stream	1
result_projection	row-2232:stdout:outbound-headers-end-stream-then-window-update:outbound-window-update	1
result_projection	row-2233:stdout:outbound-headers-zero:outbound-headers	1
result_projection	row-2234:stdout:outbound-headers-missing:outbound-headers	1
result_projection	row-2235:stdout:outbound-headers-closed:outbound-headers	1
result_projection	row-2236:stdout:outbound-headers-reset:outbound-headers	1
result_projection	row-2237:stdout:outbound-headers-mismatch:outbound-headers	1
result_projection	row-2238:stdout:outbound-headers-frame-size:outbound-headers	1
result_projection	row-2239:stdout:output_chunk_list:http2-headers-one-continuation	1
result_projection	row-2240:stdout:output_chunk:http2-headers-one-continuation	1
result_projection	row-2241:stdout:outbound-headers-multiple-continuations:outbound-headers	1
result_projection	row-2242:stdout:output_chunk_list:http2-headers-multiple-continuations	1
result_projection	row-2243:stdout:output_chunk:http2-headers-multiple-continuations	1
result_projection	row-2244:stdout:outbound-headers-end-stream-continuation:outbound-headers	1
result_projection	row-2245:stdout:output_chunk_list:http2-headers-end-stream-continuation	1
result_projection	row-2246:stdout:output_chunk:http2-headers-end-stream-continuation	1
result_projection	row-2247:stdout:outbound-headers-id-encode-error:outbound-headers	1
result_projection	row-2248:stdout:outbound-headers-after-goaway-allowed:outbound-headers	1
result_projection	row-2249:stdout:output_chunk_list:http2-headers-after-goaway-allowed	1
result_projection	row-2250:stdout:output_chunk:http2-headers-after-goaway-allowed	1
result_projection	row-2251:stdout:outbound-headers-after-goaway-late:outbound-headers	1
result_projection	row-2252:stdout:outbound-headers-after-goaway-zero:outbound-headers	1
result_projection	row-2253:stdout:outbound-headers-after-goaway-closed:outbound-headers	1
result_projection	row-2254:stdout:outbound-headers-after-local-goaway-allowed:outbound-headers	1
result_projection	row-2255:stdout:output_chunk_list:http2-headers-after-local-goaway-allowed	1
result_projection	row-2256:stdout:output_chunk:http2-headers-after-local-goaway-allowed	1
result_projection	row-2257:stdout:outbound-headers-after-local-goaway-late:outbound-headers	1
result_projection	row-2258:stdout:outbound-headers-after-local-goaway-late:id	1
result_projection	row-2259:stdout:outbound-push-promise-accepted:outbound-push-promise	1
result_projection	row-2260:stdout:output_chunk_list:http2-push-promise	1
result_projection	row-2261:stdout:output_chunk:http2-push-promise	1
result_projection	row-2262:stdout:outbound-push-promise-enable-push-disabled:outbound-push-promise	1
result_projection	row-2263:stdout:output_chunk_list:http2-push-promise-enable-push-disabled	1
result_projection	row-2264:stdout:outbound-push-promise-hpack-static-indexed:outbound-push-promise	1
result_projection	row-2265:stdout:output_chunk_list:http2-push-promise-hpack-static-indexed	1
result_projection	row-2266:stdout:output_chunk:http2-push-promise-hpack-static-indexed	1
result_projection	row-2267:stdout:outbound-push-promise-hpack-static-indexed-accept-encoding:outbound-push-promise	1
result_projection	row-2268:stdout:output_chunk_list:http2-push-promise-hpack-static-indexed-accept-encoding	1
result_projection	row-2269:stdout:output_chunk:http2-push-promise-hpack-static-indexed-accept-encoding	1
result_projection	row-2270:stdout:outbound-push-promise-hpack-static-indexed-method-post:outbound-push-promise	1
result_projection	row-2271:stdout:output_chunk_list:http2-push-promise-hpack-static-indexed-method-post	1
result_projection	row-2272:stdout:output_chunk:http2-push-promise-hpack-static-indexed-method-post	1
result_projection	row-2273:stdout:outbound-push-promise-hpack-static-indexed-content-type:outbound-push-promise	1
result_projection	row-2274:stdout:output_chunk_list:http2-push-promise-hpack-static-indexed-content-type	1
result_projection	row-2275:stdout:output_chunk:http2-push-promise-hpack-static-indexed-content-type	1
result_projection	row-2276:stdout:outbound-push-promise-hpack-literal-huffman:outbound-push-promise	1
result_projection	row-2277:stdout:output_chunk_list:http2-push-promise-hpack-literal-huffman	1
result_projection	row-2278:stdout:output_chunk:http2-push-promise-hpack-literal-huffman	1
result_projection	row-2279:stdout:outbound-push-promise-hpack-visible-ascii-literal:outbound-push-promise	1
result_projection	row-2280:stdout:output_chunk_list:http2-push-promise-hpack-visible-ascii-literal	1
result_projection	row-2281:stdout:output_chunk:http2-push-promise-hpack-visible-ascii-literal	1
result_projection	row-2282:stdout:outbound-push-promise-hpack-stateful-literal-indexed:outbound-push-promise	1
result_projection	row-2283:stdout:output_chunk_list:http2-push-promise-hpack-stateful-literal-indexed	1
result_projection	row-2284:stdout:output_chunk:http2-push-promise-hpack-stateful-literal-indexed	1
result_projection	row-2285:stdout:outbound-push-promise-hpack-stateful-dynamic-indexed:outbound-push-promise	1
result_projection	row-2286:stdout:output_chunk_list:http2-push-promise-hpack-stateful-dynamic-indexed	1
result_projection	row-2287:stdout:output_chunk:http2-push-promise-hpack-stateful-dynamic-indexed	1
result_projection	row-2288:stdout:outbound-push-promise-hpack-stateful-after-dynamic:outbound-hpack-encode-state	1
result_projection	row-2289:stdout:outbound-push-promise-hpack-stateful-dynamic-name-indexed:outbound-push-promise	1
result_projection	row-2290:stdout:output_chunk_list:http2-push-promise-hpack-stateful-dynamic-name-indexed	1
result_projection	row-2291:stdout:output_chunk:http2-push-promise-hpack-stateful-dynamic-name-indexed	1
result_projection	row-2292:stdout:outbound-push-promise-hpack-stateful-dynamic-name-newest:outbound-push-promise	1
result_projection	row-2293:stdout:output_chunk_list:http2-push-promise-hpack-stateful-dynamic-name-newest	1
result_projection	row-2294:stdout:output_chunk:http2-push-promise-hpack-stateful-dynamic-name-newest	1
result_projection	row-2295:stdout:outbound-push-promise-hpack-stateful-dynamic-name-older:outbound-push-promise	1
result_projection	row-2296:stdout:output_chunk_list:http2-push-promise-hpack-stateful-dynamic-name-older	1
result_projection	row-2297:stdout:output_chunk:http2-push-promise-hpack-stateful-dynamic-name-older	1
result_projection	row-2298:stdout:outbound-push-promise-hpack-stateful-after-dynamic-name-indexed:outbound-hpack-encode-state	1
result_projection	row-2299:stdout:outbound-push-promise-continuation:outbound-push-promise	1
result_projection	row-2300:stdout:output_chunk_list:http2-push-promise-continuation	1
result_projection	row-2301:stdout:output_chunk:http2-push-promise-continuation	1
result_projection	row-2302:stdout:outbound-push-promise-after-goaway-allowed:outbound-push-promise	1
result_projection	row-2303:stdout:output_chunk_list:http2-push-promise-after-goaway-allowed	1
result_projection	row-2304:stdout:output_chunk:http2-push-promise-after-goaway-allowed	1
result_projection	row-2305:stdout:outbound-push-promise-after-goaway-late:outbound-push-promise	1
result_projection	row-2306:stdout:output_chunk_list:http2-push-promise-after-goaway-late	1
result_projection	row-2307:stdout:outbound-push-promise-after-goaway-late:id	1
result_projection	row-2308:stdout:outbound-push-promise-after-goaway-hpack-skipped:outbound-push-promise	1
result_projection	row-2309:stdout:outbound-push-promise-after-local-goaway-allowed:outbound-push-promise	1
result_projection	row-2310:stdout:output_chunk_list:http2-push-promise-after-local-goaway-allowed	1
result_projection	row-2311:stdout:output_chunk:http2-push-promise-after-local-goaway-allowed	1
result_projection	row-2312:stdout:outbound-push-promise-after-local-goaway-late:outbound-push-promise	1
result_projection	row-2313:stdout:output_chunk_list:http2-push-promise-after-local-goaway-late	1
result_projection	row-2314:stdout:outbound-push-promise-after-local-goaway-late:id	1
result_projection	row-2315:stdout:outbound-push-promise-zero:outbound-push-promise	1
result_projection	row-2316:stdout:outbound-push-promise-even-associated:outbound-push-promise	1
result_projection	row-2317:stdout:outbound-push-promise-missing:outbound-push-promise	1
result_projection	row-2318:stdout:outbound-push-promise-closed:outbound-push-promise	1
result_projection	row-2319:stdout:outbound-push-promise-reset:outbound-push-promise	1
result_projection	row-2320:stdout:outbound-push-promise-mismatch:outbound-push-promise	1
result_projection	row-2321:stdout:outbound-push-promise-promised-zero:outbound-push-promise	1
result_projection	row-2322:stdout:outbound-push-promise-promised-odd:outbound-push-promise	1
result_projection	row-2323:stdout:outbound-push-promise-promised-encode-error:outbound-push-promise	1
result_projection	row-2324:stdout:outbound-push-promise-promised-odd-encode-error:outbound-push-promise	1
result_projection	row-2325:stdout:outbound-goaway-accepted:outbound-goaway	1
result_projection	row-2326:stdout:output_chunk_list:http2-goaway	1
result_projection	row-2327:stdout:output_chunk:http2-goaway	1
result_projection	row-2328:stdout:outbound-goaway-debug-data:outbound-goaway	1
result_projection	row-2329:stdout:output_chunk_list:http2-goaway-debug-data	1
result_projection	row-2330:stdout:output_chunk:http2-goaway-debug-data	1
result_projection	row-2331:stdout:outbound-goaway-state:shutdown	1
result_projection	row-2332:stdout:outbound-goaway-late-headers:id	1
result_projection	row-2333:stdout:outbound-goaway-open:outbound-goaway	1
result_projection	row-2334:stdout:outbound-goaway-open-state:shutdown	1
result_projection	row-2335:stdout:outbound-goaway-combined-received-state:shutdown	1
result_projection	row-2336:stdout:outbound-goaway-combined-narrow:outbound-goaway	1
result_projection	row-2337:stdout:output_chunk_list:http2-goaway-combined-narrow	1
result_projection	row-2338:stdout:output_chunk:http2-goaway-combined-narrow	1
result_projection	row-2339:stdout:outbound-goaway-combined-narrow-drain:shutdown	1
result_projection	row-2340:stdout:outbound-goaway-data-end-stream:outbound-data	1
result_projection	row-2341:stdout:output_chunk_list:http2-goaway-data-end-stream	1
result_projection	row-2342:stdout:output_chunk:http2-goaway-data-end-stream	1
result_projection	row-2343:stdout:outbound-goaway-data-end-stream-drain:shutdown	1
result_projection	row-2344:stdout:outbound-goaway-headers-end-stream:outbound-headers	1
result_projection	row-2345:stdout:output_chunk_list:http2-goaway-headers-end-stream	1
result_projection	row-2346:stdout:output_chunk:http2-goaway-headers-end-stream	1
result_projection	row-2347:stdout:outbound-goaway-headers-end-stream-drain:shutdown	1
result_projection	row-2348:stdout:outbound-goaway-narrow:outbound-goaway	1
result_projection	row-2349:stdout:output_chunk_list:http2-goaway-narrow	1
result_projection	row-2350:stdout:output_chunk:http2-goaway-narrow	1
result_projection	row-2351:stdout:outbound-goaway-narrow-state:shutdown	1
result_projection	row-2352:stdout:outbound-goaway-same:outbound-goaway	1
result_projection	row-2353:stdout:output_chunk_list:http2-goaway-same	1
result_projection	row-2354:stdout:output_chunk:http2-goaway-same	1
result_projection	row-2355:stdout:outbound-goaway-same-state:shutdown	1
result_projection	row-2356:stdout:outbound-goaway-widen:outbound-goaway	1
result_projection	row-2357:stdout:output_chunk_list:http2-goaway-widen	1
result_projection	row-2358:stdout:outbound-goaway-widen:id	1
result_projection	row-2359:stdout:outbound-goaway-after-narrow-late-headers:id	1
result_projection	row-2360:stdout:outbound-data-after-narrow-local-goaway-late:outbound-data	1
result_projection	row-2361:stdout:output_chunk_list:http2-data-after-narrow-local-goaway-late	1
result_projection	row-2362:stdout:outbound-data-after-narrow-local-goaway-late:id	1
result_projection	row-2363:stdout:outbound-headers-after-narrow-local-goaway-late:outbound-headers	1
result_projection	row-2364:stdout:output_chunk_list:http2-headers-after-narrow-local-goaway-late	1
result_projection	row-2365:stdout:output_chunk:http2-headers-after-narrow-local-goaway-late	1
result_projection	row-2366:stdout:outbound-headers-after-narrow-local-goaway-late:id	1
result_projection	row-2367:stdout:outbound-priority-after-narrow-local-goaway-late:outbound-priority	1
result_projection	row-2368:stdout:output_chunk_list:http2-priority-after-narrow-local-goaway-late	1
result_projection	row-2369:stdout:outbound-priority-after-narrow-local-goaway-late:id	1
result_projection	row-2370:stdout:outbound-push-promise-after-narrow-local-goaway-late:outbound-push-promise	1
result_projection	row-2371:stdout:output_chunk_list:http2-push-promise-after-narrow-local-goaway-late	1
result_projection	row-2372:stdout:outbound-push-promise-after-narrow-local-goaway-late:id	1
result_projection	row-2373:stdout:outbound-goaway-last-stream-id-encode-error:outbound-goaway	1
result_projection	row-2374:stdout:outbound-goaway-error-code-encode-error:outbound-goaway	1
result_projection	row-2375:stdout:outbound-ping-accepted:outbound-ping	1
result_projection	row-2376:stdout:output_chunk_list:http2-outbound-ping	1
result_projection	row-2377:stdout:output_chunk:http2-outbound-ping	1
result_projection	row-2378:stdout:outbound-ping-short:outbound-ping	1
result_projection	row-2379:stdout:output_chunk_list:http2-outbound-ping-short	1
result_projection	row-2380:stdout:outbound-ping-long:outbound-ping	1
result_projection	row-2381:stdout:output_chunk_list:http2-outbound-ping-long	1
result_projection	row-2382:stdout:initial-window-adjust:result	1
result_projection	row-2383:stdout:initial-window-adjust:peer_max_frame_size	1
result_projection	row-2384:stdout:initial-window-adjust:open_stream	1
result_projection	row-2385:stdout:initial-window-data:result	1
result_projection	row-2386:stdout:initial-window-data:open_stream	1
result_projection	row-2387:stdout:initial-window-negative:result	1
result_projection	row-2388:stdout:initial-window-negative:open_stream	1
result_projection	row-2389:stdout:initial-window-negative-data:id	1
result_projection	row-2390:stdout:initial-window-restore:result	1
result_projection	row-2391:stdout:initial-window-restore:open_stream	1
result_projection	row-2392:stdout:initial-window-restored-data:result	1
result_projection	row-2393:stdout:initial-window-restored-data:open_stream	1
result_projection	row-2394:stdout:headers-zero-stream:id	1
result_projection	row-2395:stdout:headers-even-stream:id	1
result_projection	row-2396:stdout:continuation-zero-stream:id	1
result_projection	row-2397:stdout:pending-continuation-zero-stream:id	1
result_projection	row-2398:stdout:ping-nonzero-stream:id	1
result_projection	row-2399:stdout:invalid-stream-kind:id	1
result_projection	row-2400:stdout:peer-stream-admit:result	1
result_projection	row-2401:stdout:peer-stream-admit:open_stream_count	1
result_projection	row-2402:stdout:peer-stream-second-admit:result	1
result_projection	row-2403:stdout:peer-stream-second-admit:open_stream_count	1
result_projection	row-2404:stdout:peer-stream-third-admit:result	1
result_projection	row-2405:stdout:peer-stream-third-admit:open_stream_count	1
result_projection	row-2406:stdout:peer-stream-third-admit:first_priority	1
result_projection	row-2407:stdout:peer-stream-third-admit:second_priority	1
result_projection	row-2408:stdout:peer-stream-third-admit:third_priority	1
result_projection	row-2409:stdout:peer-stream-third-admit:highest_peer_created_stream_id	1
result_projection	row-2410:stdout:peer-stream-high-first:result	1
result_projection	row-2411:stdout:peer-stream-high-first:highest_peer_created_stream_id	1
result_projection	row-2412:stdout:peer-stream-high-reuse:result	1
result_projection	row-2413:stdout:peer-stream-high-reuse:highest_peer_created_stream_id	1
result_projection	row-2414:stdout:peer-stream-lower-even:id	1
result_projection	row-2415:stdout:peer-stream-lower-oversized:id	1
result_projection	row-2416:stdout:peer-stream-lower-short-priority:id	1
result_projection	row-2417:stdout:peer-stream-lower-malformed-hpack:id	1
result_projection	row-2418:stdout:peer-stream-higher:result	1
result_projection	row-2419:stdout:peer-stream-higher:highest_peer_created_stream_id	1
result_projection	row-2420:stdout:peer-stream-lower-idle:id	1
result_projection	row-2421:stdout:peer-stream-lower-idle:highest_peer_created_stream_id	1
result_projection	row-2422:stdout:peer-stream-lower-idle:open_stream_count	1
result_projection	row-2423:stdout:peer-stream-lower-idle:open_stream	1
result_projection	row-2424:stdout:peer-stream-lower-idle:hpack_state	1
result_projection	row-2425:stdout:peer-stream-lower-idle-repeated:id	1
result_projection	row-2426:stdout:peer-stream-lower-idle-repeated:highest_peer_created_stream_id	1
result_projection	row-2427:stdout:peer-stream-closed-high:closed_by_peer_stream	1
result_projection	row-2428:stdout:peer-stream-closed-high:highest_peer_created_stream_id	1
result_projection	row-2429:stdout:peer-stream-lower-after-close:id	1
result_projection	row-2430:stdout:peer-stream-lower-after-close:highest_peer_created_stream_id	1
result_projection	row-2431:stdout:peer-stream-closed-reuse:id	1
result_projection	row-2432:stdout:peer-stream-reset-high:result	1
result_projection	row-2433:stdout:peer-stream-reset-high:highest_peer_created_stream_id	1
result_projection	row-2434:stdout:peer-stream-lower-after-reset:id	1
result_projection	row-2435:stdout:peer-stream-lower-after-reset:highest_peer_created_stream_id	1
result_projection	row-2436:stdout:peer-stream-second-data:result	1
result_projection	row-2437:stdout:peer-stream-second-data:open_stream_count	1
result_projection	row-2438:stdout:peer-stream-second-data:first_priority	1
result_projection	row-2439:stdout:peer-stream-second-data:second_priority	1
result_projection	row-2440:stdout:peer-stream-second-data:third_priority	1
result_projection	row-2441:stdout:peer-stream-third-window-update:result	1
result_projection	row-2442:stdout:peer-stream-third-window-update:open_stream_count	1
result_projection	row-2443:stdout:peer-stream-third-window-update:first_priority	1
result_projection	row-2444:stdout:peer-stream-third-window-update:second_priority	1
result_projection	row-2445:stdout:peer-stream-third-window-update:third_priority	1
result_projection	row-2446:stdout:peer-stream-third-priority:result	1
result_projection	row-2447:stdout:peer-stream-third-priority:open_stream_count	1
result_projection	row-2448:stdout:peer-stream-third-priority:first_priority	1
result_projection	row-2449:stdout:peer-stream-third-priority:second_priority	1
result_projection	row-2450:stdout:peer-stream-third-priority:third_priority	1
result_projection	row-2451:stdout:peer-stream-third-priority:priority_state	1
result_projection	row-2452:stdout:peer-stream-fifth-admit:result	1
result_projection	row-2453:stdout:peer-stream-fifth-admit:inbound_entry	1
result_projection	row-2454:stdout:peer-stream-fifth-admit:inbound_entry	1
result_projection	row-2455:stdout:peer-stream-fifth-admit:inbound_entry	1
result_projection	row-2456:stdout:peer-stream-fifth-admit:inbound_entry	1
result_projection	row-2457:stdout:peer-stream-fifth-admit:inbound_entry	1
result_projection	row-2458:stdout:peer-stream-second-reset:result	1
result_projection	row-2459:stdout:peer-stream-second-reset:inbound_entry	1
result_projection	row-2460:stdout:peer-stream-second-reset:inbound_entry	1
result_projection	row-2461:stdout:peer-stream-second-reset:inbound_entry	1
result_projection	row-2462:stdout:peer-stream-second-reset:inbound_entry	1
result_projection	row-2463:stdout:peer-stream-second-reset:inbound_entry	1
result_projection	row-2464:stdout:peer-stream-later-admit:result	1
result_projection	row-2465:stdout:peer-stream-later-admit:inbound_entry	1
result_projection	row-2466:stdout:peer-stream-later-admit:inbound_entry	1
result_projection	row-2467:stdout:peer-stream-later-admit:inbound_entry	1
result_projection	row-2468:stdout:peer-stream-later-admit:inbound_entry	1
result_projection	row-2469:stdout:peer-stream-later-admit:inbound_entry	1
result_projection	row-2470:stdout:peer-stream-later-admit:inbound_entry	1
result_projection	row-2471:stdout:peer-stream-limit:id	1
result_projection	row-2472:stdout:peer-stream-limit:highest_peer_created_stream_id	1
result_projection	row-2473:stdout:peer-stream-limit:inbound_entry	1
result_projection	row-2474:stdout:peer-stream-limit:inbound_entry	1
result_projection	row-2475:stdout:peer-stream-limit:inbound_entry	1
result_projection	row-2476:stdout:peer-stream-limit:inbound_entry	1
result_projection	row-2477:stdout:peer-stream-limit:inbound_entry	1
result_projection	row-2478:stdout:peer-stream-limit:inbound_entry	1
result_projection	row-2479:stdout:peer-stream-id-increasing-one:result	1
result_projection	row-2480:stdout:peer-stream-id-increasing-three:result	1
result_projection	row-2481:stdout:peer-stream-id-increasing-five:result	1
result_projection	row-2482:stdout:peer-stream-id-increasing:highest_peer_stream_id	1
result_projection	row-2483:stdout:peer-stream-id-lower-open-trailers:result	1
result_projection	row-2484:stdout:peer-stream-id-lower-open-trailers:inbound_entry	1
result_projection	row-2485:stdout:peer-stream-id-lower-open-trailers:inbound_entry	1
result_projection	row-2486:stdout:peer-stream-id-lower-open-trailers:inbound_entry	1
result_projection	row-2487:stdout:peer-stream-id-lower:id	1
result_projection	row-2488:stdout:peer-stream-id-lower-preserved:highest_peer_stream_id	1
result_projection	row-2489:stdout:peer-stream-id-lower-after-closed:id	1
result_projection	row-2490:stdout:peer-stream-id-lower-after-closed-preserved:highest_peer_stream_id	1
result_projection	row-2491:stdout:peer-stream-id-lower-after-reset:id	1
result_projection	row-2492:stdout:peer-stream-id-lower-after-reset-preserved:highest_peer_stream_id	1
result_projection	row-2493:stdout:peer-stream-id-reused:id	1
result_projection	row-2494:stdout:peer-stream-id-reused-preserved:highest_peer_stream_id	1
result_projection	row-2495:stdout:data-headers:result	1
result_projection	row-2496:stdout:data-headers:open_stream	1
result_projection	row-2497:stdout:data-open:result	1
result_projection	row-2498:stdout:data-open:open_stream	1
result_projection	row-2499:stdout:data-padded:result	1
result_projection	row-2500:stdout:output_chunk_list:http2-data-padded-content	1
result_projection	row-2501:stdout:output_chunk:http2-data-padded-content	1
result_projection	row-2502:stdout:data-padded:open_stream	1
result_projection	row-2503:stdout:data-padding-invalid:id	1
result_projection	row-2504:stdout:data-end-stream:result	1
result_projection	row-2505:stdout:data-end-stream:closed_by_peer_stream	1
result_projection	row-2506:stdout:data-end-stream-then-data:id	1
result_projection	row-2507:stdout:data-end-stream-then-window-update:id	1
result_projection	row-2508:stdout:rst-open:result	1
result_projection	row-2509:stdout:rst-then-data:id	1
result_projection	row-2510:stdout:rst-then-window-update:id	1
result_projection	row-2511:stdout:rst-zero-stream:id	1
result_projection	row-2512:stdout:rst-length:id	1
result_projection	row-2513:stdout:rst-idle:id	1
result_projection	row-2514:stdout:data-stream-window:id	1
result_projection	row-2515:stdout:data-connection-window:id	1
result_projection	row-2516:stdout:window-update-connection:result	1
result_projection	row-2517:stdout:window-update-connection:open_stream	1
result_projection	row-2518:stdout:window-update-stream:result	1
result_projection	row-2519:stdout:window-update-stream:open_stream	1
result_projection	row-2520:stdout:window-update-length:id	1
result_projection	row-2521:stdout:window-update-idle:id	1
result_projection	row-2522:stdout:window-update-zero:id	1
result_projection	row-2523:stdout:window-update-connection-overflow:id	1
result_projection	row-2524:stdout:window-update-stream-overflow:id	1
result_projection	row-2525:stdout:ping-data:result	1
result_projection	row-2526:stdout:outbound-ping-ack:outbound-ping-ack	1
result_projection	row-2527:stdout:output_chunk_list:http2-ping-ack	1
result_projection	row-2528:stdout:output_chunk:http2-ping-ack	1
result_projection	row-2529:stdout:ping-ack:result	1
result_projection	row-2530:stdout:outbound-ping-ack-received:outbound-ping-ack	1
result_projection	row-2531:stdout:output_chunk_list:http2-ping-ack-received	1
result_projection	row-2532:stdout:ping-length:id	1
result_projection	row-2533:stdout:ping-stream:id	1
result_projection	row-2534:stdout:priority:result	1
result_projection	row-2535:stdout:priority:priority_state	1
result_projection	row-2536:stdout:priority-replace:result	1
result_projection	row-2537:stdout:priority-replace:priority_state	1
result_projection	row-2538:stdout:priority-half-closed-local:result	1
result_projection	row-2539:stdout:priority-half-closed-local:priority_state	1
result_projection	row-2540:stdout:priority-half-closed-local-data:result	1
result_projection	row-2541:stdout:priority-half-closed-local-data:open_stream	1
result_projection	row-2542:stdout:priority-half-closed-local-data:half_closed_local_stream	1
result_projection	row-2543:stdout:priority-idle:result	1
result_projection	row-2544:stdout:priority-idle:priority_state	1
result_projection	row-2545:stdout:priority-idle:open_stream_count	1
result_projection	row-2546:stdout:priority-closed:id	1
result_projection	row-2547:stdout:priority-reset:id	1
result_projection	row-2548:stdout:priority-idle-with-open:result	1
result_projection	row-2549:stdout:priority-idle-with-open:result	1
result_projection	row-2550:stdout:priority-idle-with-open:priority_state	1
result_projection	row-2551:stdout:priority-idle-with-open:open_stream_count	1
result_projection	row-2552:stdout:priority-zero-stream:id	1
result_projection	row-2553:stdout:priority-length:id	1
result_projection	row-2554:stdout:priority-self-dependency:id	1
result_projection	row-2555:stdout:priority-idle-self-dependency:id	1
result_projection	row-2556:stdout:push-promise-stream:id	1
result_projection	row-2557:stdout:push-promise-zero-stream:id	1
result_projection	row-2558:stdout:client-push-promise-accepted:result	1
result_projection	row-2559:stdout:output_chunk_list:http2-client-push-promise-header-block	1
result_projection	row-2560:stdout:output_chunk:http2-client-push-promise-header-block	1
result_projection	row-2561:stdout:client-push-promise-accepted:hpack	1
result_projection	row-2562:stdout:client-push-promise-accepted:reserved_by_peer	1
result_projection	row-2563:stdout:client-push-promise-accepted:inbound_entry	1
result_projection	row-2564:stdout:client-push-promise-accepted:inbound_entry	1
result_projection	row-2565:stdout:client-push-promise-accepted:highest_peer_created_stream_id	1
result_projection	row-2566:stdout:client-push-promise-increasing:result	1
result_projection	row-2567:stdout:client-push-promise-increasing:reserved_by_peer	1
result_projection	row-2568:stdout:client-push-promise-increasing:inbound_entry	1
result_projection	row-2569:stdout:client-push-promise-increasing:inbound_entry	1
result_projection	row-2570:stdout:client-push-promise-increasing:inbound_entry	1
result_projection	row-2571:stdout:client-push-promise-increasing:highest_peer_created_stream_id	1
result_projection	row-2572:stdout:client-push-promise-lower-retained:id	1
result_projection	row-2573:stdout:client-push-promise-lower-retained:reserved_by_peer	1
result_projection	row-2574:stdout:client-push-promise-lower-retained:highest_peer_created_stream_id	1
result_projection	row-2575:stdout:client-push-promise-repeated-tracked:id	1
result_projection	row-2576:stdout:client-push-promise-lower-malformed-hpack:id	1
result_projection	row-2577:stdout:client-push-promise-lower-invalid-headers:id	1
result_projection	row-2578:stdout:client-push-promise-higher-invalid-headers:id	1
result_projection	row-2579:stdout:client-push-promise-higher-retry:result	1
result_projection	row-2580:stdout:client-push-promise-higher-retry:reserved_by_peer	1
result_projection	row-2581:stdout:client-push-promise-higher-retry:inbound_entry	1
result_projection	row-2582:stdout:client-push-promise-higher-retry:inbound_entry	1
result_projection	row-2583:stdout:client-push-promise-higher-retry:inbound_entry	1
result_projection	row-2584:stdout:client-push-promise-higher-retry:inbound_entry	1
result_projection	row-2585:stdout:client-push-promise-higher-retry:highest_peer_created_stream_id	1
result_projection	row-2586:stdout:client-push-promise-regular-accepted:result	1
result_projection	row-2587:stdout:output_chunk_list:http2-client-push-promise-regular-header-block	1
result_projection	row-2588:stdout:output_chunk:http2-client-push-promise-regular-header-block	1
result_projection	row-2589:stdout:client-push-promise-regular-accepted:hpack	1
result_projection	row-2590:stdout:client-push-promise-regular-accepted:reserved_by_peer	1
result_projection	row-2591:stdout:client-push-local-enable-sent:local_settings	1
result_projection	row-2592:stdout:client-push-local-enable-accepted:result	1
result_projection	row-2593:stdout:client-push-local-enable-accepted:reserved_by_peer	1
result_projection	row-2594:stdout:client-push-local-disable-sent:local_settings	1
result_projection	row-2595:stdout:client-push-local-disable-rejected:id	1
result_projection	row-2596:stdout:client-push-local-disable-rejected:reserved_by_peer	1
result_projection	row-2597:stdout:client-push-promise-status:id	1
result_projection	row-2598:stdout:client-push-promise-status:reserved_by_peer	1
result_projection	row-2599:stdout:client-push-promise-bad-te:id	1
result_projection	row-2600:stdout:client-push-promise-bad-te:reserved_by_peer	1
result_projection	row-2601:stdout:client-push-promised-headers:result	1
result_projection	row-2602:stdout:output_chunk_list:http2-client-push-promised-headers	1
result_projection	row-2603:stdout:output_chunk:http2-client-push-promised-headers	1
result_projection	row-2604:stdout:client-push-promised-headers:hpack	1
result_projection	row-2605:stdout:client-push-promised-headers:open_stream_count	1
result_projection	row-2606:stdout:client-push-promised-headers:highest_peer_created_stream_id	1
result_projection	row-2607:stdout:client-push-promised-headers-end-stream:result	1
result_projection	row-2608:stdout:output_chunk_list:http2-client-push-promised-headers-end-stream	1
result_projection	row-2609:stdout:output_chunk:http2-client-push-promised-headers-end-stream	1
result_projection	row-2610:stdout:client-push-promised-headers-end-stream:hpack	1
result_projection	row-2611:stdout:client-push-promised-headers-end-stream:closed_by_peer_stream	1
result_projection	row-2612:stdout:client-push-promised-headers-end-stream:highest_peer_created_stream_id	1
result_projection	row-2613:stdout:client-push-promised-open-for-reset:inbound_entry	1
result_projection	row-2614:stdout:client-push-promised-open-for-reset:inbound_entry	1
result_projection	row-2615:stdout:client-push-promised-reset:result	1
result_projection	row-2616:stdout:client-push-promised-reset:result	1
result_projection	row-2617:stdout:client-push-promised-reset:inbound_entry	1
result_projection	row-2618:stdout:client-push-promised-reset:inbound_entry	1
result_projection	row-2619:stdout:client-push-promised-reset:highest_peer_created_stream_id	1
result_projection	row-2620:stdout:client-push-promised-data-before-headers:id	1
result_projection	row-2621:stdout:client-push-promise-continuation-start:result	1
result_projection	row-2622:stdout:client-push-promise-continuation-done:result	1
result_projection	row-2623:stdout:output_chunk_list:http2-client-push-promise-continuation-header-block	1
result_projection	row-2624:stdout:output_chunk:http2-client-push-promise-continuation-header-block	1
result_projection	row-2625:stdout:client-push-promise-continuation-done:hpack	1
result_projection	row-2626:stdout:client-push-promise-continuation-done:reserved_by_peer	1
result_projection	row-2627:stdout:client-push-promise-continuation-done:inbound_entry	1
result_projection	row-2628:stdout:client-push-promise-continuation-done:inbound_entry	1
result_projection	row-2629:stdout:client-push-promise-continuation-done:highest_peer_created_stream_id	1
result_projection	row-2630:stdout:client-push-promise-increasing-continuation:result	1
result_projection	row-2631:stdout:client-push-promise-increasing-continuation:reserved_by_peer	1
result_projection	row-2632:stdout:client-push-promise-increasing-continuation:inbound_entry	1
result_projection	row-2633:stdout:client-push-promise-increasing-continuation:inbound_entry	1
result_projection	row-2634:stdout:client-push-promise-increasing-continuation:inbound_entry	1
result_projection	row-2635:stdout:client-push-promise-increasing-continuation:highest_peer_created_stream_id	1
result_projection	row-2636:stdout:client-push-promise-zero-stream:id	1
result_projection	row-2637:stdout:client-push-promise-even-stream:id	1
result_projection	row-2638:stdout:client-push-promise-promised-zero:id	1
result_projection	row-2639:stdout:client-push-promise-promised-odd:id	1
result_projection	row-2640:stdout:client-push-promise-length:id	1
result_projection	row-2641:stdout:client-push-promise-hpack-fixture:id	1
result_projection	row-2642:stdout:goaway:result	1
result_projection	row-2643:stdout:goaway-empty-debug-data:debug_data	1
result_projection	row-2644:stdout:goaway-debug-data:result	1
result_projection	row-2645:stdout:goaway-debug-data:debug_data	1
result_projection	row-2646:stdout:goaway-lower-boundary:result	1
result_projection	row-2647:stdout:goaway-same-boundary:result	1
result_projection	row-2648:stdout:goaway-higher-boundary:id	1
result_projection	row-2649:stdout:goaway-tightened-late-headers:id	1
result_projection	row-2650:stdout:goaway-existing-shutdown:result	1
result_projection	row-2651:stdout:goaway-existing-data:result	1
result_projection	row-2652:stdout:goaway-existing-data:open_stream	1
result_projection	row-2653:stdout:goaway-existing-trailers:result	1
result_projection	row-2654:stdout:output_chunk_list:http2-goaway-existing-trailers	1
result_projection	row-2655:stdout:output_chunk:http2-goaway-existing-trailers	1
result_projection	row-2656:stdout:goaway-existing-trailers:hpack	1
result_projection	row-2657:stdout:goaway-existing-trailers:closed_by_peer_stream	1
result_projection	row-2658:stdout:goaway-existing-trailers-drain:shutdown	1
result_projection	row-2659:stdout:goaway-below-boundary-data:result	1
result_projection	row-2660:stdout:goaway-below-boundary-data:open_stream	1
result_projection	row-2661:stdout:goaway-below-boundary-trailers:result	1
result_projection	row-2662:stdout:output_chunk_list:http2-goaway-below-boundary-trailers	1
result_projection	row-2663:stdout:output_chunk:http2-goaway-below-boundary-trailers	1
result_projection	row-2664:stdout:goaway-below-boundary-trailers:hpack	1
result_projection	row-2665:stdout:goaway-below-boundary-trailers:closed_by_peer_stream	1
result_projection	row-2666:stdout:goaway-below-boundary-trailers-drain:shutdown	1
result_projection	row-2667:stdout:goaway-graceful-late-headers:id	1
result_projection	row-2668:stdout:goaway-peer-stream-ordering:id	1
result_projection	row-2669:stdout:goaway-peer-stream-ordering:highest_peer_created_stream_id	1
result_projection	row-2670:stdout:goaway-existing-data-end-stream:result	1
result_projection	row-2671:stdout:goaway-existing-data-end-stream:closed_by_peer_stream	1
result_projection	row-2672:stdout:goaway-existing-data-end-stream-drain:shutdown	1
result_projection	row-2673:stdout:goaway-existing-reset:result	1
result_projection	row-2674:stdout:goaway-existing-reset-drain:shutdown	1
result_projection	row-2675:stdout:goaway-existing-associated-reset:result	1
result_projection	row-2676:stdout:goaway-existing-headers-shutdown:shutdown	1
result_projection	row-2677:stdout:goaway-existing-headers-shutdown:inbound_entry	1
result_projection	row-2678:stdout:goaway-existing-headers-shutdown:inbound_entry	1
result_projection	row-2679:stdout:goaway-existing-headers-end-stream:result	1
result_projection	row-2680:stdout:output_chunk_list:http2-goaway-existing-headers-end-stream	1
result_projection	row-2681:stdout:output_chunk:http2-goaway-existing-headers-end-stream	1
result_projection	row-2682:stdout:goaway-existing-headers-end-stream:hpack	1
result_projection	row-2683:stdout:goaway-existing-headers-end-stream:closed_by_peer_stream	1
result_projection	row-2684:stdout:goaway-existing-headers-end-stream-drain:shutdown	1
result_projection	row-2685:stdout:goaway-drained-late-headers:id	1
result_projection	row-2686:stdout:goaway-late-headers:id	1
result_projection	row-2687:stdout:goaway-even-headers:id	1
result_projection	row-2688:stdout:goaway-length:id	1
result_projection	row-2689:stdout:goaway-stream:id	1
result_projection	row-2690:stdout:output_chunk_list:http2-settings-header	1
result_projection	row-2691:stdout:output_chunk:http2-settings-header	1
result_projection	row-2692:stdout:output_chunk_list:http2-data-header	1
result_projection	row-2693:stdout:output_chunk:http2-data-header	1
result_projection	row-2694:stdout:output_chunk_list:http2-max-stream-header	1
result_projection	row-2695:stdout:output_chunk:http2-max-stream-header	1
result_projection	row-2696:stdout:http2-stream-id-range:encode_error	1
result_projection	row-2697:output_chunk_list:http2-continuation-header-block	1
result_projection	row-2698:output_chunk_list:http2-headers-header-block	1
result_projection	row-2699:output_chunk_list:http2-headers-priority-header-block	1
result_projection	row-2700:output_chunk_list:http2-headers-priority-continuation-header-block	1
result_projection	row-2701:output_chunk_list:http2-headers-priority-end-stream-header-block	1
result_projection	row-2702:output_chunk_list:http2-headers-end-stream-continuation-header-block	1
result_projection	row-2703:output_chunk_list:http2-trailers-accepted	1
result_projection	row-2704:output_chunk_list:http2-trailers-raw-name-accepted	1
result_projection	row-2705:output_chunk_list:http2-trailers-raw-name-indexed-accepted	1
result_projection	row-2706:output_chunk_list:http2-trailers-continuation	1
result_projection	row-2707:output_chunk_list:http2-response-trailers-accepted	1
result_projection	row-2708:output_chunk_list:http2-response-trailers-continuation	1
result_projection	row-2709:output_chunk_list:http2-goaway-existing-trailers	1
result_projection	row-2710:output_chunk_list:http2-goaway-below-boundary-trailers	1
result_projection	row-2711:output_chunk_list:http2-goaway-existing-headers-end-stream	1
result_projection	row-2712:output_chunk_list:http2-goaway-combined-narrow	1
result_projection	row-2713:output_chunk_list:http2-goaway-data-end-stream	1
result_projection	row-2714:output_chunk_list:http2-goaway-headers-end-stream	1
result_projection	row-2715:output_chunk_list:http2-header-list-accepted	1
result_projection	row-2716:output_chunk_list:http2-request-headers-valid	1
result_projection	row-2717:output_chunk_list:http2-request-headers-ordinary-valid	1
result_projection	row-2718:output_chunk_list:http2-request-headers-connect-valid	1
result_projection	row-2719:output_chunk_list:http2-request-headers-connect-continuation	1
result_projection	row-2720:output_chunk_list:http2-request-headers-scheme-http	1
result_projection	row-2721:output_chunk_list:http2-request-headers-scheme-https	1
result_projection	row-2722:output_chunk_list:http2-request-headers-te-trailers	1
result_projection	row-2723:output_chunk_list:http2-request-headers-content-length	1
result_projection	row-2724:output_chunk_list:http2-request-headers-content-length-repeated	1
result_projection	row-2725:output_chunk_list:http2-response-headers-valid	1
result_projection	row-2726:output_chunk_list:http2-response-headers-ordinary-valid	1
result_projection	row-2727:output_chunk_list:http2-response-headers-ordinary-continuation	1
result_projection	row-2728:output_chunk_list:http2-response-headers-te-trailers	1
result_projection	row-2729:output_chunk_list:http2-response-headers-content-length	1
result_projection	row-2730:output_chunk_list:http2-response-headers-content-length-repeated	1
result_projection	row-2731:output_chunk_list:http2-hpack-static-indexed-method	1
result_projection	row-2732:output_chunk_list:http2-hpack-static-indexed-method-path	1
result_projection	row-2733:output_chunk_list:http2-hpack-static-indexed-method-post	1
result_projection	row-2734:output_chunk_list:http2-hpack-static-indexed-path	1
result_projection	row-2735:output_chunk_list:http2-hpack-literal-path-target	1
result_projection	row-2736:output_chunk_list:http2-hpack-literal-never-indexed-path-target	1
result_projection	row-2737:output_chunk_list:http2-hpack-literal-never-indexed-path-continuation	1
result_projection	row-2738:output_chunk_list:http2-hpack-literal-huffman	1
result_projection	row-2739:output_chunk_list:http2-hpack-literal-test-huffman	1
result_projection	row-2740:output_chunk_list:http2-hpack-static-literal-test-huffman-continuation	1
result_projection	row-2741:output_chunk_list:http2-hpack-literal-scheme-https-huffman	1
result_projection	row-2742:output_chunk_list:http2-hpack-literal-authority-raw	1
result_projection	row-2743:output_chunk_list:http2-hpack-literal-status-raw	1
result_projection	row-2744:output_chunk_list:http2-hpack-literal-static-name-server-raw	1
result_projection	row-2745:output_chunk_list:http2-hpack-literal-indexed-static-name-content-type	1
result_projection	row-2746:output_chunk_list:http2-hpack-dynamic-indexed-static-name-content-type	1
result_projection	row-2747:output_chunk_list:http2-hpack-literal-never-indexed-static-name-user-agent	1
result_projection	row-2748:output_chunk_list:http2-hpack-literal-authority-raw-continuation	1
result_projection	row-2749:output_chunk_list:http2-hpack-literal-method-put	1
result_projection	row-2750:output_chunk_list:http2-hpack-literal-method-put-huffman	1
result_projection	row-2751:output_chunk_list:http2-hpack-literal-status-200-huffman	1
result_projection	row-2752:output_chunk_list:http2-hpack-literal-path-linefeed-huffman	1
result_projection	row-2753:output_chunk_list:http2-hpack-literal-path-nul-huffman	1
result_projection	row-2754:output_chunk_list:http2-hpack-literal-path-ff-huffman	1
result_projection	row-2755:output_chunk_list:http2-hpack-literal-path-bytes-huffman	1
result_projection	row-2756:output_chunk_list:http2-hpack-literal-path-two-nul-huffman	1
result_projection	row-2757:output_chunk_list:http2-hpack-literal-path-bytes-huffman-continuation	1
result_projection	row-2758:output_chunk_list:http2-hpack-literal-status-200-huffman-continuation	1
result_projection	row-2759:output_chunk_list:http2-hpack-literal-indexed-authority	1
result_projection	row-2760:output_chunk_list:http2-hpack-literal-indexed-method-put-huffman	1
result_projection	row-2761:output_chunk_list:http2-hpack-literal-indexed-scheme-https-huffman	1
result_projection	row-2762:output_chunk_list:http2-hpack-literal-indexed-status	1
result_projection	row-2763:output_chunk_list:http2-hpack-literal-authority-raw-long-length	1
result_projection	row-2764:output_chunk_list:http2-hpack-literal-path-huffman-long-length	1
result_projection	row-2765:output_chunk_list:http2-hpack-literal-indexed-authority-raw-long-length	1
result_projection	row-2766:output_chunk_list:http2-hpack-literal-indexed-authority-raw-extra-long-length	1
result_projection	row-2767:output_chunk_list:http2-hpack-literal-indexed-path-huffman-long-length	1
result_projection	row-2768:output_chunk_list:http2-hpack-literal-authority-example	1
result_projection	row-2769:output_chunk_list:http2-hpack-literal-authority-www-example-huffman	1
result_projection	row-2770:output_chunk_list:http2-hpack-stateful-literal-indexed-path-target	1
result_projection	row-2771:output_chunk_list:http2-hpack-stateful-dynamic-indexed-path-target	1
result_projection	row-2772:output_chunk_list:http2-hpack-stateful-literal-indexed-dynamic-name-path-again	1
result_projection	row-2773:output_chunk_list:http2-hpack-stateful-dynamic-name-newest-path-again	1
result_projection	row-2774:output_chunk_list:http2-hpack-stateful-dynamic-name-older-path-target	1
result_projection	row-2775:output_chunk_list:http2-hpack-stateful-literal-indexed-method-put	1
result_projection	row-2776:output_chunk_list:http2-hpack-stateful-dynamic-indexed-method-put	1
result_projection	row-2777:output_chunk_list:http2-hpack-stateful-dynamic-indexed-older-path	1
result_projection	row-2778:output_chunk_list:http2-hpack-stateful-without-indexing-dynamic-name-second-path-no	1
result_projection	row-2779:output_chunk_list:http2-hpack-stateful-never-indexed-dynamic-name-second-path-secret	1
result_projection	row-2780:output_chunk_list:http2-hpack-stateful-literal-indexed-scheme-https-retained	1
result_projection	row-2781:output_chunk_list:http2-hpack-stateful-dynamic-name-second-method	1
result_projection	row-2782:output_chunk_list:http2-hpack-stateful-dynamic-name-third-path	1
result_projection	row-2783:output_chunk_list:http2-hpack-stateful-dynamic-name-wide-indexed	1
result_projection	row-2784:output_chunk_list:http2-hpack-stateful-dynamic-indexed-wide-continuation-retained-older-path	1
result_projection	row-2785:output_chunk_list:http2-hpack-stateful-dynamic-indexed-multi-continuation-retained-older-path	1
result_projection	row-2786:output_chunk_list:http2-hpack-stateful-dynamic-name-wide-without-indexing	1
result_projection	row-2787:output_chunk_list:http2-hpack-stateful-dynamic-name-wide-never-indexed	1
result_projection	row-2788:output_chunk_list:http2-hpack-stateful-three-entry-table-size-eviction	1
result_projection	row-2789:output_chunk_list:http2-hpack-stateful-insertion-evicts-older-path	1
result_projection	row-2790:output_chunk_list:http2-hpack-stateful-table-size-eviction	1
result_projection	row-2791:output_chunk_list:http2-hpack-stateful-table-size-partial-eviction	1
result_projection	row-2792:output_chunk_list:http2-hpack-stateful-dynamic-entry-size-authority	1
result_projection	row-2793:output_chunk_list:http2-hpack-stateful-dynamic-entry-size-authority-eviction	1
result_projection	row-2794:output_chunk_list:http2-hpack-continuation-replacement	1
result_projection	row-2795:output_chunk_list:http2-hpack-continuation-older-path	1
result_projection	row-2796:output_chunk_list:http2-hpack-continuation-dynamic-name	1
result_projection	row-2797:output_chunk_list:http2-hpack-continuation-dynamic-name-second	1
result_projection	row-2798:output_chunk_list:http2-hpack-continuation-dynamic-name-wide	1
result_projection	row-2799:output_chunk_list:http2-hpack-continuation-dynamic-name-wide-without-indexing	1
result_projection	row-2800:output_chunk_list:http2-hpack-continuation-dynamic-name-wide-never-indexed	1
result_projection	row-2801:output_chunk_list:http2-hpack-continuation-third-entry	1
result_projection	row-2802:output_chunk_list:http2-hpack-continuation-third-path	1
result_projection	row-2803:output_chunk_list:http2-hpack-continuation-partial-eviction	1
result_projection	row-2804:output_chunk_list:http2-hpack-literal-indexed-path-target	1
result_projection	row-2805:output_chunk_list:http2-hpack-dynamic-indexed-path-target	1
result_projection	row-2806:output_chunk_list:http2-hpack-literal-indexed-method-put	1
result_projection	row-2807:output_chunk_list:http2-hpack-dynamic-indexed-older-path	1
result_projection	row-2808:output_chunk_list:http2-hpack-dynamic-table-size-eviction	1
result_projection	row-2809:output_chunk_list:http2-hpack-stateful-after-missing-literal-indexed-path-target	1
result_projection	row-2810:output_chunk_list:http2-hpack-stateful-after-missing-dynamic-indexed-path-target	1
result_projection	row-2811:output_chunk_list:http2-hpack-stateful-dynamic-name-huffman-indexed-path-test	1
result_projection	row-2812:output_chunk_list:http2-hpack-stateful-dynamic-name-huffman-indexed-path-test-reuse	1
result_projection	row-2813:output_chunk_list:http2-hpack-stateful-dynamic-name-huffman-continuation	1
result_projection	row-2814:output_chunk_list:http2-hpack-stateful-dynamic-name-huffman-continuation-reuse	1
result_projection	row-2815:output_chunk_list:http2-hpack-stateful-literal-indexed-ordinary-x-trace	1
result_projection	row-2816:output_chunk_list:http2-hpack-stateful-dynamic-indexed-ordinary-x-trace	1
result_projection	row-2817:output_chunk_list:http2-hpack-stateful-literal-indexed-ordinary-continuation	1
result_projection	row-2818:output_chunk_list:http2-hpack-stateful-dynamic-indexed-ordinary-continuation	1
result_projection	row-2819:output_chunk_list:http2-hpack-raw-name-never-indexed-ordinary-x-never	1
result_projection	row-2820:output_chunk_list:http2-hpack-stateful-ordinary-table-size-eviction	1
result_projection	row-2821:output_chunk_list:http2-hpack-table-size-update	1
result_projection	row-2822:output_chunk_list:http2-hpack-after-table-size-update	1
result_projection	row-2823:output_chunk_list:http2-hpack-table-size-continuation	1
result_projection	row-2824:output_chunk_list:http2-hpack-table-size-update-31	1
result_projection	row-2825:output_chunk_list:http2-hpack-table-size-continuation-31	1
result_projection	row-2826:output_chunk_list:http2-hpack-table-size-update-32	1
result_projection	row-2827:output_chunk_list:http2-hpack-table-size-continuation-32	1
result_projection	row-2828:output_chunk_list:http2-hpack-table-size-update-160	1
result_projection	row-2829:output_chunk_list:http2-peer-header-table-size-lower-inbound-receive-limit	1
result_projection	row-2830:output_chunk_list:http2-hpack-table-size-continuation-160	1
result_projection	row-2831:output_chunk_list:http2-hpack-table-size-update-general	1
result_projection	row-2832:output_chunk_list:http2-hpack-table-size-continuation-general	1
result_projection	row-2833:output_chunk_list:http2-hpack-static-indexed-scheme-http	1
result_projection	row-2834:output_chunk_list:http2-hpack-static-indexed-scheme-https	1
result_projection	row-2835:output_chunk_list:http2-hpack-static-indexed-status-200	1
result_projection	row-2836:output_chunk_list:http2-hpack-static-indexed-status-404	1
result_projection	row-2837:output_chunk_list:http2-hpack-static-request-headers	1
result_projection	row-2838:output_chunk_list:http2-hpack-static-request-scheme-https	1
result_projection	row-2839:output_chunk_list:http2-hpack-static-request-scheme-https-huffman	1
result_projection	row-2840:output_chunk_list:http2-hpack-static-request-scheme-https-huffman-continuation	1
result_projection	row-2841:output_chunk_list:http2-hpack-static-request-continuation	1
result_projection	row-2842:output_chunk_list:http2-hpack-static-response-headers	1
result_projection	row-2843:output_chunk_list:http2-hpack-static-response-cache-control	1
result_projection	row-2844:output_chunk_list:http2-hpack-static-response-content-type	1
result_projection	row-2845:output_chunk_list:http2-hpack-static-response-cache-control-continuation	1
result_projection	row-2846:output_chunk_list:http2-hpack-static-response-content-type-continuation	1
result_projection	row-2847:output_chunk_list:http2-hpack-static-literal-response-headers	1
result_projection	row-2848:output_chunk_list:http2-hpack-static-response-content-length	1
result_projection	row-2849:output_chunk_list:http2-hpack-static-response-content-length-indexed	1
result_projection	row-2850:output_chunk_list:http2-hpack-static-response-content-length-never-indexed	1
result_projection	row-2851:output_chunk_list:http2-hpack-static-request-content-length	1
result_projection	row-2852:output_chunk_list:http2-hpack-static-request-content-length-decimal	1
result_projection	row-2853:output_chunk_list:http2-hpack-static-request-content-length-indexed	1
result_projection	row-2854:output_chunk_list:http2-hpack-static-request-content-length-never-indexed	1
result_projection	row-2855:output_chunk_list:http2-half-closed-local-padded-content	1
result_projection	row-2856:output_chunk_list:http2-data	1
result_projection	row-2857:output_chunk_list:http2-content-length-data-first	1
result_projection	row-2858:output_chunk_list:http2-content-length-data-exact	1
result_projection	row-2859:output_chunk_list:http2-content-length-padded	1
result_projection	row-2860:output_chunk_list:http2-content-length-over	1
result_projection	row-2861:output_chunk_list:http2-content-length-early-end-stream	1
result_projection	row-2862:output_chunk_list:http2-data-connection-boundary	1
result_projection	row-2863:output_chunk_list:http2-data-stream-boundary	1
result_projection	row-2864:output_chunk_list:http2-data-after-goaway-allowed	1
result_projection	row-2865:output_chunk_list:http2-data-after-goaway-late	1
result_projection	row-2866:output_chunk_list:http2-data-after-local-goaway-allowed	1
result_projection	row-2867:output_chunk_list:http2-data-after-local-goaway-late	1
result_projection	row-2868:output_chunk_list:http2-data-split	1
result_projection	row-2869:output_chunk_list:http2-data-padded	1
result_projection	row-2870:output_chunk_list:http2-data-padded-split	1
result_projection	row-2871:output_chunk_list:http2-data-padded-connection-window	1
result_projection	row-2872:output_chunk_list:http2-data-padded-frame-size	1
result_projection	row-2873:output_chunk_list:http2-data-connection-zero	1
result_projection	row-2874:output_chunk_list:http2-data-stream-zero	1
result_projection	row-2875:output_chunk_list:http2-data-connection-refill-before	1
result_projection	row-2876:output_chunk_list:http2-data-connection-refill-after	1
result_projection	row-2877:output_chunk_list:http2-data-stream-refill-before	1
result_projection	row-2878:output_chunk_list:http2-data-stream-refill-after	1
result_projection	row-2879:output_chunk_list:http2-data-after-local-window-update-no-refill	1
result_projection	row-2880:output_chunk_list:http2-data-after-initial-window-restore	1
result_projection	row-2881:output_chunk_list:http2-peer-closed-data	1
result_projection	row-2882:output_chunk_list:http2-peer-closed-data-end-stream	1
result_projection	row-2883:output_chunk_list:http2-data-end-stream	1
result_projection	row-2884:output_chunk_list:http2-data-padded-end-stream	1
result_projection	row-2885:output_chunk_list:http2-data-split-end-stream	1
result_projection	row-2886:output_chunk_list:http2-data-padded-content	1
result_projection	row-2887:output_chunk_list:preface-unknown	1
result_projection	row-2888:output_chunk_list:unknown-extension	1
result_projection	row-2889:output_chunk_list:http2-window-update-connection	1
result_projection	row-2890:output_chunk_list:http2-window-update-stream	1
result_projection	row-2891:output_chunk_list:http2-window-update-after-goaway-allowed	1
result_projection	row-2892:output_chunk_list:http2-window-update-after-goaway-late	1
result_projection	row-2893:output_chunk_list:http2-window-update-connection-after-goaway	1
result_projection	row-2894:output_chunk_list:http2-window-update-after-local-goaway-allowed	1
result_projection	row-2895:output_chunk_list:http2-window-update-after-local-goaway-late	1
result_projection	row-2896:output_chunk_list:http2-settings-ack	1
result_projection	row-2897:output_chunk_list:http2-peer-settings-ack	1
result_projection	row-2898:output_chunk_list:http2-peer-settings-ack-cleared	1
result_projection	row-2899:output_chunk_list:http2-peer-settings-ack-coalesced	1
result_projection	row-2900:output_chunk_list:http2-local-settings	1
result_projection	row-2901:output_chunk_list:http2-local-settings-queue-first	1
result_projection	row-2902:output_chunk_list:http2-local-settings-queue-second	1
result_projection	row-2903:output_chunk_list:http2-local-settings-batch	1
result_projection	row-2904:output_chunk_list:http2-local-settings-batch-range	1
result_projection	row-2905:output_chunk_list:http2-local-settings-ordered-batch	1
result_projection	row-2906:output_chunk_list:http2-local-settings-ordered-batch-later	1
result_projection	row-2907:output_chunk_list:http2-local-settings-large-batch-range	1
result_projection	row-2908:output_chunk_list:http2-local-settings-header-table-size-batch-range	1
result_projection	row-2909:output_chunk_list:http2-local-settings-max-concurrent-streams-batch-range	1
result_projection	row-2910:output_chunk_list:http2-local-settings-max-header-list-size-batch-range	1
result_projection	row-2911:output_chunk_list:http2-local-header-table-size-settings	1
result_projection	row-2912:output_chunk_list:http2-local-header-table-size-settings-range	1
result_projection	row-2913:output_chunk_list:http2-local-settings-max-frame-size-range	1
result_projection	row-2914:output_chunk_list:http2-local-settings-batch-max-frame-size-range	1
result_projection	row-2915:output_chunk_list:http2-local-initial-window-size-settings	1
result_projection	row-2916:output_chunk_list:http2-local-initial-window-size-settings-range	1
result_projection	row-2917:output_chunk_list:http2-local-max-concurrent-streams-settings	1
result_projection	row-2918:output_chunk_list:http2-local-max-concurrent-streams-settings-range	1
result_projection	row-2919:output_chunk_list:http2-local-enable-push-settings	1
result_projection	row-2920:output_chunk_list:http2-local-enable-push-settings-range	1
result_projection	row-2921:output_chunk_list:http2-local-header-list-size-settings	1
result_projection	row-2922:output_chunk_list:http2-local-header-list-size-settings-range	1
result_projection	row-2923:output_chunk_list:http2-rst-stream	1
result_projection	row-2924:output_chunk_list:http2-priority	1
result_projection	row-2925:output_chunk_list:http2-priority-replacement-values	1
result_projection	row-2926:output_chunk_list:http2-priority-after-goaway-allowed	1
result_projection	row-2927:output_chunk_list:http2-priority-after-goaway-late	1
result_projection	row-2928:output_chunk_list:http2-priority-after-local-goaway-allowed	1
result_projection	row-2929:output_chunk_list:http2-priority-after-local-goaway-late	1
result_projection	row-2930:output_chunk_list:http2-headers	1
result_projection	row-2931:output_chunk_list:http2-headers-hpack-static-indexed	1
result_projection	row-2932:output_chunk_list:http2-headers-hpack-static-indexed-path-root	1
result_projection	row-2933:output_chunk_list:http2-headers-hpack-static-indexed-scheme-https	1
result_projection	row-2934:output_chunk_list:http2-headers-hpack-static-indexed-status-200	1
result_projection	row-2935:output_chunk_list:http2-headers-hpack-static-indexed-accept-encoding	1
result_projection	row-2936:output_chunk_list:http2-headers-hpack-literal-continuation	1
result_projection	row-2937:output_chunk_list:http2-headers-hpack-visible-ascii-literal	1
result_projection	row-2938:output_chunk_list:http2-headers-hpack-stateful-literal-indexed-ordinary	1
result_projection	row-2939:output_chunk_list:http2-headers-hpack-stateful-dynamic-indexed-ordinary	1
result_projection	row-2940:output_chunk_list:http2-headers-hpack-stateful-literal-continuation	1
result_projection	row-2941:output_chunk_list:http2-headers-hpack-stateful-dynamic-indexed	1
result_projection	row-2942:output_chunk_list:http2-headers-hpack-stateful-literal-never-indexed	1
result_projection	row-2943:output_chunk_list:http2-headers-hpack-stateful-retained-after-never-indexed	1
result_projection	row-2944:output_chunk_list:http2-headers-hpack-stateful-dynamic-name-never-indexed	1
result_projection	row-2945:output_chunk_list:http2-headers-hpack-stateful-dynamic-name-never-indexed-retained	1
result_projection	row-2946:output_chunk_list:http2-headers-hpack-dynamic-name-huffman-without-indexing	1
result_projection	row-2947:output_chunk_list:http2-headers-hpack-dynamic-name-huffman-never-indexed	1
result_projection	row-2948:output_chunk_list:http2-headers-hpack-dynamic-name-huffman-indexed	1
result_projection	row-2949:output_chunk_list:http2-headers-hpack-dynamic-name-huffman-indexed-reuse	1
result_projection	row-2950:output_chunk_list:http2-headers-hpack-huffman-name-indexed	1
result_projection	row-2951:output_chunk_list:http2-headers-hpack-huffman-name-indexed-reuse	1
result_projection	row-2952:output_chunk_list:http2-headers-hpack-selected-seed	1
result_projection	row-2953:output_chunk_list:http2-headers-hpack-selected-carried	1
result_projection	row-2954:output_chunk_list:http2-headers-hpack-table-size-update	1
result_projection	row-2955:output_chunk_list:http2-headers-hpack-after-table-size-update	1
result_projection	row-2956:output_chunk_list:http2-headers-hpack-table-size-update-zero	1
result_projection	row-2957:output_chunk_list:http2-headers-hpack-after-table-size-update-zero-method-put	1
result_projection	row-2958:output_chunk_list:http2-headers-hpack-after-table-size-update-zero-method-put-again	1
result_projection	row-2959:output_chunk_list:http2-headers-hpack-table-size-update-160	1
result_projection	row-2960:output_chunk_list:http2-headers-hpack-table-size-update-over-peer-limit	1
result_projection	row-2961:output_chunk_list:http2-peer-header-table-size-lower-update-headers	1
result_projection	row-2962:output_chunk_list:http2-peer-header-table-size-lower-after-update-headers	1
result_projection	row-2963:output_chunk_list:http2-peer-header-table-size-higher-update-headers	1
result_projection	row-2964:output_chunk_list:http2-peer-header-table-size-higher-literal-headers	1
result_projection	row-2965:output_chunk_list:http2-peer-header-table-size-higher-dynamic-headers	1
result_projection	row-2966:output_chunk_list:http2-headers-hpack-literal-huffman	1
result_projection	row-2967:output_chunk_list:http2-headers-hpack-general-huffman	1
result_projection	row-2968:output_chunk_list:http2-headers-hpack-linefeed-huffman	1
result_projection	row-2969:output_chunk_list:http2-headers-hpack-nul-huffman	1
result_projection	row-2970:output_chunk_list:http2-headers-hpack-ff-huffman	1
result_projection	row-2971:output_chunk_list:http2-headers-hpack-bytes-huffman	1
result_projection	row-2972:output_chunk_list:http2-headers-end-stream	1
result_projection	row-2973:output_chunk_list:http2-headers-one-continuation	1
result_projection	row-2974:output_chunk_list:http2-headers-multiple-continuations	1
result_projection	row-2975:output_chunk_list:http2-headers-end-stream-continuation	1
result_projection	row-2976:output_chunk_list:http2-headers-after-goaway-allowed	1
result_projection	row-2977:output_chunk_list:http2-headers-after-local-goaway-allowed	1
result_projection	row-2978:output_chunk_list:http2-push-promise	1
result_projection	row-2979:output_chunk_list:http2-push-promise-enable-push-disabled	1
result_projection	row-2980:output_chunk_list:http2-push-promise-hpack-static-indexed	1
result_projection	row-2981:output_chunk_list:http2-push-promise-hpack-static-indexed-accept-encoding	1
result_projection	row-2982:output_chunk_list:http2-push-promise-hpack-literal-huffman	1
result_projection	row-2983:output_chunk_list:http2-push-promise-hpack-visible-ascii-literal	1
result_projection	row-2984:output_chunk_list:http2-push-promise-hpack-stateful-literal-indexed	1
result_projection	row-2985:output_chunk_list:http2-push-promise-hpack-stateful-dynamic-indexed	1
result_projection	row-2986:output_chunk_list:http2-push-promise-continuation	1
result_projection	row-2987:output_chunk_list:http2-push-promise-after-goaway-allowed	1
result_projection	row-2988:output_chunk_list:http2-push-promise-after-goaway-late	1
result_projection	row-2989:output_chunk_list:http2-push-promise-after-local-goaway-allowed	1
result_projection	row-2990:output_chunk_list:http2-push-promise-after-local-goaway-late	1
result_projection	row-2991:output_chunk_list:http2-goaway	1
result_projection	row-2992:output_chunk_list:http2-goaway-narrow	1
result_projection	row-2993:output_chunk_list:http2-goaway-same	1
result_projection	row-2994:output_chunk_list:http2-goaway-widen	1
result_projection	row-2995:output_chunk_list:http2-data-after-narrow-local-goaway-late	1
result_projection	row-2996:output_chunk_list:http2-headers-after-narrow-local-goaway-late	1
result_projection	row-2997:output_chunk_list:http2-priority-after-narrow-local-goaway-late	1
result_projection	row-2998:output_chunk_list:http2-push-promise-after-narrow-local-goaway-late	1
result_projection	row-2999:output_chunk_list:http2-ping-ack	1
result_projection	row-3000:output_chunk_list:http2-ping-ack-received	1
result_projection	row-3001:output_chunk_list:http2-outbound-ping	1
result_projection	row-3002:output_chunk_list:http2-outbound-ping-short	1
result_projection	row-3003:output_chunk_list:http2-outbound-ping-long	1
result_projection	row-3004:output_chunk_list:http2-settings-header	1
result_projection	row-3005:output_chunk_list:http2-data-header	1
result_projection	row-3006:output_chunk_list:http2-max-stream-header	1
result_projection	row-3007:output_chunk_list:http2-client-push-promise-header-block	1
result_projection	row-3008:output_chunk_list:http2-client-push-promise-regular-header-block	1
result_projection	row-3009:output_chunk_list:http2-client-push-promised-headers	1
result_projection	row-3010:output_chunk_list:http2-client-push-promised-headers-end-stream	1
result_projection	row-3011:output_chunk_list:http2-client-push-promise-continuation-header-block	1
